"PMID","Study_Type","domain","item","axis","state","primary","raw","severity"
"STUDY-0400","Causal","Random error","sample_size","reporting","REP",TRUE,"No",0
"STUDY-0400","Causal","Random error","acc_sampl","validity","NA",TRUE,"",0
"STUDY-0400","Causal","Random error","sample_ach","validity","NA",TRUE,"",0
"STUDY-0400","Causal","Selection bias","base_sel","validity","VAL",TRUE,"No",1
"STUDY-0400","Causal","Selection bias","comp_dis","reporting","REP",TRUE,"No",0
"STUDY-0400","Causal","Measurement bias","val_outcome","validity","VAL",TRUE,"Yes, the authors conducted content/face validity or cited the content/face validity from other studies",0.5
"STUDY-0400","Causal","Measurement bias","out_bias_acc","validity","VAL",TRUE,"No",1
"STUDY-0400","Causal","Measurement bias","diff_or_nondiff_out","validity","VAL",TRUE,"Differential with respect to the exposure",1
"STUDY-0400","Causal","Measurement bias","val_exposure","validity","VAL",TRUE,"Yes, the authors conducted content/face validity or cited the content/face validity from other studies",0.5
"STUDY-0400","Causal","Measurement bias","exp_bias_acc","validity","VAL",TRUE,"No",1
"STUDY-0400","Causal","Measurement bias","diff_or_nondiff_exp","validity","VAL",TRUE,"Differential with respect to the outcome",1
"STUDY-0400","Causal","Measurement bias","dep_or_indep_misc","validity","VAL",TRUE,"Dependent",1
"STUDY-0400","Causal","Confounding bias","base_conf_meth","validity","VAL",TRUE,"No adjustment for baseline confounding was done",1
"STUDY-0400","Causal","Confounding bias","conf_var_det","validity","NA",TRUE,"No adjustment for baseline and time-varying confounding was done",0
"STUDY-0400","Causal","Confounding bias","tv_conf_meth","validity","NA",TRUE,"No || ",0
"STUDY-0400","Causal","Missing data","miss_outcome","reporting","REP",TRUE,"Not reported or unknown",0
"STUDY-0400","Causal","Missing data","miss_exposure","reporting","REP",TRUE,"Not reported or unknown",0
"STUDY-0400","Causal","Mentioning errors","err_disc","reporting","OK",TRUE,"Selection bias;Measurement bias;Confounding bias",0
"STUDY-1007","Descriptive","Random error","sample_size","reporting","REP",TRUE,"No",0
"STUDY-1007","Descriptive","Random error","acc_sampl","validity","NA",TRUE,"",0
"STUDY-1007","Descriptive","Random error","sample_ach","validity","NA",TRUE,"",0
"STUDY-1007","Descriptive","Selection bias","base_sel","validity","VAL",TRUE,"No",1
"STUDY-1007","Descriptive","Measurement bias","val_outcome","validity","VAL",TRUE,"Yes, the authors conducted content/face validity or cited the content/face validity from other studies",0.5
"STUDY-1007","Descriptive","Measurement bias","out_bias_acc","validity","VAL",TRUE,"No",1
"STUDY-1007","Descriptive","Missing data","miss_outcome","reporting","REP",TRUE,"Not reported or unknown",0
"STUDY-1007","Descriptive","Mentioning errors","err_disc","reporting","OK",TRUE,"Random error;Selection bias",0
"STUDY-1007","Descriptive","Conflating task","confl_task","validity","OK",TRUE,"No",0
"STUDY-0995","Causal","Selection bias","base_sel","validity","OK",TRUE,"No baseline selection bias from investigator",0
"STUDY-0995","Causal","Selection bias","comp_dis","reporting","NA",TRUE,"skipped",0
"STUDY-0995","Causal","Selection bias","ltfu_bias","reporting","REP",TRUE,"Not reported or unknown",0
"STUDY-0995","Causal","Measurement bias","val_outcome","validity","NA",TRUE,"This type of objective measurement does not usually require validation (e.g., surgical intervention)",0
"STUDY-0995","Causal","Measurement bias","out_bias_acc","validity","VAL",TRUE,"No",1
"STUDY-0995","Causal","Measurement bias","diff_or_nondiff_out","validity","OK",TRUE,"Non-differential with respect to the exposure",0
"STUDY-0995","Causal","Measurement bias","val_exposure","validity","NA",TRUE,"This type of objective measurement does not usually require validation (e.g., surgical intervention)",0
"STUDY-0995","Causal","Measurement bias","exp_bias_acc","validity","VAL",TRUE,"No",1
"STUDY-0995","Causal","Measurement bias","diff_or_nondiff_exp","validity","OK",TRUE,"Non-differential with respect to the outcome",0
"STUDY-0995","Causal","Measurement bias","dep_or_indep_misc","validity","OK",TRUE,"Independent",0
"STUDY-0995","Causal","Confounding bias","base_conf_meth","validity","OK",TRUE,"Regression",0
"STUDY-0995","Causal","Confounding bias","conf_var_det","validity","VAL",TRUE,"Based on statistical criteria",0.6666667
"STUDY-0995","Causal","Confounding bias","tv_conf_meth","validity","NA",TRUE,"No || ",0
"STUDY-0995","Causal","Missing data","miss_outcome","reporting","REP",TRUE,"Not reported or unknown",0
"STUDY-0995","Causal","Missing data","miss_exposure","reporting","REP",TRUE,"Not reported or unknown",0
"STUDY-0995","Causal","Mentioning errors","err_disc","reporting","OK",TRUE,"Measurement bias",0
"STUDY-0405","Causal","Random error","sample_size","reporting","REP",TRUE,"No",0
"STUDY-0405","Causal","Random error","acc_sampl","validity","NA",TRUE,"",0
"STUDY-0405","Causal","Random error","sample_ach","validity","NA",TRUE,"",0
"STUDY-0405","Causal","Selection bias","base_sel","validity","VAL",TRUE,"No",1
"STUDY-0405","Causal","Selection bias","comp_dis","reporting","REP",TRUE,"No",0
"STUDY-0405","Causal","Measurement bias","val_outcome","validity","VAL",TRUE,"Yes, the authors conducted content/face validity or cited the content/face validity from other studies",0.5
"STUDY-0405","Causal","Measurement bias","out_bias_acc","validity","VAL",TRUE,"No",1
"STUDY-0405","Causal","Measurement bias","diff_or_nondiff_out","validity","OK",TRUE,"Non-differential with respect to the exposure",0
"STUDY-0405","Causal","Measurement bias","val_exposure","validity","VAL",TRUE,"No",1
"STUDY-0405","Causal","Measurement bias","exp_bias_acc","validity","VAL",TRUE,"No",1
"STUDY-0405","Causal","Measurement bias","diff_or_nondiff_exp","validity","OK",TRUE,"Non-differential with respect to the outcome",0
"STUDY-0405","Causal","Measurement bias","dep_or_indep_misc","validity","VAL",TRUE,"Dependent",1
"STUDY-0405","Causal","Confounding bias","base_conf_meth","validity","OK",TRUE,"Matching;Regression",0
"STUDY-0405","Causal","Confounding bias","conf_var_det","validity","VAL",TRUE,"Based on none of the above",0.6666667
"STUDY-0405","Causal","Confounding bias","tv_conf_meth","validity","NA",TRUE,"No || ",0
"STUDY-0405","Causal","Missing data","miss_outcome","reporting","OK",TRUE,"No",0
"STUDY-0405","Causal","Missing data","miss_exposure","reporting","OK",TRUE,"No",0
"STUDY-0405","Causal","Mentioning errors","err_disc","reporting","OK",TRUE,"Selection bias",0
"STUDY-0531","Descriptive","Random error","sample_size","reporting","REP",TRUE,"No",0
"STUDY-0531","Descriptive","Random error","acc_sampl","validity","NA",TRUE,"",0
"STUDY-0531","Descriptive","Random error","sample_ach","validity","NA",TRUE,"",0
"STUDY-0531","Descriptive","Selection bias","base_sel","validity","VAL",TRUE,"No",1
"STUDY-0531","Descriptive","Measurement bias","val_outcome","validity","VAL",TRUE,"No",1
"STUDY-0531","Descriptive","Measurement bias","out_bias_acc","validity","VAL",TRUE,"No",1
"STUDY-0531","Descriptive","Missing data","miss_outcome","reporting","OK",TRUE,"No",0
"STUDY-0531","Descriptive","Mentioning errors","err_disc","reporting","OK",TRUE,"Selection bias",0
"STUDY-0531","Descriptive","Conflating task","confl_task","validity","VAL",TRUE,"Yes",1
"STUDY-0106","Descriptive","Random error","sample_size","reporting","REP",TRUE,"No",0
"STUDY-0106","Descriptive","Random error","acc_sampl","validity","NA",TRUE,"",0
"STUDY-0106","Descriptive","Random error","sample_ach","validity","NA",TRUE,"",0
"STUDY-0106","Descriptive","Selection bias","base_sel","validity","VAL",TRUE,"No",1
"STUDY-0106","Descriptive","Measurement bias","val_outcome","validity","VAL",TRUE,"No",1
"STUDY-0106","Descriptive","Measurement bias","out_bias_acc","validity","VAL",TRUE,"No",1
"STUDY-0106","Descriptive","Missing data","miss_outcome","reporting","OK",TRUE,"No",0
"STUDY-0106","Descriptive","Mentioning errors","err_disc","reporting","OK",TRUE,"Random error;Selection bias",0
"STUDY-0106","Descriptive","Conflating task","confl_task","validity","VAL",TRUE,"Yes",1
"STUDY-0527","Causal","Random error","sample_size","reporting","OK",TRUE,"Yes",0
"STUDY-0527","Causal","Random error","acc_sampl","validity","OK",TRUE,"Yes",0
"STUDY-0527","Causal","Random error","sample_ach","validity","OK",TRUE,"Yes",0
"STUDY-0527","Causal","Selection bias","base_sel","validity","VAL",TRUE,"No",1
"STUDY-0527","Causal","Selection bias","comp_dis","reporting","REP",TRUE,"No",0
"STUDY-0527","Causal","Measurement bias","val_outcome","validity","VAL",TRUE,"Yes, the authors conducted content/face validity or cited the content/face validity from other studies",0.5
"STUDY-0527","Causal","Measurement bias","out_bias_acc","validity","VAL",TRUE,"No",1
"STUDY-0527","Causal","Measurement bias","diff_or_nondiff_out","validity","OK",TRUE,"Non-differential with respect to the exposure",0
"STUDY-0527","Causal","Measurement bias","val_exposure","validity","VAL",TRUE,"Yes, the authors conducted content/face validity or cited the content/face validity from other studies",0.5
"STUDY-0527","Causal","Measurement bias","exp_bias_acc","validity","VAL",TRUE,"No",1
"STUDY-0527","Causal","Measurement bias","diff_or_nondiff_exp","validity","VAL",TRUE,"Differential with respect to the outcome",1
"STUDY-0527","Causal","Measurement bias","dep_or_indep_misc","validity","VAL",TRUE,"Dependent",1
"STUDY-0527","Causal","Confounding bias","base_conf_meth","validity","VAL",TRUE,"No adjustment for baseline confounding was done",1
"STUDY-0527","Causal","Confounding bias","conf_var_det","validity","NA",TRUE,"No adjustment for baseline and time-varying confounding was done",0
"STUDY-0527","Causal","Confounding bias","tv_conf_meth","validity","NA",TRUE,"No || ",0
"STUDY-0527","Causal","Missing data","miss_outcome","reporting","OK",TRUE,"No",0
"STUDY-0527","Causal","Missing data","miss_exposure","reporting","OK",TRUE,"No",0
"STUDY-0527","Causal","Mentioning errors","err_disc","reporting","OK",TRUE,"Selection bias",0
"STUDY-0436","Causal","Random error","sample_size","reporting","REP",TRUE,"No",0
"STUDY-0436","Causal","Random error","acc_sampl","validity","NA",TRUE,"",0
"STUDY-0436","Causal","Random error","sample_ach","validity","NA",TRUE,"",0
"STUDY-0436","Causal","Selection bias","base_sel","validity","VAL",TRUE,"No",1
"STUDY-0436","Causal","Selection bias","comp_dis","reporting","REP",TRUE,"No",0
"STUDY-0436","Causal","Measurement bias","val_outcome","validity","VAL",TRUE,"Yes, the authors conducted content/face validity or cited the content/face validity from other studies",0.5
"STUDY-0436","Causal","Measurement bias","out_bias_acc","validity","VAL",TRUE,"No",1
"STUDY-0436","Causal","Measurement bias","diff_or_nondiff_out","validity","OK",TRUE,"Non-differential with respect to the exposure",0
"STUDY-0436","Causal","Measurement bias","val_exposure","validity","VAL",TRUE,"No",1
"STUDY-0436","Causal","Measurement bias","exp_bias_acc","validity","VAL",TRUE,"No",1
"STUDY-0436","Causal","Measurement bias","diff_or_nondiff_exp","validity","OK",TRUE,"Non-differential with respect to the outcome",0
"STUDY-0436","Causal","Measurement bias","dep_or_indep_misc","validity","VAL",TRUE,"Dependent",1
"STUDY-0436","Causal","Confounding bias","base_conf_meth","validity","OK",TRUE,"Matching",0
"STUDY-0436","Causal","Confounding bias","conf_var_det","validity","VAL",TRUE,"Based on none of the above",0.6666667
"STUDY-0436","Causal","Confounding bias","tv_conf_meth","validity","NA",TRUE,"No || ",0
"STUDY-0436","Causal","Missing data","miss_outcome","reporting","REP",TRUE,"Not reported or unknown",0
"STUDY-0436","Causal","Missing data","miss_exposure","reporting","OK",TRUE,"No",0
"STUDY-0436","Causal","Mentioning errors","err_disc","reporting","REP",TRUE,"None of the above",0
"STUDY-0427","Causal","Random error","sample_size","reporting","REP",TRUE,"No",0
"STUDY-0427","Causal","Random error","acc_sampl","validity","NA",TRUE,"",0
"STUDY-0427","Causal","Random error","sample_ach","validity","NA",TRUE,"",0
"STUDY-0427","Causal","Selection bias","base_sel","validity","VAL",TRUE,"No",1
"STUDY-0427","Causal","Selection bias","comp_dis","reporting","REP",TRUE,"No",0
"STUDY-0427","Causal","Measurement bias","val_outcome","validity","VAL",TRUE,"Yes, the authors conducted content/face validity or cited the content/face validity from other studies",0.5
"STUDY-0427","Causal","Measurement bias","out_bias_acc","validity","VAL",TRUE,"No",1
"STUDY-0427","Causal","Measurement bias","diff_or_nondiff_out","validity","VAL",TRUE,"Differential with respect to the exposure",1
"STUDY-0427","Causal","Measurement bias","val_exposure","validity","NA",TRUE,"This type of objective measurement does not usually require validation (e.g., surgical intervention)",0
"STUDY-0427","Causal","Measurement bias","exp_bias_acc","validity","VAL",TRUE,"No",1
"STUDY-0427","Causal","Measurement bias","diff_or_nondiff_exp","validity","VAL",TRUE,"Differential with respect to the outcome",1
"STUDY-0427","Causal","Measurement bias","dep_or_indep_misc","validity","OK",TRUE,"Independent",0
"STUDY-0427","Causal","Confounding bias","base_conf_meth","validity","VAL",TRUE,"No adjustment for baseline confounding was done",1
"STUDY-0427","Causal","Confounding bias","conf_var_det","validity","NA",TRUE,"No adjustment for baseline and time-varying confounding was done",0
"STUDY-0427","Causal","Confounding bias","tv_conf_meth","validity","NA",TRUE,"No || ",0
"STUDY-0427","Causal","Missing data","miss_outcome","reporting","REP",TRUE,"Not reported or unknown",0
"STUDY-0427","Causal","Missing data","miss_exposure","reporting","REP",TRUE,"Not reported or unknown",0
"STUDY-0427","Causal","Mentioning errors","err_disc","reporting","OK",TRUE,"Random error;Measurement bias",0
"STUDY-0172","Causal","Random error","sample_size","reporting","OK",TRUE,"Yes",0
"STUDY-0172","Causal","Random error","acc_sampl","validity","VAL",TRUE,"No",1
"STUDY-0172","Causal","Random error","sample_ach","validity","OK",TRUE,"Yes",0
"STUDY-0172","Causal","Selection bias","base_sel","validity","VAL",TRUE,"No",1
"STUDY-0172","Causal","Selection bias","comp_dis","reporting","REP",TRUE,"No",0
"STUDY-0172","Causal","Measurement bias","val_outcome","validity","VAL",TRUE,"No",1
"STUDY-0172","Causal","Measurement bias","out_bias_acc","validity","VAL",TRUE,"No",1
"STUDY-0172","Causal","Measurement bias","diff_or_nondiff_out","validity","VAL",TRUE,"Differential with respect to the exposure",1
"STUDY-0172","Causal","Measurement bias","val_exposure","validity","VAL",TRUE,"Yes, the authors conducted content/face validity or cited the content/face validity from other studies",0.5
"STUDY-0172","Causal","Measurement bias","exp_bias_acc","validity","VAL",TRUE,"No",1
"STUDY-0172","Causal","Measurement bias","diff_or_nondiff_exp","validity","VAL",TRUE,"Differential with respect to the outcome",1
"STUDY-0172","Causal","Measurement bias","dep_or_indep_misc","validity","OK",TRUE,"Independent",0
"STUDY-0172","Causal","Confounding bias","base_conf_meth","validity","OK",TRUE,"Regression",0
"STUDY-0172","Causal","Confounding bias","conf_var_det","validity","VAL",TRUE,"Based on previous literature",0.3333333
"STUDY-0172","Causal","Confounding bias","tv_conf_meth","validity","NA",TRUE,"No || ",0
"STUDY-0172","Causal","Missing data","miss_outcome","reporting","REP",TRUE,"Not reported or unknown",0
"STUDY-0172","Causal","Missing data","miss_exposure","reporting","REP",TRUE,"Not reported or unknown",0
"STUDY-0172","Causal","Mentioning errors","err_disc","reporting","OK",TRUE,"Selection bias;Measurement bias",0
"STUDY-0177","Descriptive","Random error","sample_size","reporting","OK",TRUE,"Yes",0
"STUDY-0177","Descriptive","Random error","acc_sampl","validity","VAL",TRUE,"No",1
"STUDY-0177","Descriptive","Random error","sample_ach","validity","VAL",TRUE,"No",1
"STUDY-0177","Descriptive","Selection bias","base_sel","validity","VAL",TRUE,"No",1
"STUDY-0177","Descriptive","Measurement bias","val_outcome","validity","VAL",TRUE,"Yes, the authors conducted content/face validity or cited the content/face validity from other studies",0.5
"STUDY-0177","Descriptive","Measurement bias","out_bias_acc","validity","VAL",TRUE,"No",1
"STUDY-0177","Descriptive","Missing data","miss_outcome","reporting","OK",TRUE,"No",0
"STUDY-0177","Descriptive","Mentioning errors","err_disc","reporting","OK",TRUE,"Measurement bias",0
"STUDY-0177","Descriptive","Conflating task","confl_task","validity","OK",TRUE,"No",0
"STUDY-0393","Descriptive","Selection bias","base_sel","validity","OK",TRUE,"No baseline selection bias from investigator",0
"STUDY-0393","Descriptive","Measurement bias","val_outcome","validity","VAL",TRUE,"Yes, the authors conducted content/face validity or cited the content/face validity from other studies",0.5
"STUDY-0393","Descriptive","Measurement bias","out_bias_acc","validity","VAL",TRUE,"No",1
"STUDY-0393","Descriptive","Missing data","miss_outcome","reporting","OK",TRUE,"Yes",0
"STUDY-0393","Descriptive","Missing data","hand_miss_outcom","validity","VAL",TRUE,"No",1
"STUDY-0393","Descriptive","Mentioning errors","err_disc","reporting","OK",TRUE,"Measurement bias;Missing data",0
"STUDY-0393","Descriptive","Conflating task","confl_task","validity","OK",TRUE,"No",0
"STUDY-0774","Causal","Random error","sample_size","reporting","OK",TRUE,"Yes",0
"STUDY-0774","Causal","Random error","acc_sampl","validity","OK",TRUE,"Yes",0
"STUDY-0774","Causal","Random error","sample_ach","validity","OK",TRUE,"Yes",0
"STUDY-0774","Causal","Selection bias","base_sel","validity","VAL",TRUE,"No",1
"STUDY-0774","Causal","Selection bias","comp_dis","reporting","REP",TRUE,"No",0
"STUDY-0774","Causal","Selection bias","ltfu_bias","reporting","OK",TRUE,"No",0
"STUDY-0774","Causal","Measurement bias","val_outcome","validity","VAL",TRUE,"Yes, the authors conducted content/face validity or cited the content/face validity from other studies",0.5
"STUDY-0774","Causal","Measurement bias","out_bias_acc","validity","VAL",TRUE,"No",1
"STUDY-0774","Causal","Measurement bias","diff_or_nondiff_out","validity","OK",TRUE,"Non-differential with respect to the exposure",0
"STUDY-0774","Causal","Measurement bias","val_exposure","validity","VAL",TRUE,"Yes, the authors conducted content/face validity or cited the content/face validity from other studies",0.5
"STUDY-0774","Causal","Measurement bias","exp_bias_acc","validity","VAL",TRUE,"No",1
"STUDY-0774","Causal","Measurement bias","diff_or_nondiff_exp","validity","OK",TRUE,"Non-differential with respect to the outcome",0
"STUDY-0774","Causal","Measurement bias","dep_or_indep_misc","validity","OK",TRUE,"Independent",0
"STUDY-0774","Causal","Confounding bias","base_conf_meth","validity","OK",TRUE,"Randomization",0
"STUDY-0774","Causal","Confounding bias","conf_var_det","validity","NA",TRUE,"",0
"STUDY-0774","Causal","Confounding bias","tv_conf_meth","validity","NA",TRUE,"No || ",0
"STUDY-0774","Causal","Missing data","miss_outcome","reporting","REP",TRUE,"Not reported or unknown",0
"STUDY-0774","Causal","Missing data","miss_exposure","reporting","OK",TRUE,"No",0
"STUDY-0774","Causal","Mentioning errors","err_disc","reporting","REP",TRUE,"None of the above",0
"STUDY-0880","Causal","Selection bias","base_sel","validity","OK",TRUE,"No baseline selection bias from investigator",0
"STUDY-0880","Causal","Selection bias","comp_dis","reporting","NA",TRUE,"",0
"STUDY-0880","Causal","Selection bias","ltfu_bias","reporting","REP",TRUE,"Not reported or unknown",0
"STUDY-0880","Causal","Measurement bias","val_outcome","validity","NA",TRUE,"This type of objective measurement does not usually require validation (e.g., surgical intervention)",0
"STUDY-0880","Causal","Measurement bias","out_bias_acc","validity","VAL",TRUE,"No",1
"STUDY-0880","Causal","Measurement bias","diff_or_nondiff_out","validity","OK",TRUE,"Non-differential with respect to the exposure",0
"STUDY-0880","Causal","Measurement bias","val_exposure","validity","NA",TRUE,"This type of objective measurement does not usually require validation (e.g., surgical intervention)",0
"STUDY-0880","Causal","Measurement bias","exp_bias_acc","validity","VAL",TRUE,"No",1
"STUDY-0880","Causal","Measurement bias","diff_or_nondiff_exp","validity","OK",TRUE,"Non-differential with respect to the outcome",0
"STUDY-0880","Causal","Measurement bias","dep_or_indep_misc","validity","OK",TRUE,"Independent",0
"STUDY-0880","Causal","Confounding bias","base_conf_meth","validity","OK",TRUE,"Regression",0
"STUDY-0880","Causal","Confounding bias","conf_var_det","validity","VAL",TRUE,"Based on previous literature",0.3333333
"STUDY-0880","Causal","Confounding bias","tv_conf_meth","validity","NA",TRUE,"No || ",0
"STUDY-0880","Causal","Missing data","miss_outcome","reporting","REP",TRUE,"Not reported or unknown",0
"STUDY-0880","Causal","Missing data","miss_exposure","reporting","REP",TRUE,"Not reported or unknown",0
"STUDY-0880","Causal","Mentioning errors","err_disc","reporting","OK",TRUE,"Random error, Selection bias;Confounding bias",0
"STUDY-0914","Descriptive","Selection bias","base_sel","validity","OK",TRUE,"No baseline selection bias from investigator",0
"STUDY-0914","Descriptive","Measurement bias","val_outcome","validity","NA",TRUE,"This type of objective measurement does not usually require validation (e.g., surgical intervention)",0
"STUDY-0914","Descriptive","Measurement bias","out_bias_acc","validity","VAL",TRUE,"No",1
"STUDY-0914","Descriptive","Missing data","miss_outcome","reporting","OK",TRUE,"No",0
"STUDY-0914","Descriptive","Mentioning errors","err_disc","reporting","OK",TRUE,"Measurement bias",0
"STUDY-0914","Descriptive","Conflating task","confl_task","validity","VAL",TRUE,"Yes",1
"STUDY-0104","Causal","Random error","sample_size","reporting","OK",TRUE,"Yes",0
"STUDY-0104","Causal","Random error","acc_sampl","validity","VAL",TRUE,"No",1
"STUDY-0104","Causal","Random error","sample_ach","validity","OK",TRUE,"Yes",0
"STUDY-0104","Causal","Selection bias","base_sel","validity","OK",TRUE,"No baseline selection bias from investigator",0
"STUDY-0104","Causal","Selection bias","comp_dis","reporting","NA",TRUE,"",0
"STUDY-0104","Causal","Selection bias","ltfu_bias","reporting","OK",TRUE,"No",0
"STUDY-0104","Causal","Measurement bias","val_outcome","validity","VAL",TRUE,"No",1
"STUDY-0104","Causal","Measurement bias","out_bias_acc","validity","VAL",TRUE,"No",1
"STUDY-0104","Causal","Measurement bias","diff_or_nondiff_out","validity","OK",TRUE,"Non-differential with respect to the exposure",0
"STUDY-0104","Causal","Measurement bias","val_exposure","validity","VAL",TRUE,"No",1
"STUDY-0104","Causal","Measurement bias","exp_bias_acc","validity","VAL",TRUE,"No",1
"STUDY-0104","Causal","Measurement bias","diff_or_nondiff_exp","validity","OK",TRUE,"Non-differential with respect to the outcome",0
"STUDY-0104","Causal","Measurement bias","dep_or_indep_misc","validity","OK",TRUE,"Independent",0
"STUDY-0104","Causal","Confounding bias","base_conf_meth","validity","OK",TRUE,"Randomization;Stratification",0
"STUDY-0104","Causal","Confounding bias","conf_var_det","validity","VAL",TRUE,"Based on none of the above",0.6666667
"STUDY-0104","Causal","Confounding bias","tv_conf_meth","validity","NA",TRUE,"No || ",0
"STUDY-0104","Causal","Missing data","miss_outcome","reporting","OK",TRUE,"No",0
"STUDY-0104","Causal","Missing data","miss_exposure","reporting","OK",TRUE,"No",0
"STUDY-0104","Causal","Mentioning errors","err_disc","reporting","OK",TRUE,"Random error",0
"STUDY-0537","Descriptive","Selection bias","base_sel","validity","OK",TRUE,"No baseline selection bias from investigator",0
"STUDY-0537","Descriptive","Measurement bias","val_outcome","validity","NA",TRUE,"This type of objective measurement does not usually require validation (e.g., surgical intervention)",0
"STUDY-0537","Descriptive","Measurement bias","out_bias_acc","validity","VAL",TRUE,"No",1
"STUDY-0537","Descriptive","Missing data","miss_outcome","reporting","OK",TRUE,"No",0
"STUDY-0537","Descriptive","Mentioning errors","err_disc","reporting","OK",TRUE,"Random error",0
"STUDY-0537","Descriptive","Conflating task","confl_task","validity","OK",TRUE,"No",0
"STUDY-0658","Causal","Random error","sample_size","reporting","REP",TRUE,"No",0
"STUDY-0658","Causal","Random error","acc_sampl","validity","NA",TRUE,"",0
"STUDY-0658","Causal","Random error","sample_ach","validity","NA",TRUE,"",0
"STUDY-0658","Causal","Selection bias","base_sel","validity","VAL",TRUE,"No",1
"STUDY-0658","Causal","Selection bias","comp_dis","reporting","REP",TRUE,"No",0
"STUDY-0658","Causal","Selection bias","ltfu_bias","reporting","REP",TRUE,"Not reported or unknown",0
"STUDY-0658","Causal","Measurement bias","val_outcome","validity","OK",TRUE,"Yes, the authors conducted criterion validity or cited the criterion validity from other studies",0
"STUDY-0658","Causal","Measurement bias","out_bias_acc","validity","VAL",TRUE,"No",1
"STUDY-0658","Causal","Measurement bias","diff_or_nondiff_out","validity","OK",TRUE,"Non-differential with respect to the exposure",0
"STUDY-0658","Causal","Measurement bias","val_exposure","validity","OK",TRUE,"Yes, the authors conducted criterion validity or cited the criterion validity from other studies",0
"STUDY-0658","Causal","Measurement bias","exp_bias_acc","validity","VAL",TRUE,"No",1
"STUDY-0658","Causal","Measurement bias","diff_or_nondiff_exp","validity","OK",TRUE,"Non-differential with respect to the outcome",0
"STUDY-0658","Causal","Measurement bias","dep_or_indep_misc","validity","VAL",TRUE,"Dependent",1
"STUDY-0658","Causal","Confounding bias","base_conf_meth","validity","OK",TRUE,"Regression",0
"STUDY-0658","Causal","Confounding bias","conf_var_det","validity","VAL",TRUE,"Based on none of the above",0.6666667
"STUDY-0658","Causal","Confounding bias","tv_conf_meth","validity","NA",TRUE,"No || ",0
"STUDY-0658","Causal","Missing data","miss_outcome","reporting","OK",TRUE,"Yes",0
"STUDY-0658","Causal","Missing data","hand_miss_outcom","validity","VAL",TRUE,"No",1
"STUDY-0658","Causal","Missing data","miss_exposure","reporting","OK",TRUE,"Yes",0
"STUDY-0658","Causal","Missing data","hand_miss_exposure","validity","VAL",TRUE,"No",1
"STUDY-0658","Causal","Mentioning errors","err_disc","reporting","OK",TRUE,"Confounding bias",0
"STUDY-0737","Descriptive","Selection bias","base_sel","validity","OK",TRUE,"No baseline selection bias from investigator",0
"STUDY-0737","Descriptive","Measurement bias","val_outcome","validity","NA",TRUE,"This type of objective measurement does not usually require validation (e.g., surgical intervention)",0
"STUDY-0737","Descriptive","Measurement bias","out_bias_acc","validity","VAL",TRUE,"No",1
"STUDY-0737","Descriptive","Missing data","miss_outcome","reporting","OK",TRUE,"No",0
"STUDY-0737","Descriptive","Mentioning errors","err_disc","reporting","OK",TRUE,"Selection bias;Missing data",0
"STUDY-0737","Descriptive","Conflating task","confl_task","validity","VAL",TRUE,"Yes",1
"STUDY-0220","Causal","Random error","sample_size","reporting","REP",TRUE,"No",0
"STUDY-0220","Causal","Random error","acc_sampl","validity","NA",TRUE,"",0
"STUDY-0220","Causal","Random error","sample_ach","validity","NA",TRUE,"",0
"STUDY-0220","Causal","Selection bias","base_sel","validity","VAL",TRUE,"No",1
"STUDY-0220","Causal","Selection bias","comp_dis","reporting","REP",TRUE,"No",0
"STUDY-0220","Causal","Selection bias","ltfu_bias","reporting","REP",TRUE,"Not reported or unknown",0
"STUDY-0220","Causal","Measurement bias","val_outcome","validity","OK",TRUE,"Yes, the authors conducted criterion validity or cited the criterion validity from other studies",0
"STUDY-0220","Causal","Measurement bias","out_bias_acc","validity","VAL",TRUE,"No",1
"STUDY-0220","Causal","Measurement bias","diff_or_nondiff_out","validity","VAL",TRUE,"Differential with respect to the exposure",1
"STUDY-0220","Causal","Measurement bias","val_exposure","validity","NA",TRUE,"This type of objective measurement does not usually require validation (e.g., surgical intervention)",0
"STUDY-0220","Causal","Measurement bias","exp_bias_acc","validity","VAL",TRUE,"No",1
"STUDY-0220","Causal","Measurement bias","diff_or_nondiff_exp","validity","OK",TRUE,"Non-differential with respect to the outcome",0
"STUDY-0220","Causal","Measurement bias","dep_or_indep_misc","validity","OK",TRUE,"Independent",0
"STUDY-0220","Causal","Confounding bias","base_conf_meth","validity","OK",TRUE,"Randomization",0
"STUDY-0220","Causal","Confounding bias","conf_var_det","validity","NA",TRUE,"No adjustment for baseline and time-varying confounding was done",0
"STUDY-0220","Causal","Confounding bias","tv_conf_meth","validity","NA",TRUE,"No || ",0
"STUDY-0220","Causal","Missing data","miss_outcome","reporting","REP",TRUE,"Not reported or unknown",0
"STUDY-0220","Causal","Missing data","miss_exposure","reporting","OK",TRUE,"No",0
"STUDY-0220","Causal","Mentioning errors","err_disc","reporting","OK",TRUE,"Measurement bias",0
"STUDY-0994","Causal","Random error","sample_size","reporting","REP",TRUE,"No",0
"STUDY-0994","Causal","Random error","acc_sampl","validity","NA",TRUE,"",0
"STUDY-0994","Causal","Random error","sample_ach","validity","NA",TRUE,"",0
"STUDY-0994","Causal","Selection bias","base_sel","validity","OK",TRUE,"Yes",0
"STUDY-0994","Causal","Selection bias","comp_dis","reporting","REP",TRUE,"No",0
"STUDY-0994","Causal","Measurement bias","val_outcome","validity","OK",TRUE,"Yes, the authors conducted criterion validity or cited the criterion validity from other studies",0
"STUDY-0994","Causal","Measurement bias","out_bias_acc","validity","VAL",TRUE,"No",1
"STUDY-0994","Causal","Measurement bias","diff_or_nondiff_out","validity","OK",TRUE,"Non-differential with respect to the exposure",0
"STUDY-0994","Causal","Measurement bias","val_exposure","validity","VAL",TRUE,"Yes, the authors conducted content/face validity or cited the content/face validity from other studies",0.5
"STUDY-0994","Causal","Measurement bias","exp_bias_acc","validity","VAL",TRUE,"No",1
"STUDY-0994","Causal","Measurement bias","diff_or_nondiff_exp","validity","OK",TRUE,"Non-differential with respect to the outcome",0
"STUDY-0994","Causal","Measurement bias","dep_or_indep_misc","validity","OK",TRUE,"Independent",0
"STUDY-0994","Causal","Confounding bias","base_conf_meth","validity","OK",TRUE,"Stratification;Matching;Regression;Inverse probability of treatment weighting",0
"STUDY-0994","Causal","Confounding bias","conf_var_det","validity","VAL",TRUE,"Based on none of the above",0.6666667
"STUDY-0994","Causal","Confounding bias","tv_conf_meth","validity","NA",TRUE,"No || ",0
"STUDY-0994","Causal","Missing data","miss_outcome","reporting","OK",TRUE,"No",0
"STUDY-0994","Causal","Missing data","miss_exposure","reporting","OK",TRUE,"No",0
"STUDY-0994","Causal","Mentioning errors","err_disc","reporting","OK",TRUE,"Measurement bias;Confounding bias",0
"STUDY-0499","Causal","Random error","sample_size","reporting","OK",TRUE,"Yes",0
"STUDY-0499","Causal","Random error","acc_sampl","validity","OK",TRUE,"Yes",0
"STUDY-0499","Causal","Random error","sample_ach","validity","OK",TRUE,"Yes",0
"STUDY-0499","Causal","Selection bias","base_sel","validity","VAL",TRUE,"No",1
"STUDY-0499","Causal","Selection bias","comp_dis","reporting","REP",TRUE,"No",0
"STUDY-0499","Causal","Selection bias","ltfu_bias","reporting","OK",TRUE,"Yes",0
"STUDY-0499","Causal","Selection bias","ltfu_acc","validity","VAL",TRUE,"No",1
"STUDY-0499","Causal","Measurement bias","val_outcome","validity","VAL",TRUE,"Yes, the authors conducted content/face validity or cited the content/face validity from other studies",0.5
"STUDY-0499","Causal","Measurement bias","out_bias_acc","validity","VAL",TRUE,"No",1
"STUDY-0499","Causal","Measurement bias","diff_or_nondiff_out","validity","OK",TRUE,"Non-differential with respect to the exposure",0
"STUDY-0499","Causal","Measurement bias","val_exposure","validity","NA",TRUE,"This type of objective measurement does not usually require validation (e.g., surgical intervention)",0
"STUDY-0499","Causal","Measurement bias","exp_bias_acc","validity","VAL",TRUE,"No",1
"STUDY-0499","Causal","Measurement bias","diff_or_nondiff_exp","validity","OK",TRUE,"Non-differential with respect to the outcome",0
"STUDY-0499","Causal","Measurement bias","dep_or_indep_misc","validity","OK",TRUE,"Independent",0
"STUDY-0499","Causal","Confounding bias","base_conf_meth","validity","VAL",TRUE,"No adjustment for baseline confounding was done",1
"STUDY-0499","Causal","Confounding bias","conf_var_det","validity","NA",TRUE,"No adjustment for baseline and time-varying confounding was done",0
"STUDY-0499","Causal","Confounding bias","tv_conf_meth","validity","NA",TRUE,"No || ",0
"STUDY-0499","Causal","Missing data","miss_outcome","reporting","OK",TRUE,"Yes",0
"STUDY-0499","Causal","Missing data","hand_miss_outcom","validity","VAL",TRUE,"No",1
"STUDY-0499","Causal","Missing data","miss_exposure","reporting","OK",TRUE,"No",0
"STUDY-0499","Causal","Mentioning errors","err_disc","reporting","OK",TRUE,"Measurement bias",0
"STUDY-0350","Descriptive","Random error","sample_size","reporting","OK",TRUE,"Yes",0
"STUDY-0350","Descriptive","Random error","acc_sampl","validity","VAL",TRUE,"No",1
"STUDY-0350","Descriptive","Random error","sample_ach","validity","OK",TRUE,"Yes",0
"STUDY-0350","Descriptive","Selection bias","base_sel","validity","VAL",TRUE,"No",1
"STUDY-0350","Descriptive","Measurement bias","val_outcome","validity","VAL",TRUE,"Yes, the authors conducted content/face validity or cited the content/face validity from other studies",0.5
"STUDY-0350","Descriptive","Measurement bias","out_bias_acc","validity","VAL",TRUE,"No",1
"STUDY-0350","Descriptive","Missing data","miss_outcome","reporting","REP",TRUE,"Not reported or unknown",0
"STUDY-0350","Descriptive","Mentioning errors","err_disc","reporting","OK",TRUE,"Selection bias;Measurement bias",0
"STUDY-0350","Descriptive","Conflating task","confl_task","validity","VAL",TRUE,"Yes",1
"STUDY-0354","Descriptive","Random error","sample_size","reporting","OK",TRUE,"Yes",0
"STUDY-0354","Descriptive","Random error","acc_sampl","validity","VAL",TRUE,"No",1
"STUDY-0354","Descriptive","Random error","sample_ach","validity","VAL",TRUE,"No",1
"STUDY-0354","Descriptive","Selection bias","base_sel","validity","VAL",TRUE,"No",1
"STUDY-0354","Descriptive","Measurement bias","val_outcome","validity","VAL",TRUE,"Yes, the authors conducted content/face validity or cited the content/face validity from other studies",0.5
"STUDY-0354","Descriptive","Measurement bias","out_bias_acc","validity","VAL",TRUE,"No",1
"STUDY-0354","Descriptive","Missing data","miss_outcome","reporting","OK",TRUE,"No",0
"STUDY-0354","Descriptive","Mentioning errors","err_disc","reporting","REP",TRUE,"None of the above",0
"STUDY-0354","Descriptive","Conflating task","confl_task","validity","OK",TRUE,"No",0
"STUDY-0839","Causal","Selection bias","base_sel","validity","OK",TRUE,"No baseline selection bias from investigator",0
"STUDY-0839","Causal","Selection bias","comp_dis","reporting","NA",TRUE,"",0
"STUDY-0839","Causal","Selection bias","ltfu_bias","reporting","REP",TRUE,"Not reported or unknown",0
"STUDY-0839","Causal","Measurement bias","val_outcome","validity","NA",TRUE,"This type of objective measurement does not usually require validation (e.g., surgical intervention)",0
"STUDY-0839","Causal","Measurement bias","out_bias_acc","validity","VAL",TRUE,"No",1
"STUDY-0839","Causal","Measurement bias","diff_or_nondiff_out","validity","VAL",TRUE,"Differential with respect to the exposure",1
"STUDY-0839","Causal","Measurement bias","val_exposure","validity","NA",TRUE,"This type of objective measurement does not usually require validation (e.g., surgical intervention)",0
"STUDY-0839","Causal","Measurement bias","exp_bias_acc","validity","VAL",TRUE,"No",1
"STUDY-0839","Causal","Measurement bias","diff_or_nondiff_exp","validity","OK",TRUE,"Non-differential with respect to the outcome",0
"STUDY-0839","Causal","Measurement bias","dep_or_indep_misc","validity","OK",TRUE,"Independent",0
"STUDY-0839","Causal","Confounding bias","base_conf_meth","validity","VAL",TRUE,"No adjustment for baseline confounding was done",1
"STUDY-0839","Causal","Confounding bias","conf_var_det","validity","NA",TRUE,"No adjustment for baseline and time-varying confounding was done",0
"STUDY-0839","Causal","Confounding bias","tv_conf_meth","validity","NA",TRUE,"No || ",0
"STUDY-0839","Causal","Missing data","miss_outcome","reporting","REP",TRUE,"Not reported or unknown",0
"STUDY-0839","Causal","Missing data","miss_exposure","reporting","OK",TRUE,"No",0
"STUDY-0839","Causal","Mentioning errors","err_disc","reporting","OK",TRUE,"Selection bias;Measurement bias",0
"STUDY-0750","Causal","Random error","sample_size","reporting","REP",TRUE,"No",0
"STUDY-0750","Causal","Random error","acc_sampl","validity","NA",TRUE,"",0
"STUDY-0750","Causal","Random error","sample_ach","validity","NA",TRUE,"",0
"STUDY-0750","Causal","Selection bias","base_sel","validity","VAL",TRUE,"No",1
"STUDY-0750","Causal","Selection bias","comp_dis","reporting","REP",TRUE,"No",0
"STUDY-0750","Causal","Selection bias","ltfu_bias","reporting","OK",TRUE,"No",0
"STUDY-0750","Causal","Measurement bias","val_outcome","validity","VAL",TRUE,"No",1
"STUDY-0750","Causal","Measurement bias","out_bias_acc","validity","VAL",TRUE,"No",1
"STUDY-0750","Causal","Measurement bias","diff_or_nondiff_out","validity","OK",TRUE,"Non-differential with respect to the exposure",0
"STUDY-0750","Causal","Measurement bias","val_exposure","validity","NA",TRUE,"This type of objective measurement does not usually require validation (e.g., surgical intervention)",0
"STUDY-0750","Causal","Measurement bias","exp_bias_acc","validity","VAL",TRUE,"No",1
"STUDY-0750","Causal","Measurement bias","diff_or_nondiff_exp","validity","OK",TRUE,"Non-differential with respect to the outcome",0
"STUDY-0750","Causal","Measurement bias","dep_or_indep_misc","validity","OK",TRUE,"Independent",0
"STUDY-0750","Causal","Confounding bias","base_conf_meth","validity","VAL",TRUE,"No adjustment for baseline confounding was done",1
"STUDY-0750","Causal","Confounding bias","conf_var_det","validity","NA",TRUE,"No adjustment for baseline and time-varying confounding was done",0
"STUDY-0750","Causal","Confounding bias","tv_conf_meth","validity","NA",TRUE,"No || ",0
"STUDY-0750","Causal","Missing data","miss_outcome","reporting","REP",TRUE,"Not reported or unknown",0
"STUDY-0750","Causal","Missing data","miss_exposure","reporting","OK",TRUE,"No",0
"STUDY-0750","Causal","Mentioning errors","err_disc","reporting","REP",TRUE,"None of the above",0
"STUDY-0259","Causal","Random error","sample_size","reporting","REP",TRUE,"No",0
"STUDY-0259","Causal","Random error","acc_sampl","validity","NA",TRUE,"",0
"STUDY-0259","Causal","Random error","sample_ach","validity","NA",TRUE,"",0
"STUDY-0259","Causal","Selection bias","base_sel","validity","VAL",TRUE,"No",1
"STUDY-0259","Causal","Selection bias","comp_dis","reporting","REP",TRUE,"No",0
"STUDY-0259","Causal","Selection bias","ltfu_bias","reporting","REP",TRUE,"Not reported or unknown",0
"STUDY-0259","Causal","Measurement bias","val_outcome","validity","VAL",TRUE,"Yes, the authors conducted content/face validity or cited the content/face validity from other studies",0.5
"STUDY-0259","Causal","Measurement bias","out_bias_acc","validity","VAL",TRUE,"No",1
"STUDY-0259","Causal","Measurement bias","diff_or_nondiff_out","validity","OK",TRUE,"Non-differential with respect to the exposure",0
"STUDY-0259","Causal","Measurement bias","val_exposure","validity","OK",TRUE,"Yes, the authors conducted criterion validity or cited the criterion validity from other studies",0
"STUDY-0259","Causal","Measurement bias","exp_bias_acc","validity","VAL",TRUE,"No",1
"STUDY-0259","Causal","Measurement bias","diff_or_nondiff_exp","validity","OK",TRUE,"Non-differential with respect to the outcome",0
"STUDY-0259","Causal","Measurement bias","dep_or_indep_misc","validity","OK",TRUE,"Independent",0
"STUDY-0259","Causal","Confounding bias","base_conf_meth","validity","VAL",TRUE,"No adjustment for baseline confounding was done",1
"STUDY-0259","Causal","Confounding bias","conf_var_det","validity","NA",TRUE,"No adjustment for baseline and time-varying confounding was done",0
"STUDY-0259","Causal","Confounding bias","tv_conf_meth","validity","NA",TRUE,"No || ",0
"STUDY-0259","Causal","Missing data","miss_outcome","reporting","REP",TRUE,"Not reported or unknown",0
"STUDY-0259","Causal","Missing data","miss_exposure","reporting","REP",TRUE,"Not reported or unknown",0
"STUDY-0259","Causal","Mentioning errors","err_disc","reporting","OK",TRUE,"Measurement bias",0
"STUDY-0431","Causal","Random error","sample_size","reporting","REP",TRUE,"No",0
"STUDY-0431","Causal","Random error","acc_sampl","validity","NA",TRUE,"",0
"STUDY-0431","Causal","Random error","sample_ach","validity","NA",TRUE,"",0
"STUDY-0431","Causal","Selection bias","base_sel","validity","OK",TRUE,"No baseline selection bias from investigator",0
"STUDY-0431","Causal","Selection bias","comp_dis","reporting","NA",TRUE,"",0
"STUDY-0431","Causal","Selection bias","ltfu_bias","reporting","OK",TRUE,"Yes",0
"STUDY-0431","Causal","Selection bias","ltfu_acc","validity","VAL",TRUE,"No",1
"STUDY-0431","Causal","Measurement bias","val_outcome","validity","NA",TRUE,"This type of objective measurement does not usually require validation (e.g., surgical intervention)",0
"STUDY-0431","Causal","Measurement bias","out_bias_acc","validity","VAL",TRUE,"No",1
"STUDY-0431","Causal","Measurement bias","diff_or_nondiff_out","validity","VAL",TRUE,"Differential with respect to the exposure",1
"STUDY-0431","Causal","Measurement bias","val_exposure","validity","NA",TRUE,"This type of objective measurement does not usually require validation (e.g., surgical intervention)",0
"STUDY-0431","Causal","Measurement bias","exp_bias_acc","validity","VAL",TRUE,"No",1
"STUDY-0431","Causal","Measurement bias","diff_or_nondiff_exp","validity","OK",TRUE,"Non-differential with respect to the outcome",0
"STUDY-0431","Causal","Measurement bias","dep_or_indep_misc","validity","OK",TRUE,"Independent",0
"STUDY-0431","Causal","Confounding bias","base_conf_meth","validity","OK",TRUE,"Randomization",0
"STUDY-0431","Causal","Confounding bias","conf_var_det","validity","NA",TRUE,"No adjustment for baseline and time-varying confounding was done",0
"STUDY-0431","Causal","Confounding bias","tv_conf_meth","validity","NA",TRUE,"No || ",0
"STUDY-0431","Causal","Missing data","miss_outcome","reporting","REP",TRUE,"Not reported or unknown",0
"STUDY-0431","Causal","Missing data","miss_exposure","reporting","OK",TRUE,"No",0
"STUDY-0431","Causal","Mentioning errors","err_disc","reporting","REP",TRUE,"None of the above",0
"STUDY-0821","Descriptive","Selection bias","base_sel","validity","VAL",TRUE,"No",1
"STUDY-0821","Descriptive","Measurement bias","val_outcome","validity","OK",TRUE,"Yes, the authors conducted criterion validity or cited the criterion validity from other studies",0
"STUDY-0821","Descriptive","Measurement bias","out_bias_acc","validity","VAL",TRUE,"No",1
"STUDY-0821","Descriptive","Missing data","miss_outcome","reporting","REP",TRUE,"Not reported or unknown",0
"STUDY-0821","Descriptive","Mentioning errors","err_disc","reporting","OK",TRUE,"Selection bias;Measurement bias;Missing data",0
"STUDY-0821","Descriptive","Conflating task","confl_task","validity","VAL",TRUE,"Yes",1
"STUDY-1022","Causal","Random error","sample_size","reporting","REP",TRUE,"No",0
"STUDY-1022","Causal","Random error","acc_sampl","validity","NA",TRUE,"",0
"STUDY-1022","Causal","Random error","sample_ach","validity","NA",TRUE,"",0
"STUDY-1022","Causal","Selection bias","base_sel","validity","OK",TRUE,"Yes",0
"STUDY-1022","Causal","Selection bias","comp_dis","reporting","REP",TRUE,"No",0
"STUDY-1022","Causal","Selection bias","ltfu_bias","reporting","OK",TRUE,"No",0
"STUDY-1022","Causal","Measurement bias","val_outcome","validity","VAL",TRUE,"No",1
"STUDY-1022","Causal","Measurement bias","out_bias_acc","validity","VAL",TRUE,"No",1
"STUDY-1022","Causal","Measurement bias","diff_or_nondiff_out","validity","VAL",TRUE,"Differential with respect to the exposure",1
"STUDY-1022","Causal","Measurement bias","val_exposure","validity","NA",TRUE,"This type of objective measurement does not usually require validation (e.g., surgical intervention)",0
"STUDY-1022","Causal","Measurement bias","exp_bias_acc","validity","VAL",TRUE,"No",1
"STUDY-1022","Causal","Measurement bias","diff_or_nondiff_exp","validity","OK",TRUE,"Non-differential with respect to the outcome",0
"STUDY-1022","Causal","Measurement bias","dep_or_indep_misc","validity","OK",TRUE,"Independent",0
"STUDY-1022","Causal","Confounding bias","base_conf_meth","validity","OK",TRUE,"Randomization",0
"STUDY-1022","Causal","Confounding bias","conf_var_det","validity","NA",TRUE,"No adjustment for baseline and time-varying confounding was done",0
"STUDY-1022","Causal","Confounding bias","tv_conf_meth","validity","NA",TRUE,"No || ",0
"STUDY-1022","Causal","Missing data","miss_outcome","reporting","OK",TRUE,"No",0
"STUDY-1022","Causal","Missing data","miss_exposure","reporting","OK",TRUE,"No",0
"STUDY-1022","Causal","Mentioning errors","err_disc","reporting","OK",TRUE,"Random error",0
"STUDY-0145","Descriptive","Selection bias","base_sel","validity","OK",TRUE,"No baseline selection bias from investigator",0
"STUDY-0145","Descriptive","Measurement bias","val_outcome","validity","VAL",TRUE,"Yes, the authors conducted content/face validity or cited the content/face validity from other studies",0.5
"STUDY-0145","Descriptive","Measurement bias","out_bias_acc","validity","VAL",TRUE,"No",1
"STUDY-0145","Descriptive","Missing data","miss_outcome","reporting","OK",TRUE,"No",0
"STUDY-0145","Descriptive","Mentioning errors","err_disc","reporting","REP",TRUE,"None of the above",0
"STUDY-0145","Descriptive","Conflating task","confl_task","validity","OK",TRUE,"No",0
"STUDY-0385","Causal","Random error","sample_size","reporting","OK",TRUE,"Yes",0
"STUDY-0385","Causal","Random error","acc_sampl","validity","VAL",TRUE,"No",1
"STUDY-0385","Causal","Random error","sample_ach","validity","OK",TRUE,"Yes",0
"STUDY-0385","Causal","Selection bias","base_sel","validity","VAL",TRUE,"No",1
"STUDY-0385","Causal","Selection bias","comp_dis","reporting","REP",TRUE,"No",0
"STUDY-0385","Causal","Selection bias","ltfu_bias","reporting","OK",TRUE,"No",0
"STUDY-0385","Causal","Measurement bias","val_outcome","validity","VAL",TRUE,"No",1
"STUDY-0385","Causal","Measurement bias","out_bias_acc","validity","VAL",TRUE,"No",1
"STUDY-0385","Causal","Measurement bias","diff_or_nondiff_out","validity","OK",TRUE,"Non-differential with respect to the exposure",0
"STUDY-0385","Causal","Measurement bias","val_exposure","validity","NA",TRUE,"This type of objective measurement does not usually require validation (e.g., surgical intervention)",0
"STUDY-0385","Causal","Measurement bias","exp_bias_acc","validity","VAL",TRUE,"No",1
"STUDY-0385","Causal","Measurement bias","diff_or_nondiff_exp","validity","OK",TRUE,"Non-differential with respect to the outcome",0
"STUDY-0385","Causal","Measurement bias","dep_or_indep_misc","validity","OK",TRUE,"Independent",0
"STUDY-0385","Causal","Confounding bias","base_conf_meth","validity","OK",TRUE,"Randomization",0
"STUDY-0385","Causal","Confounding bias","conf_var_det","validity","NA",TRUE,"No adjustment for baseline and time-varying confounding was done",0
"STUDY-0385","Causal","Confounding bias","tv_conf_meth","validity","NA",TRUE,"No || ",0
"STUDY-0385","Causal","Missing data","miss_outcome","reporting","OK",TRUE,"No",0
"STUDY-0385","Causal","Missing data","miss_exposure","reporting","OK",TRUE,"No",0
"STUDY-0385","Causal","Mentioning errors","err_disc","reporting","REP",TRUE,"None of the above",0
"STUDY-0397","Descriptive","Random error","sample_size","reporting","REP",TRUE,"No",0
"STUDY-0397","Descriptive","Random error","acc_sampl","validity","NA",TRUE,"",0
"STUDY-0397","Descriptive","Random error","sample_ach","validity","NA",TRUE,"",0
"STUDY-0397","Descriptive","Selection bias","base_sel","validity","VAL",TRUE,"No",1
"STUDY-0397","Descriptive","Measurement bias","val_outcome","validity","VAL",TRUE,"No",1
"STUDY-0397","Descriptive","Measurement bias","out_bias_acc","validity","VAL",TRUE,"No",1
"STUDY-0397","Descriptive","Missing data","miss_outcome","reporting","OK",TRUE,"Yes",0
"STUDY-0397","Descriptive","Missing data","hand_miss_outcom","validity","VAL",TRUE,"No",1
"STUDY-0397","Descriptive","Mentioning errors","err_disc","reporting","OK",TRUE,"Selection bias;Measurement bias;Missing data",0
"STUDY-0397","Descriptive","Conflating task","confl_task","validity","OK",TRUE,"No",0
"STUDY-0532","Causal","Random error","sample_size","reporting","OK",TRUE,"Yes",0
"STUDY-0532","Causal","Random error","acc_sampl","validity","OK",TRUE,"Yes",0
"STUDY-0532","Causal","Random error","sample_ach","validity","OK",TRUE,"Yes",0
"STUDY-0532","Causal","Selection bias","base_sel","validity","OK",TRUE,"No baseline selection bias from investigator",0
"STUDY-0532","Causal","Selection bias","comp_dis","reporting","NA",TRUE,"",0
"STUDY-0532","Causal","Selection bias","ltfu_bias","reporting","OK",TRUE,"Yes",0
"STUDY-0532","Causal","Selection bias","ltfu_acc","validity","VAL",TRUE,"No",1
"STUDY-0532","Causal","Measurement bias","val_outcome","validity","VAL",TRUE,"No",1
"STUDY-0532","Causal","Measurement bias","out_bias_acc","validity","VAL",TRUE,"No",1
"STUDY-0532","Causal","Measurement bias","diff_or_nondiff_out","validity","OK",TRUE,"Non-differential with respect to the exposure",0
"STUDY-0532","Causal","Measurement bias","val_exposure","validity","NA",TRUE,"This type of objective measurement does not usually require validation (e.g., surgical intervention)",0
"STUDY-0532","Causal","Measurement bias","exp_bias_acc","validity","VAL",TRUE,"No",1
"STUDY-0532","Causal","Measurement bias","diff_or_nondiff_exp","validity","OK",TRUE,"Non-differential with respect to the outcome",0
"STUDY-0532","Causal","Measurement bias","dep_or_indep_misc","validity","OK",TRUE,"Independent",0
"STUDY-0532","Causal","Confounding bias","base_conf_meth","validity","VAL",TRUE,"Randomization",1
"STUDY-0532","Causal","Confounding bias","conf_var_det","validity","NA",TRUE,"No adjustment for baseline and time-varying confounding was done",0
"STUDY-0532","Causal","Confounding bias","tv_conf_meth","validity","NA",TRUE,"No || ",0
"STUDY-0532","Causal","Missing data","miss_outcome","reporting","OK",TRUE,"Yes",0
"STUDY-0532","Causal","Missing data","hand_miss_outcom","validity","VAL",TRUE,"No",1
"STUDY-0532","Causal","Missing data","miss_exposure","reporting","OK",TRUE,"No",0
"STUDY-0532","Causal","Mentioning errors","err_disc","reporting","REP",TRUE,"None of the above",0
"STUDY-0284","Descriptive","Random error","sample_size","reporting","REP",TRUE,"No",0
"STUDY-0284","Descriptive","Random error","acc_sampl","validity","NA",TRUE,"",0
"STUDY-0284","Descriptive","Random error","sample_ach","validity","NA",TRUE,"",0
"STUDY-0284","Descriptive","Selection bias","base_sel","validity","VAL",TRUE,"No",1
"STUDY-0284","Descriptive","Measurement bias","val_outcome","validity","VAL",TRUE,"No",1
"STUDY-0284","Descriptive","Measurement bias","out_bias_acc","validity","VAL",TRUE,"No",1
"STUDY-0284","Descriptive","Missing data","miss_outcome","reporting","OK",TRUE,"No",0
"STUDY-0284","Descriptive","Mentioning errors","err_disc","reporting","OK",TRUE,"Selection bias;Measurement bias",0
"STUDY-0284","Descriptive","Conflating task","confl_task","validity","VAL",TRUE,"Yes",1
"STUDY-0970","Descriptive","Random error","sample_size","reporting","REP",TRUE,"No",0
"STUDY-0970","Descriptive","Random error","acc_sampl","validity","NA",TRUE,"",0
"STUDY-0970","Descriptive","Random error","sample_ach","validity","NA",TRUE,"",0
"STUDY-0970","Descriptive","Selection bias","base_sel","validity","VAL",TRUE,"No",1
"STUDY-0970","Descriptive","Measurement bias","val_outcome","validity","VAL",TRUE,"Yes, the authors conducted content/face validity or cited the content/face validity from other studies",0.5
"STUDY-0970","Descriptive","Measurement bias","out_bias_acc","validity","VAL",TRUE,"No",1
"STUDY-0970","Descriptive","Missing data","miss_outcome","reporting","OK",TRUE,"Yes",0
"STUDY-0970","Descriptive","Missing data","hand_miss_outcom","validity","VAL",TRUE,"No",1
"STUDY-0970","Descriptive","Mentioning errors","err_disc","reporting","OK",TRUE,"Selection bias",0
"STUDY-0970","Descriptive","Conflating task","confl_task","validity","OK",TRUE,"No",0
"STUDY-0304","Causal","Random error","sample_size","reporting","OK",TRUE,"Yes",0
"STUDY-0304","Causal","Random error","acc_sampl","validity","VAL",TRUE,"No",1
"STUDY-0304","Causal","Random error","sample_ach","validity","OK",TRUE,"Yes",0
"STUDY-0304","Causal","Selection bias","base_sel","validity","VAL",TRUE,"No",1
"STUDY-0304","Causal","Selection bias","comp_dis","reporting","REP",TRUE,"No",0
"STUDY-0304","Causal","Measurement bias","val_outcome","validity","VAL",TRUE,"No",1
"STUDY-0304","Causal","Measurement bias","out_bias_acc","validity","VAL",TRUE,"No",1
"STUDY-0304","Causal","Measurement bias","diff_or_nondiff_out","validity","OK",TRUE,"Non-differential with respect to the exposure",0
"STUDY-0304","Causal","Measurement bias","val_exposure","validity","NA",TRUE,"This type of objective measurement does not usually require validation (e.g., surgical intervention)",0
"STUDY-0304","Causal","Measurement bias","exp_bias_acc","validity","VAL",TRUE,"No",1
"STUDY-0304","Causal","Measurement bias","diff_or_nondiff_exp","validity","OK",TRUE,"Non-differential with respect to the outcome",0
"STUDY-0304","Causal","Measurement bias","dep_or_indep_misc","validity","OK",TRUE,"Independent",0
"STUDY-0304","Causal","Confounding bias","base_conf_meth","validity","VAL",TRUE,"No adjustment for baseline confounding was done",1
"STUDY-0304","Causal","Confounding bias","conf_var_det","validity","NA",TRUE,"No adjustment for baseline and time-varying confounding was done",0
"STUDY-0304","Causal","Confounding bias","tv_conf_meth","validity","NA",TRUE,"No || ",0
"STUDY-0304","Causal","Missing data","miss_outcome","reporting","OK",TRUE,"No",0
"STUDY-0304","Causal","Missing data","miss_exposure","reporting","OK",TRUE,"No",0
"STUDY-0304","Causal","Mentioning errors","err_disc","reporting","OK",TRUE,"Random error;Selection bias;Measurement bias",0
"STUDY-0487","Descriptive","Random error","sample_size","reporting","OK",TRUE,"Yes",0
"STUDY-0487","Descriptive","Random error","acc_sampl","validity","VAL",TRUE,"No",1
"STUDY-0487","Descriptive","Random error","sample_ach","validity","OK",TRUE,"Yes",0
"STUDY-0487","Descriptive","Selection bias","base_sel","validity","VAL",TRUE,"No",1
"STUDY-0487","Descriptive","Measurement bias","val_outcome","validity","VAL",TRUE,"Yes, the authors conducted content/face validity or cited the content/face validity from other studies",0.5
"STUDY-0487","Descriptive","Measurement bias","out_bias_acc","validity","VAL",TRUE,"No",1
"STUDY-0487","Descriptive","Missing data","miss_outcome","reporting","OK",TRUE,"No",0
"STUDY-0487","Descriptive","Mentioning errors","err_disc","reporting","OK",TRUE,"Selection bias",0
"STUDY-0487","Descriptive","Conflating task","confl_task","validity","VAL",TRUE,"Yes",1
"STUDY-0362","Causal","Random error","sample_size","reporting","REP",TRUE,"No",0
"STUDY-0362","Causal","Random error","acc_sampl","validity","NA",TRUE,"",0
"STUDY-0362","Causal","Random error","sample_ach","validity","NA",TRUE,"",0
"STUDY-0362","Causal","Selection bias","base_sel","validity","OK",TRUE,"Yes",0
"STUDY-0362","Causal","Selection bias","comp_dis","reporting","REP",TRUE,"No",0
"STUDY-0362","Causal","Measurement bias","val_outcome","validity","VAL",TRUE,"Yes, the authors conducted content/face validity or cited the content/face validity from other studies",0.5
"STUDY-0362","Causal","Measurement bias","out_bias_acc","validity","VAL",TRUE,"No",1
"STUDY-0362","Causal","Measurement bias","diff_or_nondiff_out","validity","VAL",TRUE,"Differential with respect to the exposure",1
"STUDY-0362","Causal","Measurement bias","val_exposure","validity","VAL",TRUE,"Yes, the authors conducted content/face validity or cited the content/face validity from other studies",0.5
"STUDY-0362","Causal","Measurement bias","exp_bias_acc","validity","VAL",TRUE,"No",1
"STUDY-0362","Causal","Measurement bias","diff_or_nondiff_exp","validity","OK",TRUE,"Non-differential with respect to the outcome",0
"STUDY-0362","Causal","Measurement bias","dep_or_indep_misc","validity","OK",TRUE,"Independent",0
"STUDY-0362","Causal","Confounding bias","base_conf_meth","validity","OK",TRUE,"Stratification;Regression;Inverse probability of treatment weighting",0
"STUDY-0362","Causal","Confounding bias","conf_var_det","validity","VAL",TRUE,"Based on none of the above",0.6666667
"STUDY-0362","Causal","Confounding bias","tv_conf_meth","validity","NA",TRUE,"No || ",0
"STUDY-0362","Causal","Missing data","miss_outcome","reporting","OK",TRUE,"No",0
"STUDY-0362","Causal","Missing data","miss_exposure","reporting","OK",TRUE,"Yes",0
"STUDY-0362","Causal","Missing data","hand_miss_exposure","validity","VAL",TRUE,"No",1
"STUDY-0362","Causal","Mentioning errors","err_disc","reporting","OK",TRUE,"Measurement bias;Confounding bias",0
"STUDY-0731","Descriptive","Random error","sample_size","reporting","REP",TRUE,"No",0
"STUDY-0731","Descriptive","Random error","acc_sampl","validity","NA",TRUE,"",0
"STUDY-0731","Descriptive","Random error","sample_ach","validity","NA",TRUE,"",0
"STUDY-0731","Descriptive","Selection bias","base_sel","validity","VAL",TRUE,"No",1
"STUDY-0731","Descriptive","Measurement bias","val_outcome","validity","VAL",TRUE,"No",1
"STUDY-0731","Descriptive","Measurement bias","out_bias_acc","validity","VAL",TRUE,"No",1
"STUDY-0731","Descriptive","Missing data","miss_outcome","reporting","OK",TRUE,"No",0
"STUDY-0731","Descriptive","Mentioning errors","err_disc","reporting","OK",TRUE,"Measurement bias",0
"STUDY-0731","Descriptive","Conflating task","confl_task","validity","OK",TRUE,"No",0
"STUDY-0322","Causal","Random error","sample_size","reporting","OK",TRUE,"Yes",0
"STUDY-0322","Causal","Random error","acc_sampl","validity","VAL",TRUE,"No",1
"STUDY-0322","Causal","Random error","sample_ach","validity","OK",TRUE,"Yes",0
"STUDY-0322","Causal","Selection bias","base_sel","validity","VAL",TRUE,"No",1
"STUDY-0322","Causal","Selection bias","comp_dis","reporting","REP",TRUE,"No",0
"STUDY-0322","Causal","Measurement bias","val_outcome","validity","VAL",TRUE,"Yes, the authors conducted content/face validity or cited the content/face validity from other studies",0.5
"STUDY-0322","Causal","Measurement bias","out_bias_acc","validity","VAL",TRUE,"No",1
"STUDY-0322","Causal","Measurement bias","diff_or_nondiff_out","validity","OK",TRUE,"Non-differential with respect to the exposure",0
"STUDY-0322","Causal","Measurement bias","val_exposure","validity","NA",TRUE,"This type of objective measurement does not usually require validation (e.g., surgical intervention)",0
"STUDY-0322","Causal","Measurement bias","exp_bias_acc","validity","VAL",TRUE,"No",1
"STUDY-0322","Causal","Measurement bias","diff_or_nondiff_exp","validity","OK",TRUE,"Non-differential with respect to the outcome",0
"STUDY-0322","Causal","Measurement bias","dep_or_indep_misc","validity","VAL",TRUE,"Dependent",1
"STUDY-0322","Causal","Confounding bias","base_conf_meth","validity","OK",TRUE,"Regression",0
"STUDY-0322","Causal","Confounding bias","conf_var_det","validity","VAL",TRUE,"Based on none of the above",0.6666667
"STUDY-0322","Causal","Confounding bias","tv_conf_meth","validity","NA",TRUE,"No || ",0
"STUDY-0322","Causal","Missing data","miss_outcome","reporting","OK",TRUE,"No",0
"STUDY-0322","Causal","Missing data","miss_exposure","reporting","OK",TRUE,"No",0
"STUDY-0322","Causal","Mentioning errors","err_disc","reporting","OK",TRUE,"Selection bias;Measurement bias",0
"STUDY-0159","Causal","Random error","sample_size","reporting","REP",TRUE,"No",0
"STUDY-0159","Causal","Random error","acc_sampl","validity","NA",TRUE,"",0
"STUDY-0159","Causal","Random error","sample_ach","validity","NA",TRUE,"",0
"STUDY-0159","Causal","Selection bias","base_sel","validity","VAL",TRUE,"No",1
"STUDY-0159","Causal","Selection bias","comp_dis","reporting","REP",TRUE,"No",0
"STUDY-0159","Causal","Selection bias","ltfu_bias","reporting","REP",TRUE,"Not reported or unknown",0
"STUDY-0159","Causal","Measurement bias","val_outcome","validity","OK",TRUE,"Yes, the authors conducted criterion validity or cited the criterion validity from other studies",0
"STUDY-0159","Causal","Measurement bias","out_bias_acc","validity","VAL",TRUE,"No",1
"STUDY-0159","Causal","Measurement bias","diff_or_nondiff_out","validity","OK",TRUE,"Non-differential with respect to the exposure",0
"STUDY-0159","Causal","Measurement bias","val_exposure","validity","NA",TRUE,"This type of objective measurement does not usually require validation (e.g., surgical intervention)",0
"STUDY-0159","Causal","Measurement bias","exp_bias_acc","validity","VAL",TRUE,"No",1
"STUDY-0159","Causal","Measurement bias","diff_or_nondiff_exp","validity","OK",TRUE,"Non-differential with respect to the outcome",0
"STUDY-0159","Causal","Measurement bias","dep_or_indep_misc","validity","OK",TRUE,"Independent",0
"STUDY-0159","Causal","Confounding bias","base_conf_meth","validity","OK",TRUE,"Randomization",0
"STUDY-0159","Causal","Confounding bias","conf_var_det","validity","NA",TRUE,"No adjustment for baseline and time-varying confounding was done",0
"STUDY-0159","Causal","Confounding bias","tv_conf_meth","validity","NA",TRUE,"No || ",0
"STUDY-0159","Causal","Missing data","miss_outcome","reporting","REP",TRUE,"Not reported or unknown",0
"STUDY-0159","Causal","Missing data","miss_exposure","reporting","REP",TRUE,"Not reported or unknown",0
"STUDY-0159","Causal","Mentioning errors","err_disc","reporting","REP",TRUE,"None of the above",0
"STUDY-0419","Causal","Selection bias","base_sel","validity","OK",TRUE,"No baseline selection bias from investigator",0
"STUDY-0419","Causal","Selection bias","comp_dis","reporting","NA",TRUE,"",0
"STUDY-0419","Causal","Measurement bias","val_outcome","validity","VAL",TRUE,"No",1
"STUDY-0419","Causal","Measurement bias","out_bias_acc","validity","VAL",TRUE,"No",1
"STUDY-0419","Causal","Measurement bias","diff_or_nondiff_out","validity","OK",TRUE,"Non-differential with respect to the exposure",0
"STUDY-0419","Causal","Measurement bias","val_exposure","validity","VAL",TRUE,"No",1
"STUDY-0419","Causal","Measurement bias","exp_bias_acc","validity","VAL",TRUE,"No",1
"STUDY-0419","Causal","Measurement bias","diff_or_nondiff_exp","validity","OK",TRUE,"Non-differential with respect to the outcome",0
"STUDY-0419","Causal","Measurement bias","dep_or_indep_misc","validity","VAL",TRUE,"Dependent",1
"STUDY-0419","Causal","Confounding bias","base_conf_meth","validity","OK",TRUE,"Regression",0
"STUDY-0419","Causal","Confounding bias","conf_var_det","validity","VAL",TRUE,"Based on statistical criteria",0.6666667
"STUDY-0419","Causal","Confounding bias","tv_conf_meth","validity","NA",TRUE,"No || ",0
"STUDY-0419","Causal","Missing data","miss_outcome","reporting","OK",TRUE,"No",0
"STUDY-0419","Causal","Missing data","miss_exposure","reporting","OK",TRUE,"No",0
"STUDY-0419","Causal","Mentioning errors","err_disc","reporting","REP",TRUE,"None of the above",0
"STUDY-0333","Descriptive","Selection bias","base_sel","validity","VAL",TRUE,"No",1
"STUDY-0333","Descriptive","Measurement bias","val_outcome","validity","OK",TRUE,"Yes, the authors conducted criterion validity or cited the criterion validity from other studies",0
"STUDY-0333","Descriptive","Measurement bias","out_bias_acc","validity","VAL",TRUE,"No",1
"STUDY-0333","Descriptive","Missing data","miss_outcome","reporting","OK",TRUE,"Yes",0
"STUDY-0333","Descriptive","Missing data","hand_miss_outcom","validity","VAL",TRUE,"No",1
"STUDY-0333","Descriptive","Mentioning errors","err_disc","reporting","OK",TRUE,"Random error;Selection bias",0
"STUDY-0333","Descriptive","Conflating task","confl_task","validity","OK",TRUE,"No",0
"STUDY-0046","Causal","Random error","sample_size","reporting","REP",TRUE,"No",0
"STUDY-0046","Causal","Random error","acc_sampl","validity","NA",TRUE,"",0
"STUDY-0046","Causal","Random error","sample_ach","validity","NA",TRUE,"",0
"STUDY-0046","Causal","Selection bias","base_sel","validity","VAL",TRUE,"No",1
"STUDY-0046","Causal","Selection bias","comp_dis","reporting","REP",TRUE,"No",0
"STUDY-0046","Causal","Selection bias","ltfu_bias","reporting","REP",TRUE,"Not reported or unknown",0
"STUDY-0046","Causal","Measurement bias","val_outcome","validity","VAL",TRUE,"Yes, the authors conducted content/face validity or cited the content/face validity from other studies",0.5
"STUDY-0046","Causal","Measurement bias","out_bias_acc","validity","VAL",TRUE,"No",1
"STUDY-0046","Causal","Measurement bias","diff_or_nondiff_out","validity","OK",TRUE,"Non-differential with respect to the exposure",0
"STUDY-0046","Causal","Measurement bias","val_exposure","validity","NA",TRUE,"This type of objective measurement does not usually require validation (e.g., surgical intervention)",0
"STUDY-0046","Causal","Measurement bias","exp_bias_acc","validity","VAL",TRUE,"No",1
"STUDY-0046","Causal","Measurement bias","diff_or_nondiff_exp","validity","OK",TRUE,"Non-differential with respect to the outcome",0
"STUDY-0046","Causal","Measurement bias","dep_or_indep_misc","validity","OK",TRUE,"Independent",0
"STUDY-0046","Causal","Confounding bias","base_conf_meth","validity","OK",TRUE,"Restriction;Regression",0
"STUDY-0046","Causal","Confounding bias","conf_var_det","validity","VAL",TRUE,"Based on previous literature;Based on statistical criteria",0.3333333
"STUDY-0046","Causal","Confounding bias","tv_conf_meth","validity","NA",TRUE,"No || ",0
"STUDY-0046","Causal","Missing data","miss_outcome","reporting","REP",TRUE,"Not reported or unknown",0
"STUDY-0046","Causal","Missing data","miss_exposure","reporting","REP",TRUE,"Not reported or unknown",0
"STUDY-0046","Causal","Mentioning errors","err_disc","reporting","OK",TRUE,"Random error;Selection bias;Confounding bias",0
"STUDY-0355","Causal","Random error","sample_size","reporting","REP",TRUE,"No",0
"STUDY-0355","Causal","Random error","acc_sampl","validity","NA",TRUE,"",0
"STUDY-0355","Causal","Random error","sample_ach","validity","NA",TRUE,"",0
"STUDY-0355","Causal","Selection bias","base_sel","validity","VAL",TRUE,"No",1
"STUDY-0355","Causal","Selection bias","comp_dis","reporting","REP",TRUE,"No",0
"STUDY-0355","Causal","Selection bias","ltfu_bias","reporting","OK",TRUE,"No",0
"STUDY-0355","Causal","Measurement bias","val_outcome","validity","OK",TRUE,"Yes, the authors conducted criterion validity or cited the criterion validity from other studies",0
"STUDY-0355","Causal","Measurement bias","out_bias_acc","validity","VAL",TRUE,"No",1
"STUDY-0355","Causal","Measurement bias","diff_or_nondiff_out","validity","VAL",TRUE,"Differential with respect to the exposure",1
"STUDY-0355","Causal","Measurement bias","val_exposure","validity","NA",TRUE,"This type of objective measurement does not usually require validation (e.g., surgical intervention)",0
"STUDY-0355","Causal","Measurement bias","exp_bias_acc","validity","VAL",TRUE,"No",1
"STUDY-0355","Causal","Measurement bias","diff_or_nondiff_exp","validity","OK",TRUE,"Non-differential with respect to the outcome",0
"STUDY-0355","Causal","Measurement bias","dep_or_indep_misc","validity","VAL",TRUE,"Dependent",1
"STUDY-0355","Causal","Confounding bias","base_conf_meth","validity","OK",TRUE,"Randomization",0
"STUDY-0355","Causal","Confounding bias","conf_var_det","validity","NA",TRUE,"No adjustment for baseline and time-varying confounding was done",0
"STUDY-0355","Causal","Confounding bias","tv_conf_meth","validity","NA",TRUE,"No || ",0
"STUDY-0355","Causal","Missing data","miss_outcome","reporting","OK",TRUE,"No",0
"STUDY-0355","Causal","Missing data","miss_exposure","reporting","OK",TRUE,"No",0
"STUDY-0355","Causal","Mentioning errors","err_disc","reporting","OK",TRUE,"Random error",0
"STUDY-0845","Causal","Random error","sample_size","reporting","REP",TRUE,"No",0
"STUDY-0845","Causal","Random error","acc_sampl","validity","NA",TRUE,"",0
"STUDY-0845","Causal","Random error","sample_ach","validity","NA",TRUE,"",0
"STUDY-0845","Causal","Selection bias","base_sel","validity","VAL",TRUE,"No",1
"STUDY-0845","Causal","Selection bias","comp_dis","reporting","REP",TRUE,"No",0
"STUDY-0845","Causal","Measurement bias","val_outcome","validity","NA",TRUE,"This type of objective measurement does not usually require validation (e.g., surgical intervention)",0
"STUDY-0845","Causal","Measurement bias","out_bias_acc","validity","VAL",TRUE,"No",1
"STUDY-0845","Causal","Measurement bias","diff_or_nondiff_out","validity","VAL",TRUE,"Differential with respect to the exposure",1
"STUDY-0845","Causal","Measurement bias","val_exposure","validity","OK",TRUE,"Yes, the authors conducted criterion validity or cited the criterion validity from other studies",0
"STUDY-0845","Causal","Measurement bias","exp_bias_acc","validity","VAL",TRUE,"No",1
"STUDY-0845","Causal","Measurement bias","diff_or_nondiff_exp","validity","OK",TRUE,"Non-differential with respect to the outcome",0
"STUDY-0845","Causal","Measurement bias","dep_or_indep_misc","validity","OK",TRUE,"Independent",0
"STUDY-0845","Causal","Confounding bias","base_conf_meth","validity","VAL",TRUE,"No adjustment for baseline confounding was done",1
"STUDY-0845","Causal","Confounding bias","conf_var_det","validity","NA",TRUE,"No adjustment for baseline and time-varying confounding was done",0
"STUDY-0845","Causal","Confounding bias","tv_conf_meth","validity","NA",TRUE,"No || ",0
"STUDY-0845","Causal","Missing data","miss_outcome","reporting","OK",TRUE,"No",0
"STUDY-0845","Causal","Missing data","miss_exposure","reporting","REP",TRUE,"Not reported or unknown",0
"STUDY-0845","Causal","Mentioning errors","err_disc","reporting","OK",TRUE,"Random error;Confounding bias",0
"STUDY-0555","Causal","Random error","sample_size","reporting","REP",TRUE,"No",0
"STUDY-0555","Causal","Random error","acc_sampl","validity","NA",TRUE,"",0
"STUDY-0555","Causal","Random error","sample_ach","validity","NA",TRUE,"",0
"STUDY-0555","Causal","Selection bias","base_sel","validity","OK",TRUE,"Yes",0
"STUDY-0555","Causal","Selection bias","comp_dis","reporting","OK",TRUE,"Yes",0
"STUDY-0555","Causal","Selection bias","ltfu_bias","reporting","OK",TRUE,"Yes",0
"STUDY-0555","Causal","Selection bias","ltfu_acc","validity","OK",TRUE,"Yes",0
"STUDY-0555","Causal","Measurement bias","val_outcome","validity","VAL",TRUE,"Yes, the authors conducted content/face validity or cited the content/face validity from other studies",0.5
"STUDY-0555","Causal","Measurement bias","out_bias_acc","validity","VAL",TRUE,"No",1
"STUDY-0555","Causal","Measurement bias","diff_or_nondiff_out","validity","OK",TRUE,"Non-differential with respect to the exposure",0
"STUDY-0555","Causal","Measurement bias","val_exposure","validity","VAL",TRUE,"Yes, the authors conducted content/face validity or cited the content/face validity from other studies",0.5
"STUDY-0555","Causal","Measurement bias","exp_bias_acc","validity","VAL",TRUE,"No",1
"STUDY-0555","Causal","Measurement bias","diff_or_nondiff_exp","validity","VAL",TRUE,"Differential with respect to the outcome",1
"STUDY-0555","Causal","Measurement bias","dep_or_indep_misc","validity","VAL",TRUE,"Dependent",1
"STUDY-0555","Causal","Confounding bias","base_conf_meth","validity","OK",TRUE,"Regression",0
"STUDY-0555","Causal","Confounding bias","conf_var_det","validity","VAL",TRUE,"Based on statistical criteria",0.6666667
"STUDY-0555","Causal","Confounding bias","tv_conf_meth","validity","NA",TRUE,"No || ",0
"STUDY-0555","Causal","Missing data","miss_outcome","reporting","OK",TRUE,"Yes",0
"STUDY-0555","Causal","Missing data","hand_miss_outcom","validity","OK",TRUE,"Yes, multiple imputation",0
"STUDY-0555","Causal","Missing data","miss_exposure","reporting","OK",TRUE,"Yes",0
"STUDY-0555","Causal","Missing data","hand_miss_exposure","validity","OK",TRUE,"Yes, multiple imputation",0
"STUDY-0555","Causal","Mentioning errors","err_disc","reporting","OK",TRUE,"Measurement bias",0
"STUDY-0945","Causal","Selection bias","base_sel","validity","VAL",TRUE,"No",1
"STUDY-0945","Causal","Selection bias","comp_dis","reporting","REP",TRUE,"No",0
"STUDY-0945","Causal","Measurement bias","val_outcome","validity","NA",TRUE,"This type of objective measurement does not usually require validation (e.g., surgical intervention)",0
"STUDY-0945","Causal","Measurement bias","out_bias_acc","validity","VAL",TRUE,"No",1
"STUDY-0945","Causal","Measurement bias","diff_or_nondiff_out","validity","OK",TRUE,"Non-differential with respect to the exposure",0
"STUDY-0945","Causal","Measurement bias","val_exposure","validity","OK",TRUE,"Yes, the authors conducted criterion validity or cited the criterion validity from other studies",0
"STUDY-0945","Causal","Measurement bias","exp_bias_acc","validity","VAL",TRUE,"No",1
"STUDY-0945","Causal","Measurement bias","diff_or_nondiff_exp","validity","OK",TRUE,"Non-differential with respect to the outcome",0
"STUDY-0945","Causal","Measurement bias","dep_or_indep_misc","validity","VAL",TRUE,"Dependent",1
"STUDY-0945","Causal","Confounding bias","base_conf_meth","validity","OK",TRUE,"Stratification;Regression",0
"STUDY-0945","Causal","Confounding bias","conf_var_det","validity","VAL",TRUE,"Based on previous literature",0.3333333
"STUDY-0945","Causal","Confounding bias","tv_conf_meth","validity","NA",TRUE,"No || ",0
"STUDY-0945","Causal","Missing data","miss_outcome","reporting","OK",TRUE,"Yes",0
"STUDY-0945","Causal","Missing data","hand_miss_outcom","validity","VAL",TRUE,"No",1
"STUDY-0945","Causal","Missing data","miss_exposure","reporting","OK",TRUE,"Yes",0
"STUDY-0945","Causal","Missing data","hand_miss_exposure","validity","VAL",TRUE,"No",1
"STUDY-0945","Causal","Mentioning errors","err_disc","reporting","OK",TRUE,"Confounding bias",0
"STUDY-0365","Causal","Random error","sample_size","reporting","REP",TRUE,"No",0
"STUDY-0365","Causal","Random error","acc_sampl","validity","NA",TRUE,"",0
"STUDY-0365","Causal","Random error","sample_ach","validity","NA",TRUE,"",0
"STUDY-0365","Causal","Selection bias","base_sel","validity","VAL",TRUE,"No",1
"STUDY-0365","Causal","Selection bias","comp_dis","reporting","REP",TRUE,"No",0
"STUDY-0365","Causal","Selection bias","ltfu_bias","reporting","REP",TRUE,"Not reported or unknown",0
"STUDY-0365","Causal","Measurement bias","val_outcome","validity","NA",TRUE,"This type of objective measurement does not usually require validation (e.g., surgical intervention)",0
"STUDY-0365","Causal","Measurement bias","out_bias_acc","validity","VAL",TRUE,"No",1
"STUDY-0365","Causal","Measurement bias","diff_or_nondiff_out","validity","VAL",TRUE,"Differential with respect to the exposure",1
"STUDY-0365","Causal","Measurement bias","val_exposure","validity","VAL",TRUE,"No",1
"STUDY-0365","Causal","Measurement bias","exp_bias_acc","validity","VAL",TRUE,"No",1
"STUDY-0365","Causal","Measurement bias","diff_or_nondiff_exp","validity","OK",TRUE,"Non-differential with respect to the outcome",0
"STUDY-0365","Causal","Measurement bias","dep_or_indep_misc","validity","VAL",TRUE,"Dependent",1
"STUDY-0365","Causal","Confounding bias","base_conf_meth","validity","OK",TRUE,"Regression",0
"STUDY-0365","Causal","Confounding bias","conf_var_det","validity","VAL",TRUE,"Based on none of the above",0.6666667
"STUDY-0365","Causal","Confounding bias","tv_conf_meth","validity","NA",TRUE,"No || skipped",0
"STUDY-0365","Causal","Missing data","miss_outcome","reporting","OK",TRUE,"No",0
"STUDY-0365","Causal","Missing data","miss_exposure","reporting","OK",TRUE,"No",0
"STUDY-0365","Causal","Mentioning errors","err_disc","reporting","OK",TRUE,"Selection bias;Measurement bias;Confounding bias",0
"STUDY-0023","Causal","Random error","sample_size","reporting","REP",TRUE,"No",0
"STUDY-0023","Causal","Random error","acc_sampl","validity","NA",TRUE,"",0
"STUDY-0023","Causal","Random error","sample_ach","validity","NA",TRUE,"",0
"STUDY-0023","Causal","Selection bias","base_sel","validity","VAL",TRUE,"No",1
"STUDY-0023","Causal","Selection bias","comp_dis","reporting","REP",TRUE,"No",0
"STUDY-0023","Causal","Measurement bias","val_outcome","validity","VAL",TRUE,"Yes, the authors conducted content/face validity or cited the content/face validity from other studies",0.5
"STUDY-0023","Causal","Measurement bias","out_bias_acc","validity","VAL",TRUE,"No",1
"STUDY-0023","Causal","Measurement bias","diff_or_nondiff_out","validity","VAL",TRUE,"Differential with respect to the exposure",1
"STUDY-0023","Causal","Measurement bias","val_exposure","validity","NA",TRUE,"This type of objective measurement does not usually require validation (e.g., surgical intervention)",0
"STUDY-0023","Causal","Measurement bias","exp_bias_acc","validity","VAL",TRUE,"No",1
"STUDY-0023","Causal","Measurement bias","diff_or_nondiff_exp","validity","OK",TRUE,"Non-differential with respect to the outcome",0
"STUDY-0023","Causal","Measurement bias","dep_or_indep_misc","validity","VAL",TRUE,"Dependent",1
"STUDY-0023","Causal","Confounding bias","base_conf_meth","validity","VAL",TRUE,"No adjustment for baseline confounding was done",1
"STUDY-0023","Causal","Confounding bias","conf_var_det","validity","NA",TRUE,"No adjustment for baseline and time-varying confounding was done",0
"STUDY-0023","Causal","Confounding bias","tv_conf_meth","validity","NA",TRUE,"No || ",0
"STUDY-0023","Causal","Missing data","miss_outcome","reporting","OK",TRUE,"No",0
"STUDY-0023","Causal","Missing data","miss_exposure","reporting","OK",TRUE,"No",0
"STUDY-0023","Causal","Mentioning errors","err_disc","reporting","REP",TRUE,"None of the above",0
"STUDY-0817","Causal","Random error","sample_size","reporting","OK",TRUE,"Yes",0
"STUDY-0817","Causal","Random error","acc_sampl","validity","OK",TRUE,"Yes",0
"STUDY-0817","Causal","Random error","sample_ach","validity","OK",TRUE,"Yes",0
"STUDY-0817","Causal","Selection bias","base_sel","validity","VAL",TRUE,"No",1
"STUDY-0817","Causal","Selection bias","comp_dis","reporting","REP",TRUE,"No",0
"STUDY-0817","Causal","Measurement bias","val_outcome","validity","OK",TRUE,"Yes, the authors conducted criterion validity or cited the criterion validity from other studies",0
"STUDY-0817","Causal","Measurement bias","out_bias_acc","validity","VAL",TRUE,"No",1
"STUDY-0817","Causal","Measurement bias","diff_or_nondiff_out","validity","OK",TRUE,"Non-differential with respect to the exposure",0
"STUDY-0817","Causal","Measurement bias","val_exposure","validity","VAL",TRUE,"Yes, the authors conducted content/face validity or cited the content/face validity from other studies",0.5
"STUDY-0817","Causal","Measurement bias","exp_bias_acc","validity","VAL",TRUE,"No",1
"STUDY-0817","Causal","Measurement bias","diff_or_nondiff_exp","validity","OK",TRUE,"Non-differential with respect to the outcome",0
"STUDY-0817","Causal","Measurement bias","dep_or_indep_misc","validity","VAL",TRUE,"Dependent",1
"STUDY-0817","Causal","Confounding bias","base_conf_meth","validity","OK",TRUE,"Regression",0
"STUDY-0817","Causal","Confounding bias","conf_var_det","validity","VAL",TRUE,"Based on statistical criteria",0.6666667
"STUDY-0817","Causal","Confounding bias","tv_conf_meth","validity","NA",TRUE,"No || ",0
"STUDY-0817","Causal","Missing data","miss_outcome","reporting","OK",TRUE,"No",0
"STUDY-0817","Causal","Missing data","miss_exposure","reporting","OK",TRUE,"No",0
"STUDY-0817","Causal","Mentioning errors","err_disc","reporting","OK",TRUE,"Measurement bias",0
"STUDY-0170","Causal","Random error","sample_size","reporting","REP",TRUE,"No",0
"STUDY-0170","Causal","Random error","acc_sampl","validity","NA",TRUE,"",0
"STUDY-0170","Causal","Random error","sample_ach","validity","NA",TRUE,"",0
"STUDY-0170","Causal","Selection bias","base_sel","validity","VAL",TRUE,"No",1
"STUDY-0170","Causal","Selection bias","comp_dis","reporting","OK",TRUE,"Yes",0
"STUDY-0170","Causal","Selection bias","ltfu_bias","reporting","REP",TRUE,"Not reported or unknown",0
"STUDY-0170","Causal","Measurement bias","val_outcome","validity","VAL",TRUE,"Yes, the authors conducted content/face validity or cited the content/face validity from other studies",0.5
"STUDY-0170","Causal","Measurement bias","out_bias_acc","validity","VAL",TRUE,"No",1
"STUDY-0170","Causal","Measurement bias","diff_or_nondiff_out","validity","VAL",TRUE,"Differential with respect to the exposure",1
"STUDY-0170","Causal","Measurement bias","val_exposure","validity","VAL",TRUE,"Yes, the authors conducted content/face validity or cited the content/face validity from other studies",0.5
"STUDY-0170","Causal","Measurement bias","exp_bias_acc","validity","VAL",TRUE,"No",1
"STUDY-0170","Causal","Measurement bias","diff_or_nondiff_exp","validity","OK",TRUE,"Non-differential with respect to the outcome",0
"STUDY-0170","Causal","Measurement bias","dep_or_indep_misc","validity","VAL",TRUE,"Dependent",1
"STUDY-0170","Causal","Confounding bias","base_conf_meth","validity","OK",TRUE,"Regression",0
"STUDY-0170","Causal","Confounding bias","conf_var_det","validity","VAL",TRUE,"Based on none of the above",0.6666667
"STUDY-0170","Causal","Confounding bias","tv_conf_meth","validity","NA",TRUE,"No || ",0
"STUDY-0170","Causal","Missing data","miss_outcome","reporting","REP",TRUE,"Not reported or unknown",0
"STUDY-0170","Causal","Missing data","miss_exposure","reporting","OK",TRUE,"No",0
"STUDY-0170","Causal","Mentioning errors","err_disc","reporting","OK",TRUE,"Selection bias;Missing data",0
"STUDY-0442","Causal","Random error","sample_size","reporting","REP",TRUE,"No",0
"STUDY-0442","Causal","Random error","acc_sampl","validity","NA",TRUE,"",0
"STUDY-0442","Causal","Random error","sample_ach","validity","NA",TRUE,"",0
"STUDY-0442","Causal","Selection bias","base_sel","validity","VAL",TRUE,"No",1
"STUDY-0442","Causal","Selection bias","comp_dis","reporting","REP",TRUE,"No",0
"STUDY-0442","Causal","Measurement bias","val_outcome","validity","VAL",TRUE,"Yes, the authors conducted content/face validity or cited the content/face validity from other studies",0.5
"STUDY-0442","Causal","Measurement bias","out_bias_acc","validity","VAL",TRUE,"No",1
"STUDY-0442","Causal","Measurement bias","diff_or_nondiff_out","validity","OK",TRUE,"Non-differential with respect to the exposure",0
"STUDY-0442","Causal","Measurement bias","val_exposure","validity","VAL",TRUE,"Yes, the authors conducted content/face validity or cited the content/face validity from other studies",0.5
"STUDY-0442","Causal","Measurement bias","exp_bias_acc","validity","VAL",TRUE,"No",1
"STUDY-0442","Causal","Measurement bias","diff_or_nondiff_exp","validity","OK",TRUE,"Non-differential with respect to the outcome",0
"STUDY-0442","Causal","Measurement bias","dep_or_indep_misc","validity","OK",TRUE,"Independent",0
"STUDY-0442","Causal","Confounding bias","base_conf_meth","validity","VAL",TRUE,"No adjustment for baseline confounding was done",1
"STUDY-0442","Causal","Confounding bias","conf_var_det","validity","NA",TRUE,"No adjustment for baseline and time-varying confounding was done",0
"STUDY-0442","Causal","Confounding bias","tv_conf_meth","validity","NA",TRUE,"No || ",0
"STUDY-0442","Causal","Missing data","miss_outcome","reporting","OK",TRUE,"No",0
"STUDY-0442","Causal","Missing data","miss_exposure","reporting","OK",TRUE,"No",0
"STUDY-0442","Causal","Mentioning errors","err_disc","reporting","OK",TRUE,"Confounding bias",0
"STUDY-0026","Causal","Random error","sample_size","reporting","REP",TRUE,"No",0
"STUDY-0026","Causal","Random error","acc_sampl","validity","NA",TRUE,"",0
"STUDY-0026","Causal","Random error","sample_ach","validity","NA",TRUE,"",0
"STUDY-0026","Causal","Selection bias","base_sel","validity","VAL",TRUE,"No",1
"STUDY-0026","Causal","Selection bias","comp_dis","reporting","REP",TRUE,"No",0
"STUDY-0026","Causal","Measurement bias","val_outcome","validity","OK",TRUE,"Yes, the authors conducted criterion validity or cited the criterion validity from other studies",0
"STUDY-0026","Causal","Measurement bias","out_bias_acc","validity","VAL",TRUE,"No",1
"STUDY-0026","Causal","Measurement bias","diff_or_nondiff_out","validity","OK",TRUE,"Non-differential with respect to the exposure",0
"STUDY-0026","Causal","Measurement bias","val_exposure","validity","VAL",TRUE,"Yes, the authors conducted content/face validity or cited the content/face validity from other studies",0.5
"STUDY-0026","Causal","Measurement bias","exp_bias_acc","validity","VAL",TRUE,"No",1
"STUDY-0026","Causal","Measurement bias","diff_or_nondiff_exp","validity","OK",TRUE,"Non-differential with respect to the outcome",0
"STUDY-0026","Causal","Measurement bias","dep_or_indep_misc","validity","OK",TRUE,"Independent",0
"STUDY-0026","Causal","Confounding bias","base_conf_meth","validity","VAL",TRUE,"No adjustment for baseline confounding was done",1
"STUDY-0026","Causal","Confounding bias","conf_var_det","validity","NA",TRUE,"No adjustment for baseline and time-varying confounding was done",0
"STUDY-0026","Causal","Confounding bias","tv_conf_meth","validity","NA",TRUE,"No || ",0
"STUDY-0026","Causal","Missing data","miss_outcome","reporting","OK",TRUE,"No",0
"STUDY-0026","Causal","Missing data","miss_exposure","reporting","OK",TRUE,"No",0
"STUDY-0026","Causal","Mentioning errors","err_disc","reporting","REP",TRUE,"None of the above",0
"STUDY-0048","Causal","Selection bias","base_sel","validity","OK",TRUE,"No baseline selection bias from investigator",0
"STUDY-0048","Causal","Selection bias","comp_dis","reporting","NA",TRUE,"",0
"STUDY-0048","Causal","Selection bias","ltfu_bias","reporting","REP",TRUE,"Not reported or unknown",0
"STUDY-0048","Causal","Measurement bias","val_outcome","validity","VAL",TRUE,"No",1
"STUDY-0048","Causal","Measurement bias","out_bias_acc","validity","VAL",TRUE,"No",1
"STUDY-0048","Causal","Measurement bias","diff_or_nondiff_out","validity","OK",TRUE,"Non-differential with respect to the exposure",0
"STUDY-0048","Causal","Measurement bias","val_exposure","validity","VAL",TRUE,"No",1
"STUDY-0048","Causal","Measurement bias","exp_bias_acc","validity","VAL",TRUE,"No",1
"STUDY-0048","Causal","Measurement bias","diff_or_nondiff_exp","validity","OK",TRUE,"Non-differential with respect to the outcome",0
"STUDY-0048","Causal","Measurement bias","dep_or_indep_misc","validity","VAL",TRUE,"Dependent",1
"STUDY-0048","Causal","Confounding bias","base_conf_meth","validity","OK",TRUE,"Regression",0
"STUDY-0048","Causal","Confounding bias","conf_var_det","validity","VAL",TRUE,"Based on none of the above",0.6666667
"STUDY-0048","Causal","Confounding bias","tv_conf_meth","validity","NA",TRUE,"No || ",0
"STUDY-0048","Causal","Missing data","miss_outcome","reporting","OK",TRUE,"No",0
"STUDY-0048","Causal","Missing data","miss_exposure","reporting","OK",TRUE,"No",0
"STUDY-0048","Causal","Mentioning errors","err_disc","reporting","OK",TRUE,"Confounding bias",0
"STUDY-0326","Causal","Selection bias","base_sel","validity","OK",TRUE,"No baseline selection bias from investigator",0
"STUDY-0326","Causal","Selection bias","comp_dis","reporting","NA",TRUE,"",0
"STUDY-0326","Causal","Measurement bias","val_outcome","validity","VAL",TRUE,"No",1
"STUDY-0326","Causal","Measurement bias","out_bias_acc","validity","VAL",TRUE,"No",1
"STUDY-0326","Causal","Measurement bias","diff_or_nondiff_out","validity","VAL",TRUE,"Differential with respect to the exposure",1
"STUDY-0326","Causal","Measurement bias","val_exposure","validity","NA",TRUE,"This type of objective measurement does not usually require validation (e.g., surgical intervention)",0
"STUDY-0326","Causal","Measurement bias","exp_bias_acc","validity","VAL",TRUE,"No",1
"STUDY-0326","Causal","Measurement bias","diff_or_nondiff_exp","validity","OK",TRUE,"Non-differential with respect to the outcome",0
"STUDY-0326","Causal","Measurement bias","dep_or_indep_misc","validity","VAL",TRUE,"Dependent",1
"STUDY-0326","Causal","Confounding bias","base_conf_meth","validity","OK",TRUE,"Regression",0
"STUDY-0326","Causal","Confounding bias","conf_var_det","validity","VAL",TRUE,"Based on none of the above",0.6666667
"STUDY-0326","Causal","Confounding bias","tv_conf_meth","validity","NA",TRUE,"No || ",0
"STUDY-0326","Causal","Missing data","miss_outcome","reporting","OK",TRUE,"No",0
"STUDY-0326","Causal","Missing data","miss_exposure","reporting","OK",TRUE,"No",0
"STUDY-0326","Causal","Mentioning errors","err_disc","reporting","REP",TRUE,"None of the above",0
"STUDY-0144","Causal","Random error","sample_size","reporting","OK",TRUE,"Yes",0
"STUDY-0144","Causal","Random error","acc_sampl","validity","VAL",TRUE,"No",1
"STUDY-0144","Causal","Random error","sample_ach","validity","VAL",TRUE,"No",1
"STUDY-0144","Causal","Selection bias","base_sel","validity","VAL",TRUE,"No",1
"STUDY-0144","Causal","Selection bias","comp_dis","reporting","REP",TRUE,"No",0
"STUDY-0144","Causal","Measurement bias","val_outcome","validity","VAL",TRUE,"Yes, the authors conducted content/face validity or cited the content/face validity from other studies",0.5
"STUDY-0144","Causal","Measurement bias","out_bias_acc","validity","VAL",TRUE,"No",1
"STUDY-0144","Causal","Measurement bias","diff_or_nondiff_out","validity","OK",TRUE,"Non-differential with respect to the exposure",0
"STUDY-0144","Causal","Measurement bias","val_exposure","validity","VAL",TRUE,"No",1
"STUDY-0144","Causal","Measurement bias","exp_bias_acc","validity","VAL",TRUE,"No",1
"STUDY-0144","Causal","Measurement bias","diff_or_nondiff_exp","validity","OK",TRUE,"Non-differential with respect to the outcome",0
"STUDY-0144","Causal","Measurement bias","dep_or_indep_misc","validity","VAL",TRUE,"Dependent",1
"STUDY-0144","Causal","Confounding bias","base_conf_meth","validity","VAL",TRUE,"No adjustment for baseline confounding was done",1
"STUDY-0144","Causal","Confounding bias","conf_var_det","validity","NA",TRUE,"No adjustment for baseline and time-varying confounding was done",0
"STUDY-0144","Causal","Confounding bias","tv_conf_meth","validity","NA",TRUE,"No || ",0
"STUDY-0144","Causal","Missing data","miss_outcome","reporting","REP",TRUE,"Not reported or unknown",0
"STUDY-0144","Causal","Missing data","miss_exposure","reporting","REP",TRUE,"Not reported or unknown",0
"STUDY-0144","Causal","Mentioning errors","err_disc","reporting","REP",TRUE,"None of the above",0
"STUDY-0045","Descriptive","Selection bias","base_sel","validity","OK",TRUE,"No baseline selection bias from investigator",0
"STUDY-0045","Descriptive","Measurement bias","val_outcome","validity","VAL",TRUE,"Yes, the authors conducted content/face validity or cited the content/face validity from other studies",0.5
"STUDY-0045","Descriptive","Measurement bias","out_bias_acc","validity","VAL",TRUE,"No",1
"STUDY-0045","Descriptive","Missing data","miss_outcome","reporting","OK",TRUE,"No",0
"STUDY-0045","Descriptive","Mentioning errors","err_disc","reporting","REP",TRUE,"None of the above",0
"STUDY-0045","Descriptive","Conflating task","confl_task","validity","VAL",TRUE,"Yes",1
"STUDY-0234","Descriptive","Random error","sample_size","reporting","OK",TRUE,"Yes",0
"STUDY-0234","Descriptive","Random error","acc_sampl","validity","VAL",TRUE,"No",1
"STUDY-0234","Descriptive","Random error","sample_ach","validity","OK",TRUE,"Yes",0
"STUDY-0234","Descriptive","Selection bias","base_sel","validity","VAL",TRUE,"No",1
"STUDY-0234","Descriptive","Measurement bias","val_outcome","validity","VAL",TRUE,"Yes, the authors conducted content/face validity or cited the content/face validity from other studies",0.5
"STUDY-0234","Descriptive","Measurement bias","out_bias_acc","validity","VAL",TRUE,"No",1
"STUDY-0234","Descriptive","Missing data","miss_outcome","reporting","REP",TRUE,"Not reported or unknown",0
"STUDY-0234","Descriptive","Mentioning errors","err_disc","reporting","REP",TRUE,"None of the above",0
"STUDY-0234","Descriptive","Conflating task","confl_task","validity","OK",TRUE,"No",0
"STUDY-0788","Causal","Random error","sample_size","reporting","REP",TRUE,"No",0
"STUDY-0788","Causal","Random error","acc_sampl","validity","NA",TRUE,"",0
"STUDY-0788","Causal","Random error","sample_ach","validity","NA",TRUE,"",0
"STUDY-0788","Causal","Selection bias","base_sel","validity","VAL",TRUE,"No",1
"STUDY-0788","Causal","Selection bias","comp_dis","reporting","REP",TRUE,"No",0
"STUDY-0788","Causal","Selection bias","ltfu_bias","reporting","REP",TRUE,"Not reported or unknown",0
"STUDY-0788","Causal","Measurement bias","val_outcome","validity","NA",TRUE,"This type of objective measurement does not usually require validation (e.g., surgical intervention)",0
"STUDY-0788","Causal","Measurement bias","out_bias_acc","validity","VAL",TRUE,"No",1
"STUDY-0788","Causal","Measurement bias","diff_or_nondiff_out","validity","VAL",TRUE,"Differential with respect to the exposure",1
"STUDY-0788","Causal","Measurement bias","val_exposure","validity","NA",TRUE,"This type of objective measurement does not usually require validation (e.g., surgical intervention)",0
"STUDY-0788","Causal","Measurement bias","exp_bias_acc","validity","VAL",TRUE,"No",1
"STUDY-0788","Causal","Measurement bias","diff_or_nondiff_exp","validity","OK",TRUE,"Non-differential with respect to the outcome",0
"STUDY-0788","Causal","Measurement bias","dep_or_indep_misc","validity","OK",TRUE,"Independent",0
"STUDY-0788","Causal","Confounding bias","base_conf_meth","validity","VAL",TRUE,"No adjustment for baseline confounding was done",1
"STUDY-0788","Causal","Confounding bias","conf_var_det","validity","NA",TRUE,"No adjustment for baseline and time-varying confounding was done",0
"STUDY-0788","Causal","Confounding bias","tv_conf_meth","validity","NA",TRUE,"No || ",0
"STUDY-0788","Causal","Missing data","miss_outcome","reporting","REP",TRUE,"Not reported or unknown",0
"STUDY-0788","Causal","Missing data","miss_exposure","reporting","REP",TRUE,"Not reported or unknown",0
"STUDY-0788","Causal","Mentioning errors","err_disc","reporting","OK",TRUE,"Confounding bias",0
"STUDY-0521","Causal","Selection bias","base_sel","validity","OK",TRUE,"No baseline selection bias from investigator",0
"STUDY-0521","Causal","Selection bias","comp_dis","reporting","NA",TRUE,"",0
"STUDY-0521","Causal","Selection bias","ltfu_bias","reporting","REP",TRUE,"Not reported or unknown",0
"STUDY-0521","Causal","Measurement bias","val_outcome","validity","VAL",TRUE,"No",1
"STUDY-0521","Causal","Measurement bias","out_bias_acc","validity","VAL",TRUE,"No",1
"STUDY-0521","Causal","Measurement bias","diff_or_nondiff_out","validity","OK",TRUE,"Non-differential with respect to the exposure",0
"STUDY-0521","Causal","Measurement bias","val_exposure","validity","NA",TRUE,"This type of objective measurement does not usually require validation (e.g., surgical intervention)",0
"STUDY-0521","Causal","Measurement bias","exp_bias_acc","validity","VAL",TRUE,"No",1
"STUDY-0521","Causal","Measurement bias","diff_or_nondiff_exp","validity","OK",TRUE,"Non-differential with respect to the outcome",0
"STUDY-0521","Causal","Measurement bias","dep_or_indep_misc","validity","VAL",TRUE,"Dependent",1
"STUDY-0521","Causal","Confounding bias","base_conf_meth","validity","OK",TRUE,"Matching;Regression;Propensity score",0
"STUDY-0521","Causal","Confounding bias","conf_var_det","validity","VAL",TRUE,"Based on statistical criteria",0.6666667
"STUDY-0521","Causal","Confounding bias","tv_conf_meth","validity","NA",TRUE,"No || ",0
"STUDY-0521","Causal","Missing data","miss_outcome","reporting","OK",TRUE,"Yes",0
"STUDY-0521","Causal","Missing data","hand_miss_outcom","validity","VAL",TRUE,"No",1
"STUDY-0521","Causal","Missing data","miss_exposure","reporting","OK",TRUE,"No",0
"STUDY-0521","Causal","Mentioning errors","err_disc","reporting","OK",TRUE,"Selection bias;Confounding bias",0
"STUDY-0192","Causal","Random error","sample_size","reporting","OK",TRUE,"Yes",0
"STUDY-0192","Causal","Random error","acc_sampl","validity","VAL",TRUE,"No",1
"STUDY-0192","Causal","Random error","sample_ach","validity","OK",TRUE,"Yes",0
"STUDY-0192","Causal","Selection bias","base_sel","validity","VAL",TRUE,"No",1
"STUDY-0192","Causal","Selection bias","comp_dis","reporting","REP",TRUE,"No",0
"STUDY-0192","Causal","Measurement bias","val_outcome","validity","VAL",TRUE,"Yes, the authors conducted content/face validity or cited the content/face validity from other studies",0.5
"STUDY-0192","Causal","Measurement bias","out_bias_acc","validity","VAL",TRUE,"No",1
"STUDY-0192","Causal","Measurement bias","diff_or_nondiff_out","validity","VAL",TRUE,"Differential with respect to the exposure",1
"STUDY-0192","Causal","Measurement bias","val_exposure","validity","NA",TRUE,"This type of objective measurement does not usually require validation (e.g., surgical intervention)",0
"STUDY-0192","Causal","Measurement bias","exp_bias_acc","validity","VAL",TRUE,"No",1
"STUDY-0192","Causal","Measurement bias","diff_or_nondiff_exp","validity","VAL",TRUE,"Differential with respect to the outcome",1
"STUDY-0192","Causal","Measurement bias","dep_or_indep_misc","validity","VAL",TRUE,"Dependent",1
"STUDY-0192","Causal","Confounding bias","base_conf_meth","validity","OK",TRUE,"Regression",0
"STUDY-0192","Causal","Confounding bias","conf_var_det","validity","VAL",TRUE,"Based on none of the above",0.6666667
"STUDY-0192","Causal","Confounding bias","tv_conf_meth","validity","NA",TRUE,"No || ",0
"STUDY-0192","Causal","Missing data","miss_outcome","reporting","OK",TRUE,"No",0
"STUDY-0192","Causal","Missing data","miss_exposure","reporting","OK",TRUE,"No",0
"STUDY-0192","Causal","Mentioning errors","err_disc","reporting","OK",TRUE,"Selection bias;Measurement bias",0
"STUDY-0049","Causal","Random error","sample_size","reporting","OK",TRUE,"Yes",0
"STUDY-0049","Causal","Random error","acc_sampl","validity","VAL",TRUE,"No",1
"STUDY-0049","Causal","Random error","sample_ach","validity","OK",TRUE,"Yes",0
"STUDY-0049","Causal","Selection bias","base_sel","validity","VAL",TRUE,"No",1
"STUDY-0049","Causal","Selection bias","comp_dis","reporting","REP",TRUE,"No",0
"STUDY-0049","Causal","Measurement bias","val_outcome","validity","VAL",TRUE,"Yes, the authors conducted content/face validity or cited the content/face validity from other studies",0.5
"STUDY-0049","Causal","Measurement bias","out_bias_acc","validity","VAL",TRUE,"No",1
"STUDY-0049","Causal","Measurement bias","diff_or_nondiff_out","validity","VAL",TRUE,"Differential with respect to the exposure",1
"STUDY-0049","Causal","Measurement bias","val_exposure","validity","VAL",TRUE,"Yes, the authors conducted content/face validity or cited the content/face validity from other studies",0.5
"STUDY-0049","Causal","Measurement bias","exp_bias_acc","validity","VAL",TRUE,"No",1
"STUDY-0049","Causal","Measurement bias","diff_or_nondiff_exp","validity","OK",TRUE,"Non-differential with respect to the outcome",0
"STUDY-0049","Causal","Measurement bias","dep_or_indep_misc","validity","VAL",TRUE,"Dependent",1
"STUDY-0049","Causal","Confounding bias","base_conf_meth","validity","VAL",TRUE,"No adjustment for baseline confounding was done",1
"STUDY-0049","Causal","Confounding bias","conf_var_det","validity","NA",TRUE,"No adjustment for baseline and time-varying confounding was done",0
"STUDY-0049","Causal","Confounding bias","tv_conf_meth","validity","NA",TRUE,"No || ",0
"STUDY-0049","Causal","Missing data","miss_outcome","reporting","REP",TRUE,"Not reported or unknown",0
"STUDY-0049","Causal","Missing data","miss_exposure","reporting","REP",TRUE,"Not reported or unknown",0
"STUDY-0049","Causal","Mentioning errors","err_disc","reporting","OK",TRUE,"Selection bias;Measurement bias",0
"STUDY-0012","Descriptive","Random error","sample_size","reporting","OK",TRUE,"Yes",0
"STUDY-0012","Descriptive","Random error","acc_sampl","validity","VAL",TRUE,"No",1
"STUDY-0012","Descriptive","Random error","sample_ach","validity","VAL",TRUE,"No",1
"STUDY-0012","Descriptive","Selection bias","base_sel","validity","VAL",TRUE,"No",1
"STUDY-0012","Descriptive","Measurement bias","val_outcome","validity","VAL",TRUE,"Yes, the authors conducted content/face validity or cited the content/face validity from other studies",0.5
"STUDY-0012","Descriptive","Measurement bias","out_bias_acc","validity","VAL",TRUE,"No",1
"STUDY-0012","Descriptive","Missing data","miss_outcome","reporting","OK",TRUE,"Yes",0
"STUDY-0012","Descriptive","Missing data","hand_miss_outcom","validity","VAL",TRUE,"No",1
"STUDY-0012","Descriptive","Mentioning errors","err_disc","reporting","OK",TRUE,"Selection bias;Measurement bias",0
"STUDY-0012","Descriptive","Conflating task","confl_task","validity","VAL",TRUE,"Yes",1
"STUDY-0141","Causal","Random error","sample_size","reporting","REP",TRUE,"No",0
"STUDY-0141","Causal","Random error","acc_sampl","validity","NA",TRUE,"",0
"STUDY-0141","Causal","Random error","sample_ach","validity","NA",TRUE,"",0
"STUDY-0141","Causal","Selection bias","base_sel","validity","VAL",TRUE,"No",1
"STUDY-0141","Causal","Selection bias","comp_dis","reporting","REP",TRUE,"No",0
"STUDY-0141","Causal","Measurement bias","val_outcome","validity","VAL",TRUE,"Yes, the authors conducted content/face validity or cited the content/face validity from other studies",0.5
"STUDY-0141","Causal","Measurement bias","out_bias_acc","validity","VAL",TRUE,"No",1
"STUDY-0141","Causal","Measurement bias","diff_or_nondiff_out","validity","OK",TRUE,"Non-differential with respect to the exposure",0
"STUDY-0141","Causal","Measurement bias","val_exposure","validity","NA",TRUE,"This type of objective measurement does not usually require validation (e.g., surgical intervention)",0
"STUDY-0141","Causal","Measurement bias","exp_bias_acc","validity","VAL",TRUE,"No",1
"STUDY-0141","Causal","Measurement bias","diff_or_nondiff_exp","validity","OK",TRUE,"Non-differential with respect to the outcome",0
"STUDY-0141","Causal","Measurement bias","dep_or_indep_misc","validity","VAL",TRUE,"Dependent",1
"STUDY-0141","Causal","Confounding bias","base_conf_meth","validity","OK",TRUE,"Regression",0
"STUDY-0141","Causal","Confounding bias","conf_var_det","validity","VAL",TRUE,"Based on none of the above",0.6666667
"STUDY-0141","Causal","Confounding bias","tv_conf_meth","validity","NA",TRUE,"No || ",0
"STUDY-0141","Causal","Missing data","miss_outcome","reporting","OK",TRUE,"Yes",0
"STUDY-0141","Causal","Missing data","hand_miss_outcom","validity","VAL",TRUE,"No",1
"STUDY-0141","Causal","Missing data","miss_exposure","reporting","OK",TRUE,"Yes",0
"STUDY-0141","Causal","Missing data","hand_miss_exposure","validity","VAL",TRUE,"No",1
"STUDY-0141","Causal","Mentioning errors","err_disc","reporting","OK",TRUE,"Selection bias;Measurement bias",0
"STUDY-0671","Causal","Random error","sample_size","reporting","REP",TRUE,"No",0
"STUDY-0671","Causal","Random error","acc_sampl","validity","NA",TRUE,"",0
"STUDY-0671","Causal","Random error","sample_ach","validity","NA",TRUE,"",0
"STUDY-0671","Causal","Selection bias","base_sel","validity","VAL",TRUE,"No",1
"STUDY-0671","Causal","Selection bias","comp_dis","reporting","REP",TRUE,"No",0
"STUDY-0671","Causal","Selection bias","ltfu_bias","reporting","REP",TRUE,"Not reported or unknown",0
"STUDY-0671","Causal","Measurement bias","val_outcome","validity","NA",TRUE,"This type of objective measurement does not usually require validation (e.g., surgical intervention)",0
"STUDY-0671","Causal","Measurement bias","out_bias_acc","validity","VAL",TRUE,"No",1
"STUDY-0671","Causal","Measurement bias","diff_or_nondiff_out","validity","OK",TRUE,"Non-differential with respect to the exposure",0
"STUDY-0671","Causal","Measurement bias","val_exposure","validity","OK",TRUE,"Yes, the authors conducted criterion validity or cited the criterion validity from other studies",0
"STUDY-0671","Causal","Measurement bias","exp_bias_acc","validity","VAL",TRUE,"No",1
"STUDY-0671","Causal","Measurement bias","diff_or_nondiff_exp","validity","OK",TRUE,"Non-differential with respect to the outcome",0
"STUDY-0671","Causal","Measurement bias","dep_or_indep_misc","validity","OK",TRUE,"Independent",0
"STUDY-0671","Causal","Confounding bias","base_conf_meth","validity","OK",TRUE,"Regression",0
"STUDY-0671","Causal","Confounding bias","conf_var_det","validity","VAL",TRUE,"Based on none of the above",0.6666667
"STUDY-0671","Causal","Confounding bias","tv_conf_meth","validity","NA",TRUE,"No || ",0
"STUDY-0671","Causal","Missing data","miss_outcome","reporting","OK",TRUE,"No",0
"STUDY-0671","Causal","Missing data","miss_exposure","reporting","OK",TRUE,"No",0
"STUDY-0671","Causal","Mentioning errors","err_disc","reporting","OK",TRUE,"Random error",0
"STUDY-0924","Descriptive","Random error","sample_size","reporting","OK",TRUE,"Yes",0
"STUDY-0924","Descriptive","Random error","acc_sampl","validity","OK",TRUE,"Yes",0
"STUDY-0924","Descriptive","Random error","sample_ach","validity","OK",TRUE,"Yes",0
"STUDY-0924","Descriptive","Selection bias","base_sel","validity","VAL",TRUE,"No",1
"STUDY-0924","Descriptive","Measurement bias","val_outcome","validity","VAL",TRUE,"Yes, the authors conducted content/face validity or cited the content/face validity from other studies",0.5
"STUDY-0924","Descriptive","Measurement bias","out_bias_acc","validity","VAL",TRUE,"No",1
"STUDY-0924","Descriptive","Missing data","miss_outcome","reporting","OK",TRUE,"No",0
"STUDY-0924","Descriptive","Mentioning errors","err_disc","reporting","OK",TRUE,"Selection bias;Measurement bias",0
"STUDY-0924","Descriptive","Conflating task","confl_task","validity","OK",TRUE,"No",0
"STUDY-0182","Causal","Random error","sample_size","reporting","REP",TRUE,"No",0
"STUDY-0182","Causal","Random error","acc_sampl","validity","NA",TRUE,"",0
"STUDY-0182","Causal","Random error","sample_ach","validity","NA",TRUE,"",0
"STUDY-0182","Causal","Selection bias","base_sel","validity","VAL",TRUE,"No",1
"STUDY-0182","Causal","Selection bias","comp_dis","reporting","REP",TRUE,"No",0
"STUDY-0182","Causal","Measurement bias","val_outcome","validity","VAL",TRUE,"Yes, the authors conducted content/face validity or cited the content/face validity from other studies",0.5
"STUDY-0182","Causal","Measurement bias","out_bias_acc","validity","VAL",TRUE,"No",1
"STUDY-0182","Causal","Measurement bias","diff_or_nondiff_out","validity","OK",TRUE,"Non-differential with respect to the exposure",0
"STUDY-0182","Causal","Measurement bias","val_exposure","validity","VAL",TRUE,"Yes, the authors conducted content/face validity or cited the content/face validity from other studies",0.5
"STUDY-0182","Causal","Measurement bias","exp_bias_acc","validity","VAL",TRUE,"No",1
"STUDY-0182","Causal","Measurement bias","diff_or_nondiff_exp","validity","OK",TRUE,"Non-differential with respect to the outcome",0
"STUDY-0182","Causal","Measurement bias","dep_or_indep_misc","validity","VAL",TRUE,"Dependent",1
"STUDY-0182","Causal","Confounding bias","base_conf_meth","validity","VAL",TRUE,"No adjustment for baseline confounding was done",1
"STUDY-0182","Causal","Confounding bias","conf_var_det","validity","NA",TRUE,"No adjustment for baseline and time-varying confounding was done",0
"STUDY-0182","Causal","Confounding bias","tv_conf_meth","validity","NA",TRUE,"No || ",0
"STUDY-0182","Causal","Missing data","miss_outcome","reporting","REP",TRUE,"Not reported or unknown",0
"STUDY-0182","Causal","Missing data","miss_exposure","reporting","REP",TRUE,"Not reported or unknown",0
"STUDY-0182","Causal","Mentioning errors","err_disc","reporting","REP",TRUE,"None of the above",0
"STUDY-0597","Causal","Random error","sample_size","reporting","REP",TRUE,"No",0
"STUDY-0597","Causal","Random error","acc_sampl","validity","NA",TRUE,"",0
"STUDY-0597","Causal","Random error","sample_ach","validity","NA",TRUE,"",0
"STUDY-0597","Causal","Selection bias","base_sel","validity","VAL",TRUE,"No",1
"STUDY-0597","Causal","Selection bias","comp_dis","reporting","REP",TRUE,"No",0
"STUDY-0597","Causal","Measurement bias","val_outcome","validity","VAL",TRUE,"Yes, the authors conducted content/face validity or cited the content/face validity from other studies",0.5
"STUDY-0597","Causal","Measurement bias","out_bias_acc","validity","VAL",TRUE,"No",1
"STUDY-0597","Causal","Measurement bias","diff_or_nondiff_out","validity","VAL",TRUE,"Differential with respect to the exposure",1
"STUDY-0597","Causal","Measurement bias","val_exposure","validity","VAL",TRUE,"Yes, the authors conducted content/face validity or cited the content/face validity from other studies",0.5
"STUDY-0597","Causal","Measurement bias","exp_bias_acc","validity","VAL",TRUE,"No",1
"STUDY-0597","Causal","Measurement bias","diff_or_nondiff_exp","validity","OK",TRUE,"Non-differential with respect to the outcome",0
"STUDY-0597","Causal","Measurement bias","dep_or_indep_misc","validity","OK",TRUE,"Independent",0
"STUDY-0597","Causal","Confounding bias","base_conf_meth","validity","OK",TRUE,"Regression",0
"STUDY-0597","Causal","Confounding bias","conf_var_det","validity","VAL",TRUE,"Based on statistical criteria",0.6666667
"STUDY-0597","Causal","Confounding bias","tv_conf_meth","validity","NA",TRUE,"No || ",0
"STUDY-0597","Causal","Missing data","miss_outcome","reporting","OK",TRUE,"Yes",0
"STUDY-0597","Causal","Missing data","hand_miss_outcom","validity","VAL",TRUE,"No",1
"STUDY-0597","Causal","Missing data","miss_exposure","reporting","REP",TRUE,"Not reported or unknown",0
"STUDY-0597","Causal","Mentioning errors","err_disc","reporting","OK",TRUE,"Confounding bias",0
"STUDY-0149","Causal","Random error","sample_size","reporting","REP",TRUE,"No",0
"STUDY-0149","Causal","Random error","acc_sampl","validity","NA",TRUE,"",0
"STUDY-0149","Causal","Random error","sample_ach","validity","NA",TRUE,"",0
"STUDY-0149","Causal","Selection bias","base_sel","validity","VAL",TRUE,"No",1
"STUDY-0149","Causal","Selection bias","comp_dis","reporting","REP",TRUE,"No",0
"STUDY-0149","Causal","Measurement bias","val_outcome","validity","VAL",TRUE,"No",1
"STUDY-0149","Causal","Measurement bias","out_bias_acc","validity","VAL",TRUE,"No",1
"STUDY-0149","Causal","Measurement bias","diff_or_nondiff_out","validity","OK",TRUE,"Non-differential with respect to the exposure",0
"STUDY-0149","Causal","Measurement bias","val_exposure","validity","NA",TRUE,"This type of objective measurement does not usually require validation (e.g., surgical intervention)",0
"STUDY-0149","Causal","Measurement bias","exp_bias_acc","validity","VAL",TRUE,"No",1
"STUDY-0149","Causal","Measurement bias","diff_or_nondiff_exp","validity","OK",TRUE,"Non-differential with respect to the outcome",0
"STUDY-0149","Causal","Measurement bias","dep_or_indep_misc","validity","OK",TRUE,"Independent",0
"STUDY-0149","Causal","Confounding bias","base_conf_meth","validity","VAL",TRUE,"No adjustment for baseline confounding was done",1
"STUDY-0149","Causal","Confounding bias","conf_var_det","validity","NA",TRUE,"No adjustment for baseline and time-varying confounding was done",0
"STUDY-0149","Causal","Confounding bias","tv_conf_meth","validity","NA",TRUE,"No || ",0
"STUDY-0149","Causal","Missing data","miss_outcome","reporting","OK",TRUE,"No",0
"STUDY-0149","Causal","Missing data","miss_exposure","reporting","OK",TRUE,"No",0
"STUDY-0149","Causal","Mentioning errors","err_disc","reporting","OK",TRUE,"Random error;Missing data",0
"STUDY-0256","Causal","Selection bias","base_sel","validity","VAL",TRUE,"No",1
"STUDY-0256","Causal","Selection bias","comp_dis","reporting","REP",TRUE,"No",0
"STUDY-0256","Causal","Selection bias","ltfu_bias","reporting","OK",TRUE,"No",0
"STUDY-0256","Causal","Measurement bias","val_outcome","validity","VAL",TRUE,"Yes, the authors conducted content/face validity or cited the content/face validity from other studies",0.5
"STUDY-0256","Causal","Measurement bias","out_bias_acc","validity","VAL",TRUE,"No",1
"STUDY-0256","Causal","Measurement bias","diff_or_nondiff_out","validity","OK",TRUE,"Non-differential with respect to the exposure",0
"STUDY-0256","Causal","Measurement bias","val_exposure","validity","NA",TRUE,"This type of objective measurement does not usually require validation (e.g., surgical intervention)",0
"STUDY-0256","Causal","Measurement bias","exp_bias_acc","validity","VAL",TRUE,"No",1
"STUDY-0256","Causal","Measurement bias","diff_or_nondiff_exp","validity","OK",TRUE,"Non-differential with respect to the outcome",0
"STUDY-0256","Causal","Measurement bias","dep_or_indep_misc","validity","OK",TRUE,"Independent",0
"STUDY-0256","Causal","Confounding bias","base_conf_meth","validity","OK",TRUE,"Regression",0
"STUDY-0256","Causal","Confounding bias","conf_var_det","validity","VAL",TRUE,"Based on none of the above",0.6666667
"STUDY-0256","Causal","Confounding bias","tv_conf_meth","validity","NA",TRUE,"No || ",0
"STUDY-0256","Causal","Missing data","miss_outcome","reporting","OK",TRUE,"No",0
"STUDY-0256","Causal","Missing data","miss_exposure","reporting","OK",TRUE,"No",0
"STUDY-0256","Causal","Mentioning errors","err_disc","reporting","OK",TRUE,"Measurement bias;Confounding bias",0
"STUDY-0157","Causal","Random error","sample_size","reporting","REP",TRUE,"No",0
"STUDY-0157","Causal","Random error","acc_sampl","validity","NA",TRUE,"",0
"STUDY-0157","Causal","Random error","sample_ach","validity","NA",TRUE,"",0
"STUDY-0157","Causal","Selection bias","base_sel","validity","VAL",TRUE,"No",1
"STUDY-0157","Causal","Selection bias","comp_dis","reporting","REP",TRUE,"No",0
"STUDY-0157","Causal","Selection bias","ltfu_bias","reporting","OK",TRUE,"No",0
"STUDY-0157","Causal","Measurement bias","val_outcome","validity","VAL",TRUE,"No",1
"STUDY-0157","Causal","Measurement bias","out_bias_acc","validity","VAL",TRUE,"No",1
"STUDY-0157","Causal","Measurement bias","diff_or_nondiff_out","validity","VAL",TRUE,"Differential with respect to the exposure",1
"STUDY-0157","Causal","Measurement bias","val_exposure","validity","NA",TRUE,"This type of objective measurement does not usually require validation (e.g., surgical intervention)",0
"STUDY-0157","Causal","Measurement bias","exp_bias_acc","validity","VAL",TRUE,"No",1
"STUDY-0157","Causal","Measurement bias","diff_or_nondiff_exp","validity","OK",TRUE,"Non-differential with respect to the outcome",0
"STUDY-0157","Causal","Measurement bias","dep_or_indep_misc","validity","OK",TRUE,"Independent",0
"STUDY-0157","Causal","Confounding bias","base_conf_meth","validity","OK",TRUE,"Regression",0
"STUDY-0157","Causal","Confounding bias","conf_var_det","validity","VAL",TRUE,"Based on statistical criteria",0.6666667
"STUDY-0157","Causal","Confounding bias","tv_conf_meth","validity","NA",TRUE,"No || ",0
"STUDY-0157","Causal","Missing data","miss_outcome","reporting","OK",TRUE,"No",0
"STUDY-0157","Causal","Missing data","miss_exposure","reporting","OK",TRUE,"Yes",0
"STUDY-0157","Causal","Missing data","hand_miss_exposure","validity","VAL",TRUE,"No",1
"STUDY-0157","Causal","Mentioning errors","err_disc","reporting","OK",TRUE,"Measurement bias",0
"STUDY-0972","Causal","Random error","sample_size","reporting","REP",TRUE,"No",0
"STUDY-0972","Causal","Random error","acc_sampl","validity","NA",TRUE,"",0
"STUDY-0972","Causal","Random error","sample_ach","validity","NA",TRUE,"",0
"STUDY-0972","Causal","Selection bias","base_sel","validity","VAL",TRUE,"No",1
"STUDY-0972","Causal","Selection bias","comp_dis","reporting","REP",TRUE,"No",0
"STUDY-0972","Causal","Measurement bias","val_outcome","validity","VAL",TRUE,"No",1
"STUDY-0972","Causal","Measurement bias","out_bias_acc","validity","VAL",TRUE,"No",1
"STUDY-0972","Causal","Measurement bias","diff_or_nondiff_out","validity","OK",TRUE,"Non-differential with respect to the exposure",0
"STUDY-0972","Causal","Measurement bias","val_exposure","validity","NA",TRUE,"This type of objective measurement does not usually require validation (e.g., surgical intervention)",0
"STUDY-0972","Causal","Measurement bias","exp_bias_acc","validity","VAL",TRUE,"No",1
"STUDY-0972","Causal","Measurement bias","diff_or_nondiff_exp","validity","OK",TRUE,"Non-differential with respect to the outcome",0
"STUDY-0972","Causal","Measurement bias","dep_or_indep_misc","validity","VAL",TRUE,"Dependent",1
"STUDY-0972","Causal","Confounding bias","base_conf_meth","validity","OK",TRUE,"Regression",0
"STUDY-0972","Causal","Confounding bias","conf_var_det","validity","VAL",TRUE,"Based on statistical criteria",0.6666667
"STUDY-0972","Causal","Confounding bias","tv_conf_meth","validity","NA",TRUE,"No || ",0
"STUDY-0972","Causal","Missing data","miss_outcome","reporting","REP",TRUE,"Not reported or unknown",0
"STUDY-0972","Causal","Missing data","miss_exposure","reporting","OK",TRUE,"Yes",0
"STUDY-0972","Causal","Missing data","hand_miss_exposure","validity","VAL",TRUE,"No",1
"STUDY-0972","Causal","Mentioning errors","err_disc","reporting","OK",TRUE,"Measurement bias;Missing data",0
"STUDY-0766","Descriptive","Random error","sample_size","reporting","REP",TRUE,"No",0
"STUDY-0766","Descriptive","Random error","acc_sampl","validity","NA",TRUE,"",0
"STUDY-0766","Descriptive","Random error","sample_ach","validity","NA",TRUE,"",0
"STUDY-0766","Descriptive","Selection bias","base_sel","validity","VAL",TRUE,"No",1
"STUDY-0766","Descriptive","Measurement bias","val_outcome","validity","VAL",TRUE,"No",1
"STUDY-0766","Descriptive","Measurement bias","out_bias_acc","validity","VAL",TRUE,"No",1
"STUDY-0766","Descriptive","Missing data","miss_outcome","reporting","REP",TRUE,"Not reported or unknown",0
"STUDY-0766","Descriptive","Mentioning errors","err_disc","reporting","OK",TRUE,"Selection bias;measurement bias",0
"STUDY-0766","Descriptive","Conflating task","confl_task","validity","VAL",TRUE,"Yes",1
"STUDY-0257","Causal","Random error","sample_size","reporting","REP",TRUE,"No",0
"STUDY-0257","Causal","Random error","acc_sampl","validity","NA",TRUE,"",0
"STUDY-0257","Causal","Random error","sample_ach","validity","NA",TRUE,"",0
"STUDY-0257","Causal","Selection bias","base_sel","validity","VAL",TRUE,"No",1
"STUDY-0257","Causal","Selection bias","comp_dis","reporting","REP",TRUE,"No",0
"STUDY-0257","Causal","Measurement bias","val_outcome","validity","VAL",TRUE,"Yes, the authors conducted content/face validity or cited the content/face validity from other studies",0.5
"STUDY-0257","Causal","Measurement bias","out_bias_acc","validity","VAL",TRUE,"No",1
"STUDY-0257","Causal","Measurement bias","diff_or_nondiff_out","validity","VAL",TRUE,"Differential with respect to the exposure",1
"STUDY-0257","Causal","Measurement bias","val_exposure","validity","NA",TRUE,"This type of objective measurement does not usually require validation (e.g., surgical intervention)",0
"STUDY-0257","Causal","Measurement bias","exp_bias_acc","validity","VAL",TRUE,"No",1
"STUDY-0257","Causal","Measurement bias","diff_or_nondiff_exp","validity","VAL",TRUE,"Differential with respect to the outcome",1
"STUDY-0257","Causal","Measurement bias","dep_or_indep_misc","validity","VAL",TRUE,"Dependent",1
"STUDY-0257","Causal","Confounding bias","base_conf_meth","validity","OK",TRUE,"Regression",0
"STUDY-0257","Causal","Confounding bias","conf_var_det","validity","VAL",TRUE,"Based on previous literature;Based on statistical criteria",0.3333333
"STUDY-0257","Causal","Confounding bias","tv_conf_meth","validity","NA",TRUE,"No || ",0
"STUDY-0257","Causal","Missing data","miss_outcome","reporting","REP",TRUE,"Not reported or unknown",0
"STUDY-0257","Causal","Missing data","miss_exposure","reporting","REP",TRUE,"Not reported or unknown",0
"STUDY-0257","Causal","Mentioning errors","err_disc","reporting","OK",TRUE,"Random error;Measurement bias;Confounding bias",0
"STUDY-0819","Causal","Random error","sample_size","reporting","REP",TRUE,"No",0
"STUDY-0819","Causal","Random error","acc_sampl","validity","NA",TRUE,"",0
"STUDY-0819","Causal","Random error","sample_ach","validity","NA",TRUE,"",0
"STUDY-0819","Causal","Selection bias","base_sel","validity","VAL",TRUE,"No",1
"STUDY-0819","Causal","Selection bias","comp_dis","reporting","REP",TRUE,"No",0
"STUDY-0819","Causal","Measurement bias","val_outcome","validity","VAL",TRUE,"Yes, the authors conducted content/face validity or cited the content/face validity from other studies",0.5
"STUDY-0819","Causal","Measurement bias","out_bias_acc","validity","VAL",TRUE,"No",1
"STUDY-0819","Causal","Measurement bias","diff_or_nondiff_out","validity","OK",TRUE,"Non-differential with respect to the exposure",0
"STUDY-0819","Causal","Measurement bias","val_exposure","validity","NA",TRUE,"This type of objective measurement does not usually require validation (e.g., surgical intervention)",0
"STUDY-0819","Causal","Measurement bias","exp_bias_acc","validity","VAL",TRUE,"No",1
"STUDY-0819","Causal","Measurement bias","diff_or_nondiff_exp","validity","OK",TRUE,"Non-differential with respect to the outcome",0
"STUDY-0819","Causal","Measurement bias","dep_or_indep_misc","validity","VAL",TRUE,"Dependent",1
"STUDY-0819","Causal","Confounding bias","base_conf_meth","validity","OK",TRUE,"Regression",0
"STUDY-0819","Causal","Confounding bias","conf_var_det","validity","VAL",TRUE,"Based on statistical criteria",0.6666667
"STUDY-0819","Causal","Confounding bias","tv_conf_meth","validity","NA",TRUE,"No || ",0
"STUDY-0819","Causal","Missing data","miss_outcome","reporting","OK",TRUE,"No",0
"STUDY-0819","Causal","Missing data","miss_exposure","reporting","OK",TRUE,"No",0
"STUDY-0819","Causal","Mentioning errors","err_disc","reporting","OK",TRUE,"Measurement bias",0
"STUDY-0611","Causal","Random error","sample_size","reporting","OK",TRUE,"Yes",0
"STUDY-0611","Causal","Random error","acc_sampl","validity","VAL",TRUE,"No",1
"STUDY-0611","Causal","Random error","sample_ach","validity","OK",TRUE,"Yes",0
"STUDY-0611","Causal","Selection bias","base_sel","validity","VAL",TRUE,"No",1
"STUDY-0611","Causal","Selection bias","comp_dis","reporting","REP",TRUE,"No",0
"STUDY-0611","Causal","Measurement bias","val_outcome","validity","VAL",TRUE,"Yes, the authors conducted content/face validity or cited the content/face validity from other studies",0.5
"STUDY-0611","Causal","Measurement bias","out_bias_acc","validity","VAL",TRUE,"No",1
"STUDY-0611","Causal","Measurement bias","diff_or_nondiff_out","validity","VAL",TRUE,"Differential with respect to the exposure",1
"STUDY-0611","Causal","Measurement bias","val_exposure","validity","VAL",TRUE,"Yes, the authors conducted content/face validity or cited the content/face validity from other studies",0.5
"STUDY-0611","Causal","Measurement bias","exp_bias_acc","validity","VAL",TRUE,"No",1
"STUDY-0611","Causal","Measurement bias","diff_or_nondiff_exp","validity","VAL",TRUE,"Differential with respect to the outcome",1
"STUDY-0611","Causal","Measurement bias","dep_or_indep_misc","validity","OK",TRUE,"Independent",0
"STUDY-0611","Causal","Confounding bias","base_conf_meth","validity","OK",TRUE,"Regression",0
"STUDY-0611","Causal","Confounding bias","conf_var_det","validity","VAL",TRUE,"Based on none of the above",0.6666667
"STUDY-0611","Causal","Confounding bias","tv_conf_meth","validity","NA",TRUE,"No || ",0
"STUDY-0611","Causal","Missing data","miss_outcome","reporting","REP",TRUE,"Not reported or unknown",0
"STUDY-0611","Causal","Missing data","miss_exposure","reporting","OK",TRUE,"No",0
"STUDY-0611","Causal","Mentioning errors","err_disc","reporting","OK",TRUE,"Selection bias;Measurement bias",0
"STUDY-0942","Causal","Random error","sample_size","reporting","OK",TRUE,"Yes",0
"STUDY-0942","Causal","Random error","acc_sampl","validity","VAL",TRUE,"No",1
"STUDY-0942","Causal","Random error","sample_ach","validity","OK",TRUE,"Yes",0
"STUDY-0942","Causal","Selection bias","base_sel","validity","VAL",TRUE,"No",1
"STUDY-0942","Causal","Selection bias","comp_dis","reporting","REP",TRUE,"No",0
"STUDY-0942","Causal","Measurement bias","val_outcome","validity","VAL",TRUE,"Yes, the authors conducted content/face validity or cited the content/face validity from other studies",0.5
"STUDY-0942","Causal","Measurement bias","out_bias_acc","validity","VAL",TRUE,"No",1
"STUDY-0942","Causal","Measurement bias","diff_or_nondiff_out","validity","OK",TRUE,"Non-differential with respect to the exposure",0
"STUDY-0942","Causal","Measurement bias","val_exposure","validity","NA",TRUE,"This type of objective measurement does not usually require validation (e.g., surgical intervention)",0
"STUDY-0942","Causal","Measurement bias","exp_bias_acc","validity","VAL",TRUE,"No",1
"STUDY-0942","Causal","Measurement bias","diff_or_nondiff_exp","validity","OK",TRUE,"Non-differential with respect to the outcome",0
"STUDY-0942","Causal","Measurement bias","dep_or_indep_misc","validity","OK",TRUE,"Independent",0
"STUDY-0942","Causal","Confounding bias","base_conf_meth","validity","OK",TRUE,"Regression",0
"STUDY-0942","Causal","Confounding bias","conf_var_det","validity","VAL",TRUE,"Based on none of the above",0.6666667
"STUDY-0942","Causal","Confounding bias","tv_conf_meth","validity","NA",TRUE,"No || ",0
"STUDY-0942","Causal","Missing data","miss_outcome","reporting","REP",TRUE,"Not reported or unknown",0
"STUDY-0942","Causal","Missing data","miss_exposure","reporting","OK",TRUE,"No",0
"STUDY-0942","Causal","Mentioning errors","err_disc","reporting","OK",TRUE,"Confounding bias",0
"STUDY-0492","Descriptive","Selection bias","base_sel","validity","OK",TRUE,"No baseline selection bias from investigator",0
"STUDY-0492","Descriptive","Measurement bias","val_outcome","validity","VAL",TRUE,"No",1
"STUDY-0492","Descriptive","Measurement bias","out_bias_acc","validity","VAL",TRUE,"No",1
"STUDY-0492","Descriptive","Missing data","miss_outcome","reporting","OK",TRUE,"No",0
"STUDY-0492","Descriptive","Mentioning errors","err_disc","reporting","REP",TRUE,"None of the above",0
"STUDY-0492","Descriptive","Conflating task","confl_task","validity","VAL",TRUE,"Yes",1
"STUDY-0739","Causal","Random error","sample_size","reporting","REP",TRUE,"No",0
"STUDY-0739","Causal","Random error","acc_sampl","validity","NA",TRUE,"",0
"STUDY-0739","Causal","Random error","sample_ach","validity","NA",TRUE,"",0
"STUDY-0739","Causal","Selection bias","base_sel","validity","VAL",TRUE,"No",1
"STUDY-0739","Causal","Selection bias","comp_dis","reporting","REP",TRUE,"No",0
"STUDY-0739","Causal","Selection bias","ltfu_bias","reporting","REP",TRUE,"Not reported or unknown",0
"STUDY-0739","Causal","Measurement bias","val_outcome","validity","OK",TRUE,"Yes, the authors conducted criterion validity or cited the criterion validity from other studies",0
"STUDY-0739","Causal","Measurement bias","out_bias_acc","validity","VAL",TRUE,"No",1
"STUDY-0739","Causal","Measurement bias","diff_or_nondiff_out","validity","VAL",TRUE,"Differential with respect to the exposure",1
"STUDY-0739","Causal","Measurement bias","val_exposure","validity","VAL",TRUE,"Yes, the authors conducted content/face validity or cited the content/face validity from other studies",0.5
"STUDY-0739","Causal","Measurement bias","exp_bias_acc","validity","VAL",TRUE,"No",1
"STUDY-0739","Causal","Measurement bias","diff_or_nondiff_exp","validity","OK",TRUE,"Non-differential with respect to the outcome",0
"STUDY-0739","Causal","Measurement bias","dep_or_indep_misc","validity","VAL",TRUE,"Dependent",1
"STUDY-0739","Causal","Confounding bias","base_conf_meth","validity","VAL",TRUE,"No adjustment for baseline confounding was done",1
"STUDY-0739","Causal","Confounding bias","conf_var_det","validity","NA",TRUE,"No adjustment for baseline and time-varying confounding was done",0
"STUDY-0739","Causal","Confounding bias","tv_conf_meth","validity","NA",TRUE,"No || ",0
"STUDY-0739","Causal","Missing data","miss_outcome","reporting","REP",TRUE,"Not reported or unknown",0
"STUDY-0739","Causal","Missing data","miss_exposure","reporting","OK",TRUE,"No",0
"STUDY-0739","Causal","Mentioning errors","err_disc","reporting","REP",TRUE,"None of the above",0
"STUDY-0306","Causal","Selection bias","base_sel","validity","VAL",TRUE,"No",1
"STUDY-0306","Causal","Selection bias","comp_dis","reporting","REP",TRUE,"No",0
"STUDY-0306","Causal","Measurement bias","val_outcome","validity","VAL",TRUE,"No",1
"STUDY-0306","Causal","Measurement bias","out_bias_acc","validity","VAL",TRUE,"No",1
"STUDY-0306","Causal","Measurement bias","diff_or_nondiff_out","validity","OK",TRUE,"Non-differential with respect to the exposure",0
"STUDY-0306","Causal","Measurement bias","val_exposure","validity","VAL",TRUE,"Yes, the authors conducted content/face validity or cited the content/face validity from other studies",0.5
"STUDY-0306","Causal","Measurement bias","exp_bias_acc","validity","VAL",TRUE,"No",1
"STUDY-0306","Causal","Measurement bias","diff_or_nondiff_exp","validity","VAL",TRUE,"Differential with respect to the outcome",1
"STUDY-0306","Causal","Measurement bias","dep_or_indep_misc","validity","OK",TRUE,"Independent",0
"STUDY-0306","Causal","Confounding bias","base_conf_meth","validity","OK",TRUE,"Regression",0
"STUDY-0306","Causal","Confounding bias","conf_var_det","validity","VAL",TRUE,"Based on previous literature;Based on statistical criteria",0.3333333
"STUDY-0306","Causal","Confounding bias","tv_conf_meth","validity","NA",TRUE,"No || ",0
"STUDY-0306","Causal","Missing data","miss_outcome","reporting","REP",TRUE,"Not reported or unknown",0
"STUDY-0306","Causal","Missing data","miss_exposure","reporting","OK",TRUE,"Yes",0
"STUDY-0306","Causal","Missing data","hand_miss_exposure","validity","VAL",TRUE,"No",1
"STUDY-0306","Causal","Mentioning errors","err_disc","reporting","OK",TRUE,"Random error;Measurement bias",0
"STUDY-0112","Causal","Random error","sample_size","reporting","REP",TRUE,"No",0
"STUDY-0112","Causal","Random error","acc_sampl","validity","NA",TRUE,"",0
"STUDY-0112","Causal","Random error","sample_ach","validity","NA",TRUE,"",0
"STUDY-0112","Causal","Selection bias","base_sel","validity","VAL",TRUE,"No",1
"STUDY-0112","Causal","Selection bias","comp_dis","reporting","REP",TRUE,"No",0
"STUDY-0112","Causal","Measurement bias","val_outcome","validity","OK",TRUE,"Yes, the authors conducted criterion validity or cited the criterion validity from other studies",0
"STUDY-0112","Causal","Measurement bias","out_bias_acc","validity","VAL",TRUE,"No",1
"STUDY-0112","Causal","Measurement bias","diff_or_nondiff_out","validity","VAL",TRUE,"Differential with respect to the exposure",1
"STUDY-0112","Causal","Measurement bias","val_exposure","validity","NA",TRUE,"This type of objective measurement does not usually require validation (e.g., surgical intervention)",0
"STUDY-0112","Causal","Measurement bias","exp_bias_acc","validity","VAL",TRUE,"No",1
"STUDY-0112","Causal","Measurement bias","diff_or_nondiff_exp","validity","OK",TRUE,"Non-differential with respect to the outcome",0
"STUDY-0112","Causal","Measurement bias","dep_or_indep_misc","validity","VAL",TRUE,"Dependent",1
"STUDY-0112","Causal","Confounding bias","base_conf_meth","validity","OK",TRUE,"Regression",0
"STUDY-0112","Causal","Confounding bias","conf_var_det","validity","VAL",TRUE,"Based on none of the above",0.6666667
"STUDY-0112","Causal","Confounding bias","tv_conf_meth","validity","NA",TRUE,"No || ",0
"STUDY-0112","Causal","Missing data","miss_outcome","reporting","REP",TRUE,"Not reported or unknown",0
"STUDY-0112","Causal","Missing data","miss_exposure","reporting","REP",TRUE,"Not reported or unknown",0
"STUDY-0112","Causal","Mentioning errors","err_disc","reporting","OK",TRUE,"Measurement bias",0
"STUDY-0613","Causal","Random error","sample_size","reporting","REP",TRUE,"No",0
"STUDY-0613","Causal","Random error","acc_sampl","validity","NA",TRUE,"",0
"STUDY-0613","Causal","Random error","sample_ach","validity","NA",TRUE,"",0
"STUDY-0613","Causal","Selection bias","base_sel","validity","VAL",TRUE,"No",1
"STUDY-0613","Causal","Selection bias","comp_dis","reporting","REP",TRUE,"No",0
"STUDY-0613","Causal","Measurement bias","val_outcome","validity","VAL",TRUE,"No",1
"STUDY-0613","Causal","Measurement bias","out_bias_acc","validity","VAL",TRUE,"No",1
"STUDY-0613","Causal","Measurement bias","diff_or_nondiff_out","validity","OK",TRUE,"Non-differential with respect to the exposure",0
"STUDY-0613","Causal","Measurement bias","val_exposure","validity","VAL",TRUE,"No",1
"STUDY-0613","Causal","Measurement bias","exp_bias_acc","validity","VAL",TRUE,"No",1
"STUDY-0613","Causal","Measurement bias","diff_or_nondiff_exp","validity","VAL",TRUE,"Differential with respect to the outcome",1
"STUDY-0613","Causal","Measurement bias","dep_or_indep_misc","validity","OK",TRUE,"Independent",0
"STUDY-0613","Causal","Confounding bias","base_conf_meth","validity","OK",TRUE,"Matching",0
"STUDY-0613","Causal","Confounding bias","conf_var_det","validity","VAL",TRUE,"Based on none of the above",0.6666667
"STUDY-0613","Causal","Confounding bias","tv_conf_meth","validity","NA",TRUE,"No || ",0
"STUDY-0613","Causal","Missing data","miss_outcome","reporting","OK",TRUE,"No",0
"STUDY-0613","Causal","Missing data","miss_exposure","reporting","REP",TRUE,"Not reported or unknown",0
"STUDY-0613","Causal","Mentioning errors","err_disc","reporting","REP",TRUE,"None of the above",0
"STUDY-0522","Causal","Random error","sample_size","reporting","OK",TRUE,"Yes",0
"STUDY-0522","Causal","Random error","acc_sampl","validity","VAL",TRUE,"No",1
"STUDY-0522","Causal","Random error","sample_ach","validity","OK",TRUE,"Yes",0
"STUDY-0522","Causal","Selection bias","base_sel","validity","VAL",TRUE,"No",1
"STUDY-0522","Causal","Selection bias","comp_dis","reporting","REP",TRUE,"No",0
"STUDY-0522","Causal","Measurement bias","val_outcome","validity","VAL",TRUE,"No",1
"STUDY-0522","Causal","Measurement bias","out_bias_acc","validity","VAL",TRUE,"No",1
"STUDY-0522","Causal","Measurement bias","diff_or_nondiff_out","validity","OK",TRUE,"Non-differential with respect to the exposure",0
"STUDY-0522","Causal","Measurement bias","val_exposure","validity","NA",TRUE,"This type of objective measurement does not usually require validation (e.g., surgical intervention)",0
"STUDY-0522","Causal","Measurement bias","exp_bias_acc","validity","VAL",TRUE,"No",1
"STUDY-0522","Causal","Measurement bias","diff_or_nondiff_exp","validity","OK",TRUE,"Non-differential with respect to the outcome",0
"STUDY-0522","Causal","Measurement bias","dep_or_indep_misc","validity","OK",TRUE,"Independent",0
"STUDY-0522","Causal","Confounding bias","base_conf_meth","validity","VAL",TRUE,"No adjustment for baseline confounding was done",1
"STUDY-0522","Causal","Confounding bias","conf_var_det","validity","NA",TRUE,"No adjustment for baseline and time-varying confounding was done",0
"STUDY-0522","Causal","Confounding bias","tv_conf_meth","validity","NA",TRUE,"No || ",0
"STUDY-0522","Causal","Missing data","miss_outcome","reporting","REP",TRUE,"Not reported or unknown",0
"STUDY-0522","Causal","Missing data","miss_exposure","reporting","REP",TRUE,"Not reported or unknown",0
"STUDY-0522","Causal","Mentioning errors","err_disc","reporting","REP",TRUE,"None of the above",0
"STUDY-0792","Causal","Selection bias","base_sel","validity","OK",TRUE,"No baseline selection bias from investigator",0
"STUDY-0792","Causal","Selection bias","comp_dis","reporting","NA",TRUE,"",0
"STUDY-0792","Causal","Measurement bias","val_outcome","validity","VAL",TRUE,"Yes, the authors conducted content/face validity or cited the content/face validity from other studies",0.5
"STUDY-0792","Causal","Measurement bias","out_bias_acc","validity","VAL",TRUE,"No",1
"STUDY-0792","Causal","Measurement bias","diff_or_nondiff_out","validity","VAL",TRUE,"Differential with respect to the exposure",1
"STUDY-0792","Causal","Measurement bias","val_exposure","validity","VAL",TRUE,"Yes, the authors conducted content/face validity or cited the content/face validity from other studies",0.5
"STUDY-0792","Causal","Measurement bias","exp_bias_acc","validity","VAL",TRUE,"No",1
"STUDY-0792","Causal","Measurement bias","diff_or_nondiff_exp","validity","OK",TRUE,"Non-differential with respect to the outcome",0
"STUDY-0792","Causal","Measurement bias","dep_or_indep_misc","validity","VAL",TRUE,"Dependent",1
"STUDY-0792","Causal","Confounding bias","base_conf_meth","validity","OK",TRUE,"Randomization",0
"STUDY-0792","Causal","Confounding bias","conf_var_det","validity","NA",TRUE,"No adjustment for baseline and time-varying confounding was done",0
"STUDY-0792","Causal","Confounding bias","tv_conf_meth","validity","NA",TRUE,"No || ",0
"STUDY-0792","Causal","Missing data","miss_outcome","reporting","REP",TRUE,"Not reported or unknown",0
"STUDY-0792","Causal","Missing data","miss_exposure","reporting","OK",TRUE,"No",0
"STUDY-0792","Causal","Mentioning errors","err_disc","reporting","OK",TRUE,"Measurement bias",0
"STUDY-0248","Causal","Random error","sample_size","reporting","OK",TRUE,"Yes",0
"STUDY-0248","Causal","Random error","acc_sampl","validity","VAL",TRUE,"No",1
"STUDY-0248","Causal","Random error","sample_ach","validity","OK",TRUE,"Yes",0
"STUDY-0248","Causal","Selection bias","base_sel","validity","VAL",TRUE,"No",1
"STUDY-0248","Causal","Selection bias","comp_dis","reporting","REP",TRUE,"No",0
"STUDY-0248","Causal","Selection bias","ltfu_bias","reporting","OK",TRUE,"No",0
"STUDY-0248","Causal","Measurement bias","val_outcome","validity","VAL",TRUE,"Yes, the authors conducted content/face validity or cited the content/face validity from other studies",0.5
"STUDY-0248","Causal","Measurement bias","out_bias_acc","validity","VAL",TRUE,"No",1
"STUDY-0248","Causal","Measurement bias","diff_or_nondiff_out","validity","OK",TRUE,"Non-differential with respect to the exposure",0
"STUDY-0248","Causal","Measurement bias","val_exposure","validity","NA",TRUE,"This type of objective measurement does not usually require validation (e.g., surgical intervention)",0
"STUDY-0248","Causal","Measurement bias","exp_bias_acc","validity","VAL",TRUE,"No",1
"STUDY-0248","Causal","Measurement bias","diff_or_nondiff_exp","validity","OK",TRUE,"Non-differential with respect to the outcome",0
"STUDY-0248","Causal","Measurement bias","dep_or_indep_misc","validity","OK",TRUE,"Independent",0
"STUDY-0248","Causal","Confounding bias","base_conf_meth","validity","OK",TRUE,"Randomization",0
"STUDY-0248","Causal","Confounding bias","conf_var_det","validity","NA",TRUE,"No adjustment for baseline and time-varying confounding was done",0
"STUDY-0248","Causal","Confounding bias","tv_conf_meth","validity","NA",TRUE,"No || ",0
"STUDY-0248","Causal","Missing data","miss_outcome","reporting","REP",TRUE,"Not reported or unknown",0
"STUDY-0248","Causal","Missing data","miss_exposure","reporting","OK",TRUE,"No",0
"STUDY-0248","Causal","Mentioning errors","err_disc","reporting","REP",TRUE,"None of the above",0
"STUDY-0189","Causal","Random error","sample_size","reporting","OK",TRUE,"Yes",0
"STUDY-0189","Causal","Random error","acc_sampl","validity","VAL",TRUE,"No",1
"STUDY-0189","Causal","Random error","sample_ach","validity","OK",TRUE,"Yes",0
"STUDY-0189","Causal","Selection bias","base_sel","validity","OK",TRUE,"No baseline selection bias from investigator",0
"STUDY-0189","Causal","Selection bias","comp_dis","reporting","NA",TRUE,"",0
"STUDY-0189","Causal","Selection bias","ltfu_bias","reporting","REP",TRUE,"Not reported or unknown",0
"STUDY-0189","Causal","Measurement bias","val_outcome","validity","VAL",TRUE,"No",1
"STUDY-0189","Causal","Measurement bias","out_bias_acc","validity","VAL",TRUE,"No",1
"STUDY-0189","Causal","Measurement bias","diff_or_nondiff_out","validity","OK",TRUE,"Non-differential with respect to the exposure",0
"STUDY-0189","Causal","Measurement bias","val_exposure","validity","VAL",TRUE,"No",1
"STUDY-0189","Causal","Measurement bias","exp_bias_acc","validity","VAL",TRUE,"No",1
"STUDY-0189","Causal","Measurement bias","diff_or_nondiff_exp","validity","OK",TRUE,"Non-differential with respect to the outcome",0
"STUDY-0189","Causal","Measurement bias","dep_or_indep_misc","validity","VAL",TRUE,"Dependent",1
"STUDY-0189","Causal","Confounding bias","base_conf_meth","validity","OK",TRUE,"Matching;Regression;Propensity score;Inverse probability of treatment weighting",0
"STUDY-0189","Causal","Confounding bias","conf_var_det","validity","VAL",TRUE,"Based on none of the above",0.6666667
"STUDY-0189","Causal","Confounding bias","tv_conf_meth","validity","OK",TRUE,"Yes || Matching;Propensity score;Inverse probability of treatment weighting",0
"STUDY-0189","Causal","Missing data","miss_outcome","reporting","OK",TRUE,"No",0
"STUDY-0189","Causal","Missing data","miss_exposure","reporting","OK",TRUE,"No",0
"STUDY-0189","Causal","Mentioning errors","err_disc","reporting","OK",TRUE,"Selection bias;Measurement bias;Confounding bias",0
"STUDY-0701","Descriptive","Random error","sample_size","reporting","REP",TRUE,"No",0
"STUDY-0701","Descriptive","Random error","acc_sampl","validity","NA",TRUE,"",0
"STUDY-0701","Descriptive","Random error","sample_ach","validity","NA",TRUE,"",0
"STUDY-0701","Descriptive","Selection bias","base_sel","validity","VAL",TRUE,"No",1
"STUDY-0701","Descriptive","Measurement bias","val_outcome","validity","VAL",TRUE,"Yes, the authors conducted content/face validity or cited the content/face validity from other studies",0.5
"STUDY-0701","Descriptive","Measurement bias","out_bias_acc","validity","VAL",TRUE,"No",1
"STUDY-0701","Descriptive","Missing data","miss_outcome","reporting","OK",TRUE,"No",0
"STUDY-0701","Descriptive","Mentioning errors","err_disc","reporting","REP",TRUE,"None of the above",0
"STUDY-0701","Descriptive","Conflating task","confl_task","validity","OK",TRUE,"No",0
"STUDY-0040","Causal","Random error","sample_size","reporting","OK",TRUE,"Yes",0
"STUDY-0040","Causal","Random error","acc_sampl","validity","OK",TRUE,"Yes",0
"STUDY-0040","Causal","Random error","sample_ach","validity","OK",TRUE,"Yes",0
"STUDY-0040","Causal","Selection bias","base_sel","validity","VAL",TRUE,"No",1
"STUDY-0040","Causal","Selection bias","comp_dis","reporting","REP",TRUE,"No",0
"STUDY-0040","Causal","Selection bias","ltfu_bias","reporting","OK",TRUE,"Yes",0
"STUDY-0040","Causal","Selection bias","ltfu_acc","validity","VAL",TRUE,"No",1
"STUDY-0040","Causal","Measurement bias","val_outcome","validity","OK",TRUE,"Yes, the authors conducted criterion validity or cited the criterion validity from other studies",0
"STUDY-0040","Causal","Measurement bias","out_bias_acc","validity","VAL",TRUE,"No",1
"STUDY-0040","Causal","Measurement bias","diff_or_nondiff_out","validity","OK",TRUE,"Non-differential with respect to the exposure",0
"STUDY-0040","Causal","Measurement bias","val_exposure","validity","NA",TRUE,"This type of objective measurement does not usually require validation (e.g., surgical intervention)",0
"STUDY-0040","Causal","Measurement bias","exp_bias_acc","validity","VAL",TRUE,"No",1
"STUDY-0040","Causal","Measurement bias","diff_or_nondiff_exp","validity","OK",TRUE,"Non-differential with respect to the outcome",0
"STUDY-0040","Causal","Measurement bias","dep_or_indep_misc","validity","OK",TRUE,"Independent",0
"STUDY-0040","Causal","Confounding bias","base_conf_meth","validity","OK",TRUE,"Randomization",0
"STUDY-0040","Causal","Confounding bias","conf_var_det","validity","VAL",TRUE,"Based on none of the above",0.6666667
"STUDY-0040","Causal","Confounding bias","tv_conf_meth","validity","NA",TRUE,"No || ",0
"STUDY-0040","Causal","Missing data","miss_outcome","reporting","OK",TRUE,"Yes",0
"STUDY-0040","Causal","Missing data","hand_miss_outcom","validity","VAL",TRUE,"No",1
"STUDY-0040","Causal","Missing data","miss_exposure","reporting","OK",TRUE,"No",0
"STUDY-0040","Causal","Mentioning errors","err_disc","reporting","OK",TRUE,"Random error",0
"STUDY-0402","Descriptive","Random error","sample_size","reporting","OK",TRUE,"Yes",0
"STUDY-0402","Descriptive","Random error","acc_sampl","validity","VAL",TRUE,"No",1
"STUDY-0402","Descriptive","Random error","sample_ach","validity","OK",TRUE,"Yes",0
"STUDY-0402","Descriptive","Selection bias","base_sel","validity","VAL",TRUE,"No",1
"STUDY-0402","Descriptive","Measurement bias","val_outcome","validity","OK",TRUE,"Yes, the authors conducted criterion validity or cited the criterion validity from other studies",0
"STUDY-0402","Descriptive","Measurement bias","out_bias_acc","validity","OK",TRUE,"Yes",0
"STUDY-0402","Descriptive","Missing data","miss_outcome","reporting","OK",TRUE,"No",0
"STUDY-0402","Descriptive","Mentioning errors","err_disc","reporting","OK",TRUE,"Random error;Measurement bias",0
"STUDY-0402","Descriptive","Conflating task","confl_task","validity","VAL",TRUE,"Yes",1
"STUDY-0977","Causal","Random error","sample_size","reporting","REP",TRUE,"No",0
"STUDY-0977","Causal","Random error","acc_sampl","validity","NA",TRUE,"",0
"STUDY-0977","Causal","Random error","sample_ach","validity","NA",TRUE,"",0
"STUDY-0977","Causal","Selection bias","base_sel","validity","VAL",TRUE,"No",1
"STUDY-0977","Causal","Selection bias","comp_dis","reporting","REP",TRUE,"No",0
"STUDY-0977","Causal","Selection bias","ltfu_bias","reporting","REP",TRUE,"Not reported or unknown",0
"STUDY-0977","Causal","Measurement bias","val_outcome","validity","VAL",TRUE,"Yes, the authors conducted content/face validity or cited the content/face validity from other studies",0.5
"STUDY-0977","Causal","Measurement bias","out_bias_acc","validity","VAL",TRUE,"No",1
"STUDY-0977","Causal","Measurement bias","diff_or_nondiff_out","validity","VAL",TRUE,"Differential with respect to the exposure",1
"STUDY-0977","Causal","Measurement bias","val_exposure","validity","NA",TRUE,"This type of objective measurement does not usually require validation (e.g., surgical intervention)",0
"STUDY-0977","Causal","Measurement bias","exp_bias_acc","validity","VAL",TRUE,"No",1
"STUDY-0977","Causal","Measurement bias","diff_or_nondiff_exp","validity","OK",TRUE,"Non-differential with respect to the outcome",0
"STUDY-0977","Causal","Measurement bias","dep_or_indep_misc","validity","OK",TRUE,"Independent",0
"STUDY-0977","Causal","Confounding bias","base_conf_meth","validity","VAL",TRUE,"No adjustment for baseline confounding was done",1
"STUDY-0977","Causal","Confounding bias","conf_var_det","validity","NA",TRUE,"No adjustment for baseline and time-varying confounding was done",0
"STUDY-0977","Causal","Confounding bias","tv_conf_meth","validity","NA",TRUE,"No || ",0
"STUDY-0977","Causal","Missing data","miss_outcome","reporting","REP",TRUE,"Not reported or unknown",0
"STUDY-0977","Causal","Missing data","miss_exposure","reporting","OK",TRUE,"No",0
"STUDY-0977","Causal","Mentioning errors","err_disc","reporting","REP",TRUE,"None of the above",0
"STUDY-0429","Causal","Random error","sample_size","reporting","OK",TRUE,"Yes",0
"STUDY-0429","Causal","Random error","acc_sampl","validity","OK",TRUE,"Yes",0
"STUDY-0429","Causal","Random error","sample_ach","validity","OK",TRUE,"Yes",0
"STUDY-0429","Causal","Selection bias","base_sel","validity","VAL",TRUE,"No",1
"STUDY-0429","Causal","Selection bias","comp_dis","reporting","REP",TRUE,"No",0
"STUDY-0429","Causal","Selection bias","ltfu_bias","reporting","OK",TRUE,"Yes",0
"STUDY-0429","Causal","Selection bias","ltfu_acc","validity","OK",TRUE,"Yes",0
"STUDY-0429","Causal","Measurement bias","val_outcome","validity","VAL",TRUE,"Yes, the authors conducted content/face validity or cited the content/face validity from other studies",0.5
"STUDY-0429","Causal","Measurement bias","out_bias_acc","validity","VAL",TRUE,"No",1
"STUDY-0429","Causal","Measurement bias","diff_or_nondiff_out","validity","OK",TRUE,"Non-differential with respect to the exposure",0
"STUDY-0429","Causal","Measurement bias","val_exposure","validity","VAL",TRUE,"Yes, the authors conducted content/face validity or cited the content/face validity from other studies",0.5
"STUDY-0429","Causal","Measurement bias","exp_bias_acc","validity","VAL",TRUE,"No",1
"STUDY-0429","Causal","Measurement bias","diff_or_nondiff_exp","validity","OK",TRUE,"Non-differential with respect to the outcome",0
"STUDY-0429","Causal","Measurement bias","dep_or_indep_misc","validity","OK",TRUE,"Independent",0
"STUDY-0429","Causal","Confounding bias","base_conf_meth","validity","OK",TRUE,"Randomization;Regression",0
"STUDY-0429","Causal","Confounding bias","conf_var_det","validity","NA",TRUE,"No adjustment for baseline and time-varying confounding was done",0
"STUDY-0429","Causal","Confounding bias","tv_conf_meth","validity","NA",TRUE,"No || ",0
"STUDY-0429","Causal","Missing data","miss_outcome","reporting","OK",TRUE,"Yes",0
"STUDY-0429","Causal","Missing data","hand_miss_outcom","validity","VAL",TRUE,"Yes, single imputation with predicted value using regression",0.25
"STUDY-0429","Causal","Missing data","miss_exposure","reporting","OK",TRUE,"No",0
"STUDY-0429","Causal","Mentioning errors","err_disc","reporting","REP",TRUE,"None of the above",0
"STUDY-0589","Causal","Random error","sample_size","reporting","REP",TRUE,"No",0
"STUDY-0589","Causal","Random error","acc_sampl","validity","NA",TRUE,"",0
"STUDY-0589","Causal","Random error","sample_ach","validity","NA",TRUE,"",0
"STUDY-0589","Causal","Selection bias","base_sel","validity","VAL",TRUE,"No",1
"STUDY-0589","Causal","Selection bias","comp_dis","reporting","REP",TRUE,"No",0
"STUDY-0589","Causal","Measurement bias","val_outcome","validity","VAL",TRUE,"No",1
"STUDY-0589","Causal","Measurement bias","out_bias_acc","validity","VAL",TRUE,"No",1
"STUDY-0589","Causal","Measurement bias","diff_or_nondiff_out","validity","OK",TRUE,"Non-differential with respect to the exposure",0
"STUDY-0589","Causal","Measurement bias","val_exposure","validity","OK",TRUE,"Yes, the authors conducted criterion validity or cited the criterion validity from other studies",0
"STUDY-0589","Causal","Measurement bias","exp_bias_acc","validity","VAL",TRUE,"No",1
"STUDY-0589","Causal","Measurement bias","diff_or_nondiff_exp","validity","OK",TRUE,"Non-differential with respect to the outcome",0
"STUDY-0589","Causal","Measurement bias","dep_or_indep_misc","validity","OK",TRUE,"Independent",0
"STUDY-0589","Causal","Confounding bias","base_conf_meth","validity","OK",TRUE,"Regression",0
"STUDY-0589","Causal","Confounding bias","conf_var_det","validity","VAL",TRUE,"Based on previous literature",0.3333333
"STUDY-0589","Causal","Confounding bias","tv_conf_meth","validity","NA",TRUE,"No || ",0
"STUDY-0589","Causal","Missing data","miss_outcome","reporting","OK",TRUE,"No",0
"STUDY-0589","Causal","Missing data","miss_exposure","reporting","OK",TRUE,"Yes",0
"STUDY-0589","Causal","Missing data","hand_miss_exposure","validity","VAL",TRUE,"No",1
"STUDY-0589","Causal","Mentioning errors","err_disc","reporting","REP",TRUE,"None of the above",0
"STUDY-0933","Causal","Random error","sample_size","reporting","REP",TRUE,"No",0
"STUDY-0933","Causal","Random error","acc_sampl","validity","NA",TRUE,"",0
"STUDY-0933","Causal","Random error","sample_ach","validity","NA",TRUE,"",0
"STUDY-0933","Causal","Selection bias","base_sel","validity","VAL",TRUE,"No",1
"STUDY-0933","Causal","Selection bias","comp_dis","reporting","REP",TRUE,"No",0
"STUDY-0933","Causal","Measurement bias","val_outcome","validity","VAL",TRUE,"Yes, the authors conducted content/face validity or cited the content/face validity from other studies",0.5
"STUDY-0933","Causal","Measurement bias","out_bias_acc","validity","VAL",TRUE,"No",1
"STUDY-0933","Causal","Measurement bias","diff_or_nondiff_out","validity","VAL",TRUE,"Differential with respect to the exposure",1
"STUDY-0933","Causal","Measurement bias","val_exposure","validity","NA",TRUE,"This type of objective measurement does not usually require validation (e.g., surgical intervention)",0
"STUDY-0933","Causal","Measurement bias","exp_bias_acc","validity","VAL",TRUE,"No",1
"STUDY-0933","Causal","Measurement bias","diff_or_nondiff_exp","validity","OK",TRUE,"Non-differential with respect to the outcome",0
"STUDY-0933","Causal","Measurement bias","dep_or_indep_misc","validity","VAL",TRUE,"Dependent",1
"STUDY-0933","Causal","Confounding bias","base_conf_meth","validity","OK",TRUE,"Regression",0
"STUDY-0933","Causal","Confounding bias","conf_var_det","validity","VAL",TRUE,"Based on none of the above",0.6666667
"STUDY-0933","Causal","Confounding bias","tv_conf_meth","validity","NA",TRUE,"No || ",0
"STUDY-0933","Causal","Missing data","miss_outcome","reporting","OK",TRUE,"No",0
"STUDY-0933","Causal","Missing data","miss_exposure","reporting","OK",TRUE,"No",0
"STUDY-0933","Causal","Mentioning errors","err_disc","reporting","OK",TRUE,"Measurement bias",0
"STUDY-0330","Causal","Random error","sample_size","reporting","OK",TRUE,"Yes",0
"STUDY-0330","Causal","Random error","acc_sampl","validity","OK",TRUE,"Yes",0
"STUDY-0330","Causal","Random error","sample_ach","validity","OK",TRUE,"Yes",0
"STUDY-0330","Causal","Selection bias","base_sel","validity","VAL",TRUE,"No",1
"STUDY-0330","Causal","Selection bias","comp_dis","reporting","REP",TRUE,"No",0
"STUDY-0330","Causal","Measurement bias","val_outcome","validity","VAL",TRUE,"Yes, the authors conducted content/face validity or cited the content/face validity from other studies",0.5
"STUDY-0330","Causal","Measurement bias","out_bias_acc","validity","VAL",TRUE,"No",1
"STUDY-0330","Causal","Measurement bias","diff_or_nondiff_out","validity","OK",TRUE,"Non-differential with respect to the exposure",0
"STUDY-0330","Causal","Measurement bias","val_exposure","validity","NA",TRUE,"This type of objective measurement does not usually require validation (e.g., surgical intervention)",0
"STUDY-0330","Causal","Measurement bias","exp_bias_acc","validity","VAL",TRUE,"No",1
"STUDY-0330","Causal","Measurement bias","diff_or_nondiff_exp","validity","OK",TRUE,"Non-differential with respect to the outcome",0
"STUDY-0330","Causal","Measurement bias","dep_or_indep_misc","validity","VAL",TRUE,"Dependent",1
"STUDY-0330","Causal","Confounding bias","base_conf_meth","validity","OK",TRUE,"Regression",0
"STUDY-0330","Causal","Confounding bias","conf_var_det","validity","VAL",TRUE,"Based on none of the above",0.6666667
"STUDY-0330","Causal","Confounding bias","tv_conf_meth","validity","NA",TRUE,"No || ",0
"STUDY-0330","Causal","Missing data","miss_outcome","reporting","OK",TRUE,"Yes",0
"STUDY-0330","Causal","Missing data","hand_miss_outcom","validity","VAL",TRUE,"No",1
"STUDY-0330","Causal","Missing data","miss_exposure","reporting","OK",TRUE,"Yes",0
"STUDY-0330","Causal","Missing data","hand_miss_exposure","validity","VAL",TRUE,"No",1
"STUDY-0330","Causal","Mentioning errors","err_disc","reporting","OK",TRUE,"Random error;Measurement bias",0
"STUDY-0922","Causal","Random error","sample_size","reporting","REP",TRUE,"No",0
"STUDY-0922","Causal","Random error","acc_sampl","validity","NA",TRUE,"",0
"STUDY-0922","Causal","Random error","sample_ach","validity","NA",TRUE,"",0
"STUDY-0922","Causal","Selection bias","base_sel","validity","VAL",TRUE,"No",1
"STUDY-0922","Causal","Selection bias","comp_dis","reporting","REP",TRUE,"No",0
"STUDY-0922","Causal","Measurement bias","val_outcome","validity","OK",TRUE,"Yes, the authors conducted criterion validity or cited the criterion validity from other studies",0
"STUDY-0922","Causal","Measurement bias","out_bias_acc","validity","VAL",TRUE,"No",1
"STUDY-0922","Causal","Measurement bias","diff_or_nondiff_out","validity","OK",TRUE,"Non-differential with respect to the exposure",0
"STUDY-0922","Causal","Measurement bias","val_exposure","validity","NA",TRUE,"This type of objective measurement does not usually require validation (e.g., surgical intervention)",0
"STUDY-0922","Causal","Measurement bias","exp_bias_acc","validity","VAL",TRUE,"No",1
"STUDY-0922","Causal","Measurement bias","diff_or_nondiff_exp","validity","OK",TRUE,"Non-differential with respect to the outcome",0
"STUDY-0922","Causal","Measurement bias","dep_or_indep_misc","validity","OK",TRUE,"Independent",0
"STUDY-0922","Causal","Confounding bias","base_conf_meth","validity","VAL",TRUE,"No adjustment for baseline confounding was done",1
"STUDY-0922","Causal","Confounding bias","conf_var_det","validity","NA",TRUE,"No adjustment for baseline and time-varying confounding was done",0
"STUDY-0922","Causal","Confounding bias","tv_conf_meth","validity","NA",TRUE,"No || ",0
"STUDY-0922","Causal","Missing data","miss_outcome","reporting","REP",TRUE,"Not reported or unknown",0
"STUDY-0922","Causal","Missing data","miss_exposure","reporting","REP",TRUE,"Not reported or unknown",0
"STUDY-0922","Causal","Mentioning errors","err_disc","reporting","OK",TRUE,"Random error;Measurement bias;Confounding bias;Missing data",0
"STUDY-0600","Causal","Random error","sample_size","reporting","OK",TRUE,"Yes",0
"STUDY-0600","Causal","Random error","acc_sampl","validity","VAL",TRUE,"No",1
"STUDY-0600","Causal","Random error","sample_ach","validity","OK",TRUE,"Yes",0
"STUDY-0600","Causal","Selection bias","base_sel","validity","VAL",TRUE,"No",1
"STUDY-0600","Causal","Selection bias","comp_dis","reporting","REP",TRUE,"No",0
"STUDY-0600","Causal","Measurement bias","val_outcome","validity","VAL",TRUE,"Yes, the authors conducted content/face validity or cited the content/face validity from other studies",0.5
"STUDY-0600","Causal","Measurement bias","out_bias_acc","validity","VAL",TRUE,"No",1
"STUDY-0600","Causal","Measurement bias","diff_or_nondiff_out","validity","VAL",TRUE,"Differential with respect to the exposure",1
"STUDY-0600","Causal","Measurement bias","val_exposure","validity","OK",TRUE,"Yes, the authors conducted criterion validity or cited the criterion validity from other studies",0
"STUDY-0600","Causal","Measurement bias","exp_bias_acc","validity","VAL",TRUE,"No",1
"STUDY-0600","Causal","Measurement bias","diff_or_nondiff_exp","validity","OK",TRUE,"Non-differential with respect to the outcome",0
"STUDY-0600","Causal","Measurement bias","dep_or_indep_misc","validity","VAL",TRUE,"Dependent",1
"STUDY-0600","Causal","Confounding bias","base_conf_meth","validity","VAL",TRUE,"No adjustment for baseline confounding was done",1
"STUDY-0600","Causal","Confounding bias","conf_var_det","validity","NA",TRUE,"No adjustment for baseline and time-varying confounding was done",0
"STUDY-0600","Causal","Confounding bias","tv_conf_meth","validity","NA",TRUE,"No || ",0
"STUDY-0600","Causal","Missing data","miss_outcome","reporting","OK",TRUE,"Yes",0
"STUDY-0600","Causal","Missing data","hand_miss_outcom","validity","OK",TRUE,"Yes, multiple imputation",0
"STUDY-0600","Causal","Missing data","miss_exposure","reporting","OK",TRUE,"Yes",0
"STUDY-0600","Causal","Missing data","hand_miss_exposure","validity","OK",TRUE,"Yes, multiple imputation",0
"STUDY-0600","Causal","Mentioning errors","err_disc","reporting","OK",TRUE,"Measurement bias",0
"STUDY-0119","Causal","Random error","sample_size","reporting","REP",TRUE,"No",0
"STUDY-0119","Causal","Random error","acc_sampl","validity","NA",TRUE,"",0
"STUDY-0119","Causal","Random error","sample_ach","validity","NA",TRUE,"",0
"STUDY-0119","Causal","Selection bias","base_sel","validity","VAL",TRUE,"No",1
"STUDY-0119","Causal","Selection bias","comp_dis","reporting","REP",TRUE,"No",0
"STUDY-0119","Causal","Measurement bias","val_outcome","validity","VAL",TRUE,"Yes, the authors conducted content/face validity or cited the content/face validity from other studies",0.5
"STUDY-0119","Causal","Measurement bias","out_bias_acc","validity","VAL",TRUE,"No",1
"STUDY-0119","Causal","Measurement bias","diff_or_nondiff_out","validity","OK",TRUE,"Non-differential with respect to the exposure",0
"STUDY-0119","Causal","Measurement bias","val_exposure","validity","VAL",TRUE,"No",1
"STUDY-0119","Causal","Measurement bias","exp_bias_acc","validity","VAL",TRUE,"No",1
"STUDY-0119","Causal","Measurement bias","diff_or_nondiff_exp","validity","OK",TRUE,"Non-differential with respect to the outcome",0
"STUDY-0119","Causal","Measurement bias","dep_or_indep_misc","validity","OK",TRUE,"Independent",0
"STUDY-0119","Causal","Confounding bias","base_conf_meth","validity","OK",TRUE,"Matching",0
"STUDY-0119","Causal","Confounding bias","conf_var_det","validity","VAL",TRUE,"Based on none of the above",0.6666667
"STUDY-0119","Causal","Confounding bias","tv_conf_meth","validity","NA",TRUE,"No || ",0
"STUDY-0119","Causal","Missing data","miss_outcome","reporting","OK",TRUE,"No",0
"STUDY-0119","Causal","Missing data","miss_exposure","reporting","REP",TRUE,"Not reported or unknown",0
"STUDY-0119","Causal","Mentioning errors","err_disc","reporting","OK",TRUE,"Confounding bias",0
"STUDY-0251","Causal","Random error","sample_size","reporting","REP",TRUE,"No",0
"STUDY-0251","Causal","Random error","acc_sampl","validity","NA",TRUE,"",0
"STUDY-0251","Causal","Random error","sample_ach","validity","NA",TRUE,"",0
"STUDY-0251","Causal","Selection bias","base_sel","validity","VAL",TRUE,"No",1
"STUDY-0251","Causal","Selection bias","comp_dis","reporting","REP",TRUE,"No",0
"STUDY-0251","Causal","Measurement bias","val_outcome","validity","VAL",TRUE,"Yes, the authors conducted content/face validity or cited the content/face validity from other studies",0.5
"STUDY-0251","Causal","Measurement bias","out_bias_acc","validity","VAL",TRUE,"No",1
"STUDY-0251","Causal","Measurement bias","diff_or_nondiff_out","validity","OK",TRUE,"Non-differential with respect to the exposure",0
"STUDY-0251","Causal","Measurement bias","val_exposure","validity","VAL",TRUE,"Yes, the authors conducted content/face validity or cited the content/face validity from other studies",0.5
"STUDY-0251","Causal","Measurement bias","exp_bias_acc","validity","VAL",TRUE,"No",1
"STUDY-0251","Causal","Measurement bias","diff_or_nondiff_exp","validity","VAL",TRUE,"Differential with respect to the outcome",1
"STUDY-0251","Causal","Measurement bias","dep_or_indep_misc","validity","VAL",TRUE,"Dependent",1
"STUDY-0251","Causal","Confounding bias","base_conf_meth","validity","VAL",TRUE,"No adjustment for baseline confounding was done",1
"STUDY-0251","Causal","Confounding bias","conf_var_det","validity","NA",TRUE,"No adjustment for baseline and time-varying confounding was done",0
"STUDY-0251","Causal","Confounding bias","tv_conf_meth","validity","NA",TRUE,"No || ",0
"STUDY-0251","Causal","Missing data","miss_outcome","reporting","OK",TRUE,"No",0
"STUDY-0251","Causal","Missing data","miss_exposure","reporting","OK",TRUE,"No",0
"STUDY-0251","Causal","Mentioning errors","err_disc","reporting","OK",TRUE,"Selection bias;Measurement bias",0
"STUDY-0932","Causal","Random error","sample_size","reporting","REP",TRUE,"No",0
"STUDY-0932","Causal","Random error","acc_sampl","validity","NA",TRUE,"",0
"STUDY-0932","Causal","Random error","sample_ach","validity","NA",TRUE,"",0
"STUDY-0932","Causal","Selection bias","base_sel","validity","VAL",TRUE,"No",1
"STUDY-0932","Causal","Selection bias","comp_dis","reporting","REP",TRUE,"No",0
"STUDY-0932","Causal","Measurement bias","val_outcome","validity","VAL",TRUE,"Yes, the authors conducted content/face validity or cited the content/face validity from other studies",0.5
"STUDY-0932","Causal","Measurement bias","out_bias_acc","validity","VAL",TRUE,"No",1
"STUDY-0932","Causal","Measurement bias","diff_or_nondiff_out","validity","OK",TRUE,"Non-differential with respect to the exposure",0
"STUDY-0932","Causal","Measurement bias","val_exposure","validity","NA",TRUE,"This type of objective measurement does not usually require validation (e.g., surgical intervention)",0
"STUDY-0932","Causal","Measurement bias","exp_bias_acc","validity","VAL",TRUE,"No",1
"STUDY-0932","Causal","Measurement bias","diff_or_nondiff_exp","validity","VAL",TRUE,"Differential with respect to the outcome",1
"STUDY-0932","Causal","Measurement bias","dep_or_indep_misc","validity","OK",TRUE,"Independent",0
"STUDY-0932","Causal","Confounding bias","base_conf_meth","validity","VAL",TRUE,"No adjustment for baseline confounding was done",1
"STUDY-0932","Causal","Confounding bias","conf_var_det","validity","NA",TRUE,"No adjustment for baseline and time-varying confounding was done",0
"STUDY-0932","Causal","Confounding bias","tv_conf_meth","validity","NA",TRUE,"No || ",0
"STUDY-0932","Causal","Missing data","miss_outcome","reporting","OK",TRUE,"Yes",0
"STUDY-0932","Causal","Missing data","hand_miss_outcom","validity","VAL",TRUE,"No",1
"STUDY-0932","Causal","Missing data","miss_exposure","reporting","OK",TRUE,"Yes",0
"STUDY-0932","Causal","Missing data","hand_miss_exposure","validity","VAL",TRUE,"No",1
"STUDY-0932","Causal","Mentioning errors","err_disc","reporting","OK",TRUE,"Selection bias;Measurement bias;Missing data",0
"STUDY-0749","Descriptive","Selection bias","base_sel","validity","OK",TRUE,"No baseline selection bias from investigator",0
"STUDY-0749","Descriptive","Measurement bias","val_outcome","validity","NA",TRUE,"This type of objective measurement does not usually require validation (e.g., surgical intervention)",0
"STUDY-0749","Descriptive","Measurement bias","out_bias_acc","validity","VAL",TRUE,"No",1
"STUDY-0749","Descriptive","Missing data","miss_outcome","reporting","REP",TRUE,"Not reported or unknown",0
"STUDY-0749","Descriptive","Mentioning errors","err_disc","reporting","OK",TRUE,"Random error;Selection bias",0
"STUDY-0749","Descriptive","Conflating task","confl_task","validity","OK",TRUE,"No",0
"STUDY-0517","Causal","Random error","sample_size","reporting","REP",TRUE,"No",0
"STUDY-0517","Causal","Random error","acc_sampl","validity","NA",TRUE,"",0
"STUDY-0517","Causal","Random error","sample_ach","validity","NA",TRUE,"",0
"STUDY-0517","Causal","Selection bias","base_sel","validity","VAL",TRUE,"No",1
"STUDY-0517","Causal","Selection bias","comp_dis","reporting","REP",TRUE,"No",0
"STUDY-0517","Causal","Measurement bias","val_outcome","validity","VAL",TRUE,"No",1
"STUDY-0517","Causal","Measurement bias","out_bias_acc","validity","VAL",TRUE,"No",1
"STUDY-0517","Causal","Measurement bias","diff_or_nondiff_out","validity","VAL",TRUE,"Differential with respect to the exposure",1
"STUDY-0517","Causal","Measurement bias","val_exposure","validity","VAL",TRUE,"No",1
"STUDY-0517","Causal","Measurement bias","exp_bias_acc","validity","VAL",TRUE,"No",1
"STUDY-0517","Causal","Measurement bias","diff_or_nondiff_exp","validity","VAL",TRUE,"Differential with respect to the outcome",1
"STUDY-0517","Causal","Measurement bias","dep_or_indep_misc","validity","VAL",TRUE,"Dependent",1
"STUDY-0517","Causal","Confounding bias","base_conf_meth","validity","VAL",TRUE,"No adjustment for baseline confounding was done",1
"STUDY-0517","Causal","Confounding bias","conf_var_det","validity","NA",TRUE,"No adjustment for baseline and time-varying confounding was done",0
"STUDY-0517","Causal","Confounding bias","tv_conf_meth","validity","NA",TRUE,"No || ",0
"STUDY-0517","Causal","Missing data","miss_outcome","reporting","OK",TRUE,"No",0
"STUDY-0517","Causal","Missing data","miss_exposure","reporting","OK",TRUE,"No",0
"STUDY-0517","Causal","Mentioning errors","err_disc","reporting","OK",TRUE,"Measurement bias",0
"STUDY-0210","Descriptive","Random error","sample_size","reporting","REP",TRUE,"No",0
"STUDY-0210","Descriptive","Random error","acc_sampl","validity","NA",TRUE,"",0
"STUDY-0210","Descriptive","Random error","sample_ach","validity","NA",TRUE,"",0
"STUDY-0210","Descriptive","Selection bias","base_sel","validity","VAL",TRUE,"No",1
"STUDY-0210","Descriptive","Measurement bias","val_outcome","validity","VAL",TRUE,"Yes, the authors conducted content/face validity or cited the content/face validity from other studies",0.5
"STUDY-0210","Descriptive","Measurement bias","out_bias_acc","validity","VAL",TRUE,"No",1
"STUDY-0210","Descriptive","Missing data","miss_outcome","reporting","REP",TRUE,"Not reported or unknown",0
"STUDY-0210","Descriptive","Mentioning errors","err_disc","reporting","OK",TRUE,"Measurement bias",0
"STUDY-0210","Descriptive","Conflating task","confl_task","validity","VAL",TRUE,"Yes",1
"STUDY-0923","Causal","Random error","sample_size","reporting","REP",TRUE,"No",0
"STUDY-0923","Causal","Random error","acc_sampl","validity","NA",TRUE,"",0
"STUDY-0923","Causal","Random error","sample_ach","validity","NA",TRUE,"",0
"STUDY-0923","Causal","Selection bias","base_sel","validity","VAL",TRUE,"No",1
"STUDY-0923","Causal","Selection bias","comp_dis","reporting","REP",TRUE,"No",0
"STUDY-0923","Causal","Selection bias","ltfu_bias","reporting","OK",TRUE,"Yes",0
"STUDY-0923","Causal","Selection bias","ltfu_acc","validity","VAL",TRUE,"No",1
"STUDY-0923","Causal","Measurement bias","val_outcome","validity","NA",TRUE,"This type of objective measurement does not usually require validation (e.g., surgical intervention)",0
"STUDY-0923","Causal","Measurement bias","out_bias_acc","validity","VAL",TRUE,"No",1
"STUDY-0923","Causal","Measurement bias","diff_or_nondiff_out","validity","VAL",TRUE,"Differential with respect to the exposure",1
"STUDY-0923","Causal","Measurement bias","val_exposure","validity","NA",TRUE,"This type of objective measurement does not usually require validation (e.g., surgical intervention)",0
"STUDY-0923","Causal","Measurement bias","exp_bias_acc","validity","VAL",TRUE,"No",1
"STUDY-0923","Causal","Measurement bias","diff_or_nondiff_exp","validity","OK",TRUE,"Non-differential with respect to the outcome",0
"STUDY-0923","Causal","Measurement bias","dep_or_indep_misc","validity","OK",TRUE,"Independent",0
"STUDY-0923","Causal","Confounding bias","base_conf_meth","validity","OK",TRUE,"Matching",0
"STUDY-0923","Causal","Confounding bias","conf_var_det","validity","VAL",TRUE,"Based on none of the above",0.6666667
"STUDY-0923","Causal","Confounding bias","tv_conf_meth","validity","NA",TRUE,"No || ",0
"STUDY-0923","Causal","Missing data","miss_outcome","reporting","OK",TRUE,"No",0
"STUDY-0923","Causal","Missing data","miss_exposure","reporting","OK",TRUE,"No",0
"STUDY-0923","Causal","Mentioning errors","err_disc","reporting","OK",TRUE,"Selection bias;Confounding bias",0
"STUDY-0214","Causal","Selection bias","base_sel","validity","OK",TRUE,"No baseline selection bias from investigator",0
"STUDY-0214","Causal","Selection bias","comp_dis","reporting","NA",TRUE,"",0
"STUDY-0214","Causal","Measurement bias","val_outcome","validity","VAL",TRUE,"Yes, the authors conducted content/face validity or cited the content/face validity from other studies",0.5
"STUDY-0214","Causal","Measurement bias","out_bias_acc","validity","VAL",TRUE,"No",1
"STUDY-0214","Causal","Measurement bias","diff_or_nondiff_out","validity","OK",TRUE,"Non-differential with respect to the exposure",0
"STUDY-0214","Causal","Measurement bias","val_exposure","validity","NA",TRUE,"This type of objective measurement does not usually require validation (e.g., surgical intervention)",0
"STUDY-0214","Causal","Measurement bias","exp_bias_acc","validity","VAL",TRUE,"No",1
"STUDY-0214","Causal","Measurement bias","diff_or_nondiff_exp","validity","OK",TRUE,"Non-differential with respect to the outcome",0
"STUDY-0214","Causal","Measurement bias","dep_or_indep_misc","validity","OK",TRUE,"Independent",0
"STUDY-0214","Causal","Confounding bias","base_conf_meth","validity","OK",TRUE,"Regression",0
"STUDY-0214","Causal","Confounding bias","conf_var_det","validity","VAL",TRUE,"Based on none of the above",0.6666667
"STUDY-0214","Causal","Confounding bias","tv_conf_meth","validity","NA",TRUE,"No || ",0
"STUDY-0214","Causal","Missing data","miss_outcome","reporting","OK",TRUE,"No",0
"STUDY-0214","Causal","Missing data","miss_exposure","reporting","OK",TRUE,"No",0
"STUDY-0214","Causal","Mentioning errors","err_disc","reporting","OK",TRUE,"Selection bias;Measurement bias;Confounding bias;Missing data",0
"STUDY-0565","Causal","Random error","sample_size","reporting","OK",TRUE,"Yes",0
"STUDY-0565","Causal","Random error","acc_sampl","validity","VAL",TRUE,"No",1
"STUDY-0565","Causal","Random error","sample_ach","validity","OK",TRUE,"Yes",0
"STUDY-0565","Causal","Selection bias","base_sel","validity","VAL",TRUE,"No",1
"STUDY-0565","Causal","Selection bias","comp_dis","reporting","REP",TRUE,"No",0
"STUDY-0565","Causal","Measurement bias","val_outcome","validity","VAL",TRUE,"No",1
"STUDY-0565","Causal","Measurement bias","out_bias_acc","validity","VAL",TRUE,"No",1
"STUDY-0565","Causal","Measurement bias","diff_or_nondiff_out","validity","OK",TRUE,"Non-differential with respect to the exposure",0
"STUDY-0565","Causal","Measurement bias","val_exposure","validity","NA",TRUE,"This type of objective measurement does not usually require validation (e.g., surgical intervention)",0
"STUDY-0565","Causal","Measurement bias","exp_bias_acc","validity","VAL",TRUE,"No",1
"STUDY-0565","Causal","Measurement bias","diff_or_nondiff_exp","validity","OK",TRUE,"Non-differential with respect to the outcome",0
"STUDY-0565","Causal","Measurement bias","dep_or_indep_misc","validity","VAL",TRUE,"Dependent",1
"STUDY-0565","Causal","Confounding bias","base_conf_meth","validity","VAL",TRUE,"No adjustment for baseline confounding was done",1
"STUDY-0565","Causal","Confounding bias","conf_var_det","validity","NA",TRUE,"No adjustment for baseline and time-varying confounding was done",0
"STUDY-0565","Causal","Confounding bias","tv_conf_meth","validity","NA",TRUE,"No || ",0
"STUDY-0565","Causal","Missing data","miss_outcome","reporting","REP",TRUE,"Not reported or unknown",0
"STUDY-0565","Causal","Missing data","miss_exposure","reporting","REP",TRUE,"Not reported or unknown",0
"STUDY-0565","Causal","Mentioning errors","err_disc","reporting","OK",TRUE,"Random error;Selection bias;Measurement bias",0
"STUDY-0899","Causal","Random error","sample_size","reporting","OK",TRUE,"Yes",0
"STUDY-0899","Causal","Random error","acc_sampl","validity","VAL",TRUE,"No",1
"STUDY-0899","Causal","Random error","sample_ach","validity","OK",TRUE,"Yes",0
"STUDY-0899","Causal","Selection bias","base_sel","validity","VAL",TRUE,"No",1
"STUDY-0899","Causal","Selection bias","comp_dis","reporting","REP",TRUE,"No",0
"STUDY-0899","Causal","Measurement bias","val_outcome","validity","VAL",TRUE,"No",1
"STUDY-0899","Causal","Measurement bias","out_bias_acc","validity","VAL",TRUE,"No",1
"STUDY-0899","Causal","Measurement bias","diff_or_nondiff_out","validity","VAL",TRUE,"Differential with respect to the exposure",1
"STUDY-0899","Causal","Measurement bias","val_exposure","validity","VAL",TRUE,"No",1
"STUDY-0899","Causal","Measurement bias","exp_bias_acc","validity","VAL",TRUE,"No",1
"STUDY-0899","Causal","Measurement bias","diff_or_nondiff_exp","validity","OK",TRUE,"Non-differential with respect to the outcome",0
"STUDY-0899","Causal","Measurement bias","dep_or_indep_misc","validity","VAL",TRUE,"Dependent",1
"STUDY-0899","Causal","Confounding bias","base_conf_meth","validity","VAL",TRUE,"No adjustment for baseline confounding was done",1
"STUDY-0899","Causal","Confounding bias","conf_var_det","validity","NA",TRUE,"No adjustment for baseline and time-varying confounding was done",0
"STUDY-0899","Causal","Confounding bias","tv_conf_meth","validity","NA",TRUE,"No || ",0
"STUDY-0899","Causal","Missing data","miss_outcome","reporting","OK",TRUE,"No",0
"STUDY-0899","Causal","Missing data","miss_exposure","reporting","OK",TRUE,"No",0
"STUDY-0899","Causal","Mentioning errors","err_disc","reporting","REP",TRUE,"None of the above",0
"STUDY-0094","Causal","Random error","sample_size","reporting","REP",TRUE,"No",0
"STUDY-0094","Causal","Random error","acc_sampl","validity","NA",TRUE,"",0
"STUDY-0094","Causal","Random error","sample_ach","validity","NA",TRUE,"",0
"STUDY-0094","Causal","Selection bias","base_sel","validity","VAL",TRUE,"No",1
"STUDY-0094","Causal","Selection bias","comp_dis","reporting","REP",TRUE,"No",0
"STUDY-0094","Causal","Measurement bias","val_outcome","validity","VAL",TRUE,"Yes, the authors conducted content/face validity or cited the content/face validity from other studies",0.5
"STUDY-0094","Causal","Measurement bias","out_bias_acc","validity","VAL",TRUE,"No",1
"STUDY-0094","Causal","Measurement bias","diff_or_nondiff_out","validity","OK",TRUE,"Non-differential with respect to the exposure",0
"STUDY-0094","Causal","Measurement bias","val_exposure","validity","VAL",TRUE,"Yes, the authors conducted content/face validity or cited the content/face validity from other studies",0.5
"STUDY-0094","Causal","Measurement bias","exp_bias_acc","validity","VAL",TRUE,"No",1
"STUDY-0094","Causal","Measurement bias","diff_or_nondiff_exp","validity","OK",TRUE,"Non-differential with respect to the outcome",0
"STUDY-0094","Causal","Measurement bias","dep_or_indep_misc","validity","VAL",TRUE,"Dependent",1
"STUDY-0094","Causal","Confounding bias","base_conf_meth","validity","OK",TRUE,"Regression",0
"STUDY-0094","Causal","Confounding bias","conf_var_det","validity","VAL",TRUE,"Based on none of the above",0.6666667
"STUDY-0094","Causal","Confounding bias","tv_conf_meth","validity","NA",TRUE,"No || ",0
"STUDY-0094","Causal","Missing data","miss_outcome","reporting","OK",TRUE,"No",0
"STUDY-0094","Causal","Missing data","miss_exposure","reporting","OK",TRUE,"No",0
"STUDY-0094","Causal","Mentioning errors","err_disc","reporting","OK",TRUE,"Selection bias;Measurement bias",0
"STUDY-0809","Causal","Random error","sample_size","reporting","OK",TRUE,"Yes",0
"STUDY-0809","Causal","Random error","acc_sampl","validity","VAL",TRUE,"No",1
"STUDY-0809","Causal","Random error","sample_ach","validity","VAL",TRUE,"No",1
"STUDY-0809","Causal","Selection bias","base_sel","validity","VAL",TRUE,"No",1
"STUDY-0809","Causal","Selection bias","comp_dis","reporting","REP",TRUE,"No",0
"STUDY-0809","Causal","Measurement bias","val_outcome","validity","VAL",TRUE,"No",1
"STUDY-0809","Causal","Measurement bias","out_bias_acc","validity","VAL",TRUE,"No",1
"STUDY-0809","Causal","Measurement bias","diff_or_nondiff_out","validity","VAL",TRUE,"Differential with respect to the exposure",1
"STUDY-0809","Causal","Measurement bias","val_exposure","validity","VAL",TRUE,"No",1
"STUDY-0809","Causal","Measurement bias","exp_bias_acc","validity","VAL",TRUE,"No",1
"STUDY-0809","Causal","Measurement bias","diff_or_nondiff_exp","validity","VAL",TRUE,"Differential with respect to the outcome",1
"STUDY-0809","Causal","Measurement bias","dep_or_indep_misc","validity","VAL",TRUE,"Dependent",1
"STUDY-0809","Causal","Confounding bias","base_conf_meth","validity","OK",TRUE,"Regression",0
"STUDY-0809","Causal","Confounding bias","conf_var_det","validity","VAL",TRUE,"Based on none of the above",0.6666667
"STUDY-0809","Causal","Confounding bias","tv_conf_meth","validity","NA",TRUE,"No || ",0
"STUDY-0809","Causal","Missing data","miss_outcome","reporting","REP",TRUE,"Not reported or unknown",0
"STUDY-0809","Causal","Missing data","miss_exposure","reporting","REP",TRUE,"Not reported or unknown",0
"STUDY-0809","Causal","Mentioning errors","err_disc","reporting","REP",TRUE,"None of the above",0
"STUDY-0793","Causal","Random error","sample_size","reporting","OK",TRUE,"Yes",0
"STUDY-0793","Causal","Random error","acc_sampl","validity","VAL",TRUE,"No",1
"STUDY-0793","Causal","Random error","sample_ach","validity","OK",TRUE,"Yes",0
"STUDY-0793","Causal","Selection bias","base_sel","validity","VAL",TRUE,"No",1
"STUDY-0793","Causal","Selection bias","comp_dis","reporting","REP",TRUE,"No",0
"STUDY-0793","Causal","Selection bias","ltfu_bias","reporting","OK",TRUE,"Yes",0
"STUDY-0793","Causal","Selection bias","ltfu_acc","validity","VAL",TRUE,"No",1
"STUDY-0793","Causal","Measurement bias","val_outcome","validity","VAL",TRUE,"Yes, the authors conducted content/face validity or cited the content/face validity from other studies",0.5
"STUDY-0793","Causal","Measurement bias","out_bias_acc","validity","VAL",TRUE,"No",1
"STUDY-0793","Causal","Measurement bias","diff_or_nondiff_out","validity","OK",TRUE,"Non-differential with respect to the exposure",0
"STUDY-0793","Causal","Measurement bias","val_exposure","validity","VAL",TRUE,"No",1
"STUDY-0793","Causal","Measurement bias","exp_bias_acc","validity","VAL",TRUE,"No",1
"STUDY-0793","Causal","Measurement bias","diff_or_nondiff_exp","validity","OK",TRUE,"Non-differential with respect to the outcome",0
"STUDY-0793","Causal","Measurement bias","dep_or_indep_misc","validity","OK",TRUE,"Independent",0
"STUDY-0793","Causal","Confounding bias","base_conf_meth","validity","OK",TRUE,"Restriction;Regression",0
"STUDY-0793","Causal","Confounding bias","conf_var_det","validity","VAL",TRUE,"Based on none of the above",0.6666667
"STUDY-0793","Causal","Confounding bias","tv_conf_meth","validity","NA",TRUE,"No || ",0
"STUDY-0793","Causal","Missing data","miss_outcome","reporting","OK",TRUE,"Yes",0
"STUDY-0793","Causal","Missing data","hand_miss_outcom","validity","VAL",TRUE,"No",1
"STUDY-0793","Causal","Missing data","miss_exposure","reporting","OK",TRUE,"No",0
"STUDY-0793","Causal","Mentioning errors","err_disc","reporting","REP",TRUE,"None of the above",0
"STUDY-0387","Descriptive","Random error","sample_size","reporting","OK",TRUE,"Yes",0
"STUDY-0387","Descriptive","Random error","acc_sampl","validity","VAL",TRUE,"No",1
"STUDY-0387","Descriptive","Random error","sample_ach","validity","OK",TRUE,"Yes",0
"STUDY-0387","Descriptive","Selection bias","base_sel","validity","VAL",TRUE,"No",1
"STUDY-0387","Descriptive","Measurement bias","val_outcome","validity","VAL",TRUE,"Yes, the authors conducted content/face validity or cited the content/face validity from other studies",0.5
"STUDY-0387","Descriptive","Measurement bias","out_bias_acc","validity","VAL",TRUE,"No",1
"STUDY-0387","Descriptive","Missing data","miss_outcome","reporting","REP",TRUE,"Not reported or unknown",0
"STUDY-0387","Descriptive","Mentioning errors","err_disc","reporting","REP",TRUE,"None of the above",0
"STUDY-0387","Descriptive","Conflating task","confl_task","validity","VAL",TRUE,"Yes",1
"STUDY-0700","Causal","Random error","sample_size","reporting","OK",TRUE,"Yes",0
"STUDY-0700","Causal","Random error","acc_sampl","validity","VAL",TRUE,"No",1
"STUDY-0700","Causal","Random error","sample_ach","validity","OK",TRUE,"Yes",0
"STUDY-0700","Causal","Selection bias","base_sel","validity","OK",TRUE,"No baseline selection bias from investigator",0
"STUDY-0700","Causal","Selection bias","comp_dis","reporting","NA",TRUE,"should be skipped",0
"STUDY-0700","Causal","Selection bias","ltfu_bias","reporting","OK",TRUE,"No",0
"STUDY-0700","Causal","Measurement bias","val_outcome","validity","NA",TRUE,"This type of objective measurement does not usually require validation (e.g., surgical intervention)",0
"STUDY-0700","Causal","Measurement bias","out_bias_acc","validity","VAL",TRUE,"No",1
"STUDY-0700","Causal","Measurement bias","diff_or_nondiff_out","validity","OK",TRUE,"Non-differential with respect to the exposure",0
"STUDY-0700","Causal","Measurement bias","val_exposure","validity","VAL",TRUE,"No",1
"STUDY-0700","Causal","Measurement bias","exp_bias_acc","validity","VAL",TRUE,"No",1
"STUDY-0700","Causal","Measurement bias","diff_or_nondiff_exp","validity","OK",TRUE,"Non-differential with respect to the outcome",0
"STUDY-0700","Causal","Measurement bias","dep_or_indep_misc","validity","OK",TRUE,"Independent",0
"STUDY-0700","Causal","Confounding bias","base_conf_meth","validity","OK",TRUE,"Randomization",0
"STUDY-0700","Causal","Confounding bias","conf_var_det","validity","NA",TRUE,"No adjustment for baseline and time-varying confounding was done",0
"STUDY-0700","Causal","Confounding bias","tv_conf_meth","validity","NA",TRUE,"No || ",0
"STUDY-0700","Causal","Missing data","miss_outcome","reporting","OK",TRUE,"No",0
"STUDY-0700","Causal","Missing data","miss_exposure","reporting","OK",TRUE,"No",0
"STUDY-0700","Causal","Mentioning errors","err_disc","reporting","OK",TRUE,"Random error",0
"STUDY-0805","Causal","Random error","sample_size","reporting","OK",TRUE,"Yes",0
"STUDY-0805","Causal","Random error","acc_sampl","validity","OK",TRUE,"Yes",0
"STUDY-0805","Causal","Random error","sample_ach","validity","OK",TRUE,"Yes",0
"STUDY-0805","Causal","Selection bias","base_sel","validity","VAL",TRUE,"No",1
"STUDY-0805","Causal","Selection bias","comp_dis","reporting","REP",TRUE,"No",0
"STUDY-0805","Causal","Measurement bias","val_outcome","validity","VAL",TRUE,"Yes, the authors conducted content/face validity or cited the content/face validity from other studies",0.5
"STUDY-0805","Causal","Measurement bias","out_bias_acc","validity","VAL",TRUE,"No",1
"STUDY-0805","Causal","Measurement bias","diff_or_nondiff_out","validity","VAL",TRUE,"Differential with respect to the exposure",1
"STUDY-0805","Causal","Measurement bias","val_exposure","validity","NA",TRUE,"This type of objective measurement does not usually require validation (e.g., surgical intervention)",0
"STUDY-0805","Causal","Measurement bias","exp_bias_acc","validity","VAL",TRUE,"No",1
"STUDY-0805","Causal","Measurement bias","diff_or_nondiff_exp","validity","OK",TRUE,"Non-differential with respect to the outcome",0
"STUDY-0805","Causal","Measurement bias","dep_or_indep_misc","validity","OK",TRUE,"Independent",0
"STUDY-0805","Causal","Confounding bias","base_conf_meth","validity","OK",TRUE,"Regression",0
"STUDY-0805","Causal","Confounding bias","conf_var_det","validity","VAL",TRUE,"Based on none of the above",0.6666667
"STUDY-0805","Causal","Confounding bias","tv_conf_meth","validity","NA",TRUE,"No || ",0
"STUDY-0805","Causal","Missing data","miss_outcome","reporting","OK",TRUE,"No",0
"STUDY-0805","Causal","Missing data","miss_exposure","reporting","OK",TRUE,"No",0
"STUDY-0805","Causal","Mentioning errors","err_disc","reporting","OK",TRUE,"Measurement bias;Confounding bias",0
"STUDY-0780","Causal","Selection bias","base_sel","validity","VAL",TRUE,"No",1
"STUDY-0780","Causal","Selection bias","comp_dis","reporting","REP",TRUE,"No",0
"STUDY-0780","Causal","Selection bias","ltfu_bias","reporting","REP",TRUE,"Not reported or unknown",0
"STUDY-0780","Causal","Measurement bias","val_outcome","validity","NA",TRUE,"This type of objective measurement does not usually require validation (e.g., surgical intervention)",0
"STUDY-0780","Causal","Measurement bias","out_bias_acc","validity","VAL",TRUE,"No",1
"STUDY-0780","Causal","Measurement bias","diff_or_nondiff_out","validity","OK",TRUE,"Non-differential with respect to the exposure",0
"STUDY-0780","Causal","Measurement bias","val_exposure","validity","NA",TRUE,"This type of objective measurement does not usually require validation (e.g., surgical intervention)",0
"STUDY-0780","Causal","Measurement bias","exp_bias_acc","validity","VAL",TRUE,"No",1
"STUDY-0780","Causal","Measurement bias","diff_or_nondiff_exp","validity","OK",TRUE,"Non-differential with respect to the outcome",0
"STUDY-0780","Causal","Measurement bias","dep_or_indep_misc","validity","OK",TRUE,"Independent",0
"STUDY-0780","Causal","Confounding bias","base_conf_meth","validity","OK",TRUE,"Stratification;Regression",0
"STUDY-0780","Causal","Confounding bias","conf_var_det","validity","VAL",TRUE,"Based on none of the above",0.6666667
"STUDY-0780","Causal","Confounding bias","tv_conf_meth","validity","NA",TRUE,"No || ",0
"STUDY-0780","Causal","Missing data","miss_outcome","reporting","OK",TRUE,"No",0
"STUDY-0780","Causal","Missing data","miss_exposure","reporting","OK",TRUE,"No",0
"STUDY-0780","Causal","Mentioning errors","err_disc","reporting","OK",TRUE,"Selection bias;Missing data",0
"STUDY-0184","Causal","Random error","sample_size","reporting","OK",TRUE,"Yes",0
"STUDY-0184","Causal","Random error","acc_sampl","validity","VAL",TRUE,"No",1
"STUDY-0184","Causal","Random error","sample_ach","validity","OK",TRUE,"Yes",0
"STUDY-0184","Causal","Selection bias","base_sel","validity","VAL",TRUE,"No",1
"STUDY-0184","Causal","Selection bias","comp_dis","reporting","REP",TRUE,"No",0
"STUDY-0184","Causal","Selection bias","ltfu_bias","reporting","OK",TRUE,"No",0
"STUDY-0184","Causal","Measurement bias","val_outcome","validity","VAL",TRUE,"Yes, the authors conducted content/face validity or cited the content/face validity from other studies",0.5
"STUDY-0184","Causal","Measurement bias","out_bias_acc","validity","VAL",TRUE,"No",1
"STUDY-0184","Causal","Measurement bias","diff_or_nondiff_out","validity","VAL",TRUE,"Differential with respect to the exposure",1
"STUDY-0184","Causal","Measurement bias","val_exposure","validity","VAL",TRUE,"Yes, the authors conducted content/face validity or cited the content/face validity from other studies",0.5
"STUDY-0184","Causal","Measurement bias","exp_bias_acc","validity","VAL",TRUE,"No",1
"STUDY-0184","Causal","Measurement bias","diff_or_nondiff_exp","validity","OK",TRUE,"Non-differential with respect to the outcome",0
"STUDY-0184","Causal","Measurement bias","dep_or_indep_misc","validity","OK",TRUE,"Independent",0
"STUDY-0184","Causal","Confounding bias","base_conf_meth","validity","OK",TRUE,"Randomization",0
"STUDY-0184","Causal","Confounding bias","conf_var_det","validity","NA",TRUE,"",0
"STUDY-0184","Causal","Confounding bias","tv_conf_meth","validity","NA",TRUE,"No || ",0
"STUDY-0184","Causal","Missing data","miss_outcome","reporting","OK",TRUE,"No",0
"STUDY-0184","Causal","Missing data","miss_exposure","reporting","OK",TRUE,"No",0
"STUDY-0184","Causal","Mentioning errors","err_disc","reporting","REP",TRUE,"None of the above",0
"STUDY-0205","Causal","Random error","sample_size","reporting","REP",TRUE,"No",0
"STUDY-0205","Causal","Random error","acc_sampl","validity","NA",TRUE,"",0
"STUDY-0205","Causal","Random error","sample_ach","validity","NA",TRUE,"",0
"STUDY-0205","Causal","Selection bias","base_sel","validity","VAL",TRUE,"No",1
"STUDY-0205","Causal","Selection bias","comp_dis","reporting","REP",TRUE,"No",0
"STUDY-0205","Causal","Measurement bias","val_outcome","validity","VAL",TRUE,"Yes, the authors conducted content/face validity or cited the content/face validity from other studies",0.5
"STUDY-0205","Causal","Measurement bias","out_bias_acc","validity","VAL",TRUE,"No",1
"STUDY-0205","Causal","Measurement bias","diff_or_nondiff_out","validity","OK",TRUE,"Non-differential with respect to the exposure",0
"STUDY-0205","Causal","Measurement bias","val_exposure","validity","VAL",TRUE,"Yes, the authors conducted content/face validity or cited the content/face validity from other studies",0.5
"STUDY-0205","Causal","Measurement bias","exp_bias_acc","validity","VAL",TRUE,"No",1
"STUDY-0205","Causal","Measurement bias","diff_or_nondiff_exp","validity","OK",TRUE,"Non-differential with respect to the outcome",0
"STUDY-0205","Causal","Measurement bias","dep_or_indep_misc","validity","VAL",TRUE,"Dependent",1
"STUDY-0205","Causal","Confounding bias","base_conf_meth","validity","OK",TRUE,"Regression",0
"STUDY-0205","Causal","Confounding bias","conf_var_det","validity","OK",TRUE,"Based on Directed Acyclic Graphs (DAGs)/subject matter expertise",0
"STUDY-0205","Causal","Confounding bias","tv_conf_meth","validity","NA",TRUE,"No || ",0
"STUDY-0205","Causal","Missing data","miss_outcome","reporting","OK",TRUE,"Yes",0
"STUDY-0205","Causal","Missing data","hand_miss_outcom","validity","VAL",TRUE,"No",1
"STUDY-0205","Causal","Missing data","miss_exposure","reporting","OK",TRUE,"Yes",0
"STUDY-0205","Causal","Missing data","hand_miss_exposure","validity","VAL",TRUE,"No",1
"STUDY-0205","Causal","Mentioning errors","err_disc","reporting","OK",TRUE,"Measurement bias",0
"STUDY-0740","Causal","Random error","sample_size","reporting","OK",TRUE,"Yes",0
"STUDY-0740","Causal","Random error","acc_sampl","validity","VAL",TRUE,"No",1
"STUDY-0740","Causal","Random error","sample_ach","validity","OK",TRUE,"Yes",0
"STUDY-0740","Causal","Selection bias","base_sel","validity","VAL",TRUE,"No",1
"STUDY-0740","Causal","Selection bias","comp_dis","reporting","REP",TRUE,"No",0
"STUDY-0740","Causal","Measurement bias","val_outcome","validity","VAL",TRUE,"Yes, the authors conducted content/face validity or cited the content/face validity from other studies",0.5
"STUDY-0740","Causal","Measurement bias","out_bias_acc","validity","VAL",TRUE,"No",1
"STUDY-0740","Causal","Measurement bias","diff_or_nondiff_out","validity","OK",TRUE,"Non-differential with respect to the exposure",0
"STUDY-0740","Causal","Measurement bias","val_exposure","validity","VAL",TRUE,"No",1
"STUDY-0740","Causal","Measurement bias","exp_bias_acc","validity","VAL",TRUE,"No",1
"STUDY-0740","Causal","Measurement bias","diff_or_nondiff_exp","validity","VAL",TRUE,"Differential with respect to the outcome",1
"STUDY-0740","Causal","Measurement bias","dep_or_indep_misc","validity","VAL",TRUE,"Dependent",1
"STUDY-0740","Causal","Confounding bias","base_conf_meth","validity","OK",TRUE,"Regression",0
"STUDY-0740","Causal","Confounding bias","conf_var_det","validity","VAL",TRUE,"Based on none of the above",0.6666667
"STUDY-0740","Causal","Confounding bias","tv_conf_meth","validity","NA",TRUE,"No || ",0
"STUDY-0740","Causal","Missing data","miss_outcome","reporting","OK",TRUE,"No",0
"STUDY-0740","Causal","Missing data","miss_exposure","reporting","OK",TRUE,"Yes",0
"STUDY-0740","Causal","Missing data","hand_miss_exposure","validity","VAL",TRUE,"No",1
"STUDY-0740","Causal","Mentioning errors","err_disc","reporting","OK",TRUE,"Selection bias",0
"STUDY-0930","Causal","Random error","sample_size","reporting","OK",TRUE,"Yes",0
"STUDY-0930","Causal","Random error","acc_sampl","validity","VAL",TRUE,"No",1
"STUDY-0930","Causal","Random error","sample_ach","validity","OK",TRUE,"Yes",0
"STUDY-0930","Causal","Selection bias","base_sel","validity","VAL",TRUE,"No",1
"STUDY-0930","Causal","Selection bias","comp_dis","reporting","REP",TRUE,"No",0
"STUDY-0930","Causal","Selection bias","ltfu_bias","reporting","OK",TRUE,"No",0
"STUDY-0930","Causal","Measurement bias","val_outcome","validity","NA",TRUE,"This type of objective measurement does not usually require validation (e.g., surgical intervention)",0
"STUDY-0930","Causal","Measurement bias","out_bias_acc","validity","VAL",TRUE,"No",1
"STUDY-0930","Causal","Measurement bias","diff_or_nondiff_out","validity","VAL",TRUE,"Differential with respect to the exposure",1
"STUDY-0930","Causal","Measurement bias","val_exposure","validity","VAL",TRUE,"No",1
"STUDY-0930","Causal","Measurement bias","exp_bias_acc","validity","VAL",TRUE,"No",1
"STUDY-0930","Causal","Measurement bias","diff_or_nondiff_exp","validity","OK",TRUE,"Non-differential with respect to the outcome",0
"STUDY-0930","Causal","Measurement bias","dep_or_indep_misc","validity","OK",TRUE,"Independent",0
"STUDY-0930","Causal","Confounding bias","base_conf_meth","validity","VAL",TRUE,"No adjustment for baseline confounding was done",1
"STUDY-0930","Causal","Confounding bias","conf_var_det","validity","NA",TRUE,"No adjustment for baseline and time-varying confounding was done",0
"STUDY-0930","Causal","Confounding bias","tv_conf_meth","validity","NA",TRUE,"No || ",0
"STUDY-0930","Causal","Missing data","miss_outcome","reporting","REP",TRUE,"Not reported or unknown",0
"STUDY-0930","Causal","Missing data","miss_exposure","reporting","OK",TRUE,"No",0
"STUDY-0930","Causal","Mentioning errors","err_disc","reporting","OK",TRUE,"Random error;Measurement bias",0
"STUDY-1026","Descriptive","Selection bias","base_sel","validity","OK",TRUE,"No baseline selection bias from investigator",0
"STUDY-1026","Descriptive","Measurement bias","val_outcome","validity","VAL",TRUE,"No",1
"STUDY-1026","Descriptive","Measurement bias","out_bias_acc","validity","VAL",TRUE,"No",1
"STUDY-1026","Descriptive","Missing data","miss_outcome","reporting","REP",TRUE,"Not reported or unknown",0
"STUDY-1026","Descriptive","Mentioning errors","err_disc","reporting","REP",TRUE,"None of the above",0
"STUDY-1026","Descriptive","Conflating task","confl_task","validity","OK",TRUE,"No",0
"STUDY-0649","Causal","Selection bias","base_sel","validity","OK",TRUE,"No baseline selection bias from investigator",0
"STUDY-0649","Causal","Selection bias","comp_dis","reporting","NA",TRUE,"",0
"STUDY-0649","Causal","Selection bias","ltfu_bias","reporting","REP",TRUE,"Not reported or unknown",0
"STUDY-0649","Causal","Measurement bias","val_outcome","validity","VAL",TRUE,"Yes, the authors conducted content/face validity or cited the content/face validity from other studies",0.5
"STUDY-0649","Causal","Measurement bias","out_bias_acc","validity","VAL",TRUE,"No",1
"STUDY-0649","Causal","Measurement bias","diff_or_nondiff_out","validity","OK",TRUE,"Non-differential with respect to the exposure",0
"STUDY-0649","Causal","Measurement bias","val_exposure","validity","VAL",TRUE,"No",1
"STUDY-0649","Causal","Measurement bias","exp_bias_acc","validity","VAL",TRUE,"No",1
"STUDY-0649","Causal","Measurement bias","diff_or_nondiff_exp","validity","OK",TRUE,"Non-differential with respect to the outcome",0
"STUDY-0649","Causal","Measurement bias","dep_or_indep_misc","validity","OK",TRUE,"Independent",0
"STUDY-0649","Causal","Confounding bias","base_conf_meth","validity","VAL",TRUE,"No adjustment for baseline confounding was done",1
"STUDY-0649","Causal","Confounding bias","conf_var_det","validity","NA",TRUE,"No adjustment for baseline and time-varying confounding was done",0
"STUDY-0649","Causal","Confounding bias","tv_conf_meth","validity","NA",TRUE,"No || ",0
"STUDY-0649","Causal","Missing data","miss_outcome","reporting","OK",TRUE,"No",0
"STUDY-0649","Causal","Missing data","miss_exposure","reporting","OK",TRUE,"No",0
"STUDY-0649","Causal","Mentioning errors","err_disc","reporting","OK",TRUE,"Random error",0
"STUDY-0133","Causal","Random error","sample_size","reporting","REP",TRUE,"No",0
"STUDY-0133","Causal","Random error","acc_sampl","validity","NA",TRUE,"",0
"STUDY-0133","Causal","Random error","sample_ach","validity","NA",TRUE,"",0
"STUDY-0133","Causal","Selection bias","base_sel","validity","VAL",TRUE,"No",1
"STUDY-0133","Causal","Selection bias","comp_dis","reporting","REP",TRUE,"No",0
"STUDY-0133","Causal","Measurement bias","val_outcome","validity","VAL",TRUE,"No",1
"STUDY-0133","Causal","Measurement bias","out_bias_acc","validity","VAL",TRUE,"No",1
"STUDY-0133","Causal","Measurement bias","diff_or_nondiff_out","validity","VAL",TRUE,"Differential with respect to the exposure",1
"STUDY-0133","Causal","Measurement bias","val_exposure","validity","VAL",TRUE,"Yes, the authors conducted content/face validity or cited the content/face validity from other studies",0.5
"STUDY-0133","Causal","Measurement bias","exp_bias_acc","validity","VAL",TRUE,"No",1
"STUDY-0133","Causal","Measurement bias","diff_or_nondiff_exp","validity","VAL",TRUE,"Differential with respect to the outcome",1
"STUDY-0133","Causal","Measurement bias","dep_or_indep_misc","validity","VAL",TRUE,"Dependent",1
"STUDY-0133","Causal","Confounding bias","base_conf_meth","validity","VAL",TRUE,"No adjustment for baseline confounding was done",1
"STUDY-0133","Causal","Confounding bias","conf_var_det","validity","NA",TRUE,"No adjustment for baseline and time-varying confounding was done",0
"STUDY-0133","Causal","Confounding bias","tv_conf_meth","validity","NA",TRUE,"No || ",0
"STUDY-0133","Causal","Missing data","miss_outcome","reporting","REP",TRUE,"Not reported or unknown",0
"STUDY-0133","Causal","Missing data","miss_exposure","reporting","REP",TRUE,"Not reported or unknown",0
"STUDY-0133","Causal","Mentioning errors","err_disc","reporting","OK",TRUE,"Selection bias;Measurement bias",0
"STUDY-0542","Causal","Random error","sample_size","reporting","REP",TRUE,"No",0
"STUDY-0542","Causal","Random error","acc_sampl","validity","NA",TRUE,"",0
"STUDY-0542","Causal","Random error","sample_ach","validity","NA",TRUE,"",0
"STUDY-0542","Causal","Selection bias","base_sel","validity","VAL",TRUE,"No",1
"STUDY-0542","Causal","Selection bias","comp_dis","reporting","REP",TRUE,"No",0
"STUDY-0542","Causal","Measurement bias","val_outcome","validity","VAL",TRUE,"Yes, the authors conducted content/face validity or cited the content/face validity from other studies",0.5
"STUDY-0542","Causal","Measurement bias","out_bias_acc","validity","VAL",TRUE,"No",1
"STUDY-0542","Causal","Measurement bias","diff_or_nondiff_out","validity","VAL",TRUE,"Differential with respect to the exposure",1
"STUDY-0542","Causal","Measurement bias","val_exposure","validity","VAL",TRUE,"Yes, the authors conducted content/face validity or cited the content/face validity from other studies",0.5
"STUDY-0542","Causal","Measurement bias","exp_bias_acc","validity","VAL",TRUE,"No",1
"STUDY-0542","Causal","Measurement bias","diff_or_nondiff_exp","validity","VAL",TRUE,"Differential with respect to the outcome",1
"STUDY-0542","Causal","Measurement bias","dep_or_indep_misc","validity","VAL",TRUE,"Dependent",1
"STUDY-0542","Causal","Confounding bias","base_conf_meth","validity","OK",TRUE,"Regression",0
"STUDY-0542","Causal","Confounding bias","conf_var_det","validity","VAL",TRUE,"Based on previous literature",0.3333333
"STUDY-0542","Causal","Confounding bias","tv_conf_meth","validity","NA",TRUE,"No || ",0
"STUDY-0542","Causal","Missing data","miss_outcome","reporting","OK",TRUE,"No",0
"STUDY-0542","Causal","Missing data","miss_exposure","reporting","REP",TRUE,"Not reported or unknown",0
"STUDY-0542","Causal","Mentioning errors","err_disc","reporting","OK",TRUE,"Random error",0
"STUDY-0337","Causal","Random error","sample_size","reporting","REP",TRUE,"No",0
"STUDY-0337","Causal","Random error","acc_sampl","validity","NA",TRUE,"",0
"STUDY-0337","Causal","Random error","sample_ach","validity","NA",TRUE,"",0
"STUDY-0337","Causal","Selection bias","base_sel","validity","VAL",TRUE,"No",1
"STUDY-0337","Causal","Selection bias","comp_dis","reporting","REP",TRUE,"No",0
"STUDY-0337","Causal","Selection bias","ltfu_bias","reporting","REP",TRUE,"Not reported or unknown",0
"STUDY-0337","Causal","Measurement bias","val_outcome","validity","VAL",TRUE,"Yes, the authors conducted content/face validity or cited the content/face validity from other studies",0.5
"STUDY-0337","Causal","Measurement bias","out_bias_acc","validity","VAL",TRUE,"No",1
"STUDY-0337","Causal","Measurement bias","diff_or_nondiff_out","validity","OK",TRUE,"Non-differential with respect to the exposure",0
"STUDY-0337","Causal","Measurement bias","val_exposure","validity","VAL",TRUE,"No",1
"STUDY-0337","Causal","Measurement bias","exp_bias_acc","validity","VAL",TRUE,"No",1
"STUDY-0337","Causal","Measurement bias","diff_or_nondiff_exp","validity","OK",TRUE,"Non-differential with respect to the outcome",0
"STUDY-0337","Causal","Measurement bias","dep_or_indep_misc","validity","OK",TRUE,"Independent",0
"STUDY-0337","Causal","Confounding bias","base_conf_meth","validity","OK",TRUE,"Regression",0
"STUDY-0337","Causal","Confounding bias","conf_var_det","validity","VAL",TRUE,"Based on none of the above",0.6666667
"STUDY-0337","Causal","Confounding bias","tv_conf_meth","validity","NA",TRUE,"No || ",0
"STUDY-0337","Causal","Missing data","miss_outcome","reporting","REP",TRUE,"Not reported or unknown",0
"STUDY-0337","Causal","Missing data","miss_exposure","reporting","OK",TRUE,"No",0
"STUDY-0337","Causal","Mentioning errors","err_disc","reporting","OK",TRUE,"Random error;Measurement bias;Confounding bias",0
"STUDY-0702","Descriptive","Random error","sample_size","reporting","OK",TRUE,"Yes",0
"STUDY-0702","Descriptive","Random error","acc_sampl","validity","VAL",TRUE,"No",1
"STUDY-0702","Descriptive","Random error","sample_ach","validity","OK",TRUE,"Yes",0
"STUDY-0702","Descriptive","Selection bias","base_sel","validity","VAL",TRUE,"No",1
"STUDY-0702","Descriptive","Measurement bias","val_outcome","validity","VAL",TRUE,"Yes, the authors conducted content/face validity or cited the content/face validity from other studies",0.5
"STUDY-0702","Descriptive","Measurement bias","out_bias_acc","validity","VAL",TRUE,"No",1
"STUDY-0702","Descriptive","Missing data","miss_outcome","reporting","OK",TRUE,"No",0
"STUDY-0702","Descriptive","Mentioning errors","err_disc","reporting","OK",TRUE,"Random error;Selection bias;Measurement bias",0
"STUDY-0702","Descriptive","Conflating task","confl_task","validity","VAL",TRUE,"Yes",1
"STUDY-0541","Descriptive","Selection bias","base_sel","validity","OK",TRUE,"No baseline selection bias from investigator",0
"STUDY-0541","Descriptive","Measurement bias","val_outcome","validity","VAL",TRUE,"No",1
"STUDY-0541","Descriptive","Measurement bias","out_bias_acc","validity","VAL",TRUE,"No",1
"STUDY-0541","Descriptive","Missing data","miss_outcome","reporting","REP",TRUE,"Not reported or unknown",0
"STUDY-0541","Descriptive","Mentioning errors","err_disc","reporting","REP",TRUE,"None of the above",0
"STUDY-0541","Descriptive","Conflating task","confl_task","validity","VAL",TRUE,"Yes",1
"STUDY-0840","Causal","Selection bias","base_sel","validity","OK",TRUE,"No baseline selection bias from investigator",0
"STUDY-0840","Causal","Selection bias","comp_dis","reporting","NA",TRUE,"skipped",0
"STUDY-0840","Causal","Measurement bias","val_outcome","validity","VAL",TRUE,"Yes, the authors conducted content/face validity or cited the content/face validity from other studies",0.5
"STUDY-0840","Causal","Measurement bias","out_bias_acc","validity","VAL",TRUE,"No",1
"STUDY-0840","Causal","Measurement bias","diff_or_nondiff_out","validity","OK",TRUE,"Non-differential with respect to the exposure",0
"STUDY-0840","Causal","Measurement bias","val_exposure","validity","VAL",TRUE,"No",1
"STUDY-0840","Causal","Measurement bias","exp_bias_acc","validity","VAL",TRUE,"No",1
"STUDY-0840","Causal","Measurement bias","diff_or_nondiff_exp","validity","OK",TRUE,"Non-differential with respect to the outcome",0
"STUDY-0840","Causal","Measurement bias","dep_or_indep_misc","validity","OK",TRUE,"Independent",0
"STUDY-0840","Causal","Confounding bias","base_conf_meth","validity","VAL",TRUE,"No adjustment for baseline confounding was done",1
"STUDY-0840","Causal","Confounding bias","conf_var_det","validity","NA",TRUE,"No adjustment for baseline and time-varying confounding was done",0
"STUDY-0840","Causal","Confounding bias","tv_conf_meth","validity","NA",TRUE,"No || ",0
"STUDY-0840","Causal","Missing data","miss_outcome","reporting","REP",TRUE,"Not reported or unknown",0
"STUDY-0840","Causal","Missing data","miss_exposure","reporting","OK",TRUE,"No",0
"STUDY-0840","Causal","Mentioning errors","err_disc","reporting","OK",TRUE,"Random error;Confounding bias",0
"STUDY-0447","Causal","Random error","sample_size","reporting","OK",TRUE,"Yes",0
"STUDY-0447","Causal","Random error","acc_sampl","validity","VAL",TRUE,"No",1
"STUDY-0447","Causal","Random error","sample_ach","validity","OK",TRUE,"Yes",0
"STUDY-0447","Causal","Selection bias","base_sel","validity","VAL",TRUE,"No",1
"STUDY-0447","Causal","Selection bias","comp_dis","reporting","REP",TRUE,"No",0
"STUDY-0447","Causal","Selection bias","ltfu_bias","reporting","REP",TRUE,"Not reported or unknown",0
"STUDY-0447","Causal","Measurement bias","val_outcome","validity","VAL",TRUE,"No",1
"STUDY-0447","Causal","Measurement bias","out_bias_acc","validity","VAL",TRUE,"No",1
"STUDY-0447","Causal","Measurement bias","diff_or_nondiff_out","validity","OK",TRUE,"Non-differential with respect to the exposure",0
"STUDY-0447","Causal","Measurement bias","val_exposure","validity","NA",TRUE,"This type of objective measurement does not usually require validation (e.g., surgical intervention)",0
"STUDY-0447","Causal","Measurement bias","exp_bias_acc","validity","VAL",TRUE,"No",1
"STUDY-0447","Causal","Measurement bias","diff_or_nondiff_exp","validity","OK",TRUE,"Non-differential with respect to the outcome",0
"STUDY-0447","Causal","Measurement bias","dep_or_indep_misc","validity","OK",TRUE,"Independent",0
"STUDY-0447","Causal","Confounding bias","base_conf_meth","validity","OK",TRUE,"Randomization",0
"STUDY-0447","Causal","Confounding bias","conf_var_det","validity","NA",TRUE,"No adjustment for baseline and time-varying confounding was done",0
"STUDY-0447","Causal","Confounding bias","tv_conf_meth","validity","NA",TRUE,"No || ",0
"STUDY-0447","Causal","Missing data","miss_outcome","reporting","REP",TRUE,"Not reported or unknown",0
"STUDY-0447","Causal","Missing data","miss_exposure","reporting","OK",TRUE,"No",0
"STUDY-0447","Causal","Mentioning errors","err_disc","reporting","REP",TRUE,"None of the above",0
"STUDY-0634","Descriptive","Random error","sample_size","reporting","REP",TRUE,"No",0
"STUDY-0634","Descriptive","Random error","acc_sampl","validity","NA",TRUE,"",0
"STUDY-0634","Descriptive","Random error","sample_ach","validity","NA",TRUE,"",0
"STUDY-0634","Descriptive","Selection bias","base_sel","validity","VAL",TRUE,"No",1
"STUDY-0634","Descriptive","Measurement bias","val_outcome","validity","VAL",TRUE,"Yes, the authors conducted content/face validity or cited the content/face validity from other studies",0.5
"STUDY-0634","Descriptive","Measurement bias","out_bias_acc","validity","VAL",TRUE,"No",1
"STUDY-0634","Descriptive","Missing data","miss_outcome","reporting","REP",TRUE,"Not reported or unknown",0
"STUDY-0634","Descriptive","Mentioning errors","err_disc","reporting","OK",TRUE,"Random error",0
"STUDY-0634","Descriptive","Conflating task","confl_task","validity","VAL",TRUE,"Yes",1
"STUDY-0037","Causal","Random error","sample_size","reporting","OK",TRUE,"Yes",0
"STUDY-0037","Causal","Random error","acc_sampl","validity","VAL",TRUE,"No",1
"STUDY-0037","Causal","Random error","sample_ach","validity","OK",TRUE,"Yes",0
"STUDY-0037","Causal","Selection bias","base_sel","validity","VAL",TRUE,"No",1
"STUDY-0037","Causal","Selection bias","comp_dis","reporting","REP",TRUE,"No",0
"STUDY-0037","Causal","Measurement bias","val_outcome","validity","VAL",TRUE,"Yes, the authors conducted content/face validity or cited the content/face validity from other studies",0.5
"STUDY-0037","Causal","Measurement bias","out_bias_acc","validity","VAL",TRUE,"No",1
"STUDY-0037","Causal","Measurement bias","diff_or_nondiff_out","validity","VAL",TRUE,"Differential with respect to the exposure",1
"STUDY-0037","Causal","Measurement bias","val_exposure","validity","NA",TRUE,"This type of objective measurement does not usually require validation (e.g., surgical intervention)",0
"STUDY-0037","Causal","Measurement bias","exp_bias_acc","validity","VAL",TRUE,"No",1
"STUDY-0037","Causal","Measurement bias","diff_or_nondiff_exp","validity","OK",TRUE,"Non-differential with respect to the outcome",0
"STUDY-0037","Causal","Measurement bias","dep_or_indep_misc","validity","VAL",TRUE,"Dependent",1
"STUDY-0037","Causal","Confounding bias","base_conf_meth","validity","OK",TRUE,"Regression",0
"STUDY-0037","Causal","Confounding bias","conf_var_det","validity","VAL",TRUE,"Based on statistical criteria",0.6666667
"STUDY-0037","Causal","Confounding bias","tv_conf_meth","validity","NA",TRUE,"No || ",0
"STUDY-0037","Causal","Missing data","miss_outcome","reporting","OK",TRUE,"No",0
"STUDY-0037","Causal","Missing data","miss_exposure","reporting","OK",TRUE,"No",0
"STUDY-0037","Causal","Mentioning errors","err_disc","reporting","OK",TRUE,"Selection bias;Measurement bias",0
"STUDY-1021","Descriptive","Random error","sample_size","reporting","OK",TRUE,"Yes",0
"STUDY-1021","Descriptive","Random error","acc_sampl","validity","VAL",TRUE,"No",1
"STUDY-1021","Descriptive","Random error","sample_ach","validity","OK",TRUE,"Yes",0
"STUDY-1021","Descriptive","Selection bias","base_sel","validity","VAL",TRUE,"No",1
"STUDY-1021","Descriptive","Measurement bias","val_outcome","validity","VAL",TRUE,"No",1
"STUDY-1021","Descriptive","Measurement bias","out_bias_acc","validity","VAL",TRUE,"No",1
"STUDY-1021","Descriptive","Missing data","miss_outcome","reporting","OK",TRUE,"No",0
"STUDY-1021","Descriptive","Mentioning errors","err_disc","reporting","OK",TRUE,"Random error",0
"STUDY-1021","Descriptive","Conflating task","confl_task","validity","VAL",TRUE,"Yes",1
"STUDY-0268","Causal","Selection bias","base_sel","validity","OK",TRUE,"No baseline selection bias from investigator",0
"STUDY-0268","Causal","Selection bias","comp_dis","reporting","NA",TRUE,"",0
"STUDY-0268","Causal","Selection bias","ltfu_bias","reporting","REP",TRUE,"Not reported or unknown",0
"STUDY-0268","Causal","Measurement bias","val_outcome","validity","OK",TRUE,"Yes, the authors conducted criterion validity or cited the criterion validity from other studies",0
"STUDY-0268","Causal","Measurement bias","out_bias_acc","validity","VAL",TRUE,"No",1
"STUDY-0268","Causal","Measurement bias","diff_or_nondiff_out","validity","OK",TRUE,"Non-differential with respect to the exposure",0
"STUDY-0268","Causal","Measurement bias","val_exposure","validity","VAL",TRUE,"Yes, the authors conducted content/face validity or cited the content/face validity from other studies",0.5
"STUDY-0268","Causal","Measurement bias","exp_bias_acc","validity","VAL",TRUE,"No",1
"STUDY-0268","Causal","Measurement bias","diff_or_nondiff_exp","validity","OK",TRUE,"Non-differential with respect to the outcome",0
"STUDY-0268","Causal","Measurement bias","dep_or_indep_misc","validity","OK",TRUE,"Independent",0
"STUDY-0268","Causal","Confounding bias","base_conf_meth","validity","OK",TRUE,"Regression;Instrumental variable analysis besides randomization (difference-in-difference, regression discontinuity design, and interrupted time series)",0
"STUDY-0268","Causal","Confounding bias","conf_var_det","validity","VAL",TRUE,"Based on previous literature",0.3333333
"STUDY-0268","Causal","Confounding bias","tv_conf_meth","validity","NA",TRUE,"No || skipped",0
"STUDY-0268","Causal","Missing data","miss_outcome","reporting","OK",TRUE,"No",0
"STUDY-0268","Causal","Missing data","miss_exposure","reporting","OK",TRUE,"No",0
"STUDY-0268","Causal","Mentioning errors","err_disc","reporting","OK",TRUE,"Measurement bias;Confounding bias",0
"STUDY-0943","Descriptive","Random error","sample_size","reporting","REP",TRUE,"No",0
"STUDY-0943","Descriptive","Random error","acc_sampl","validity","NA",TRUE,"",0
"STUDY-0943","Descriptive","Random error","sample_ach","validity","NA",TRUE,"",0
"STUDY-0943","Descriptive","Selection bias","base_sel","validity","VAL",TRUE,"No",1
"STUDY-0943","Descriptive","Measurement bias","val_outcome","validity","VAL",TRUE,"No",1
"STUDY-0943","Descriptive","Measurement bias","out_bias_acc","validity","VAL",TRUE,"No",1
"STUDY-0943","Descriptive","Missing data","miss_outcome","reporting","REP",TRUE,"Not reported or unknown",0
"STUDY-0943","Descriptive","Mentioning errors","err_disc","reporting","OK",TRUE,"Selection bias;Measurement bias",0
"STUDY-0943","Descriptive","Conflating task","confl_task","validity","OK",TRUE,"No",0
"STUDY-0760","Descriptive","Random error","sample_size","reporting","REP",TRUE,"No",0
"STUDY-0760","Descriptive","Random error","acc_sampl","validity","NA",TRUE,"",0
"STUDY-0760","Descriptive","Random error","sample_ach","validity","NA",TRUE,"",0
"STUDY-0760","Descriptive","Selection bias","base_sel","validity","VAL",TRUE,"No",1
"STUDY-0760","Descriptive","Measurement bias","val_outcome","validity","VAL",TRUE,"Yes, the authors conducted content/face validity or cited the content/face validity from other studies",0.5
"STUDY-0760","Descriptive","Measurement bias","out_bias_acc","validity","VAL",TRUE,"No",1
"STUDY-0760","Descriptive","Missing data","miss_outcome","reporting","OK",TRUE,"Yes",0
"STUDY-0760","Descriptive","Missing data","hand_miss_outcom","validity","VAL",TRUE,"No",1
"STUDY-0760","Descriptive","Mentioning errors","err_disc","reporting","OK",TRUE,"Selection bias",0
"STUDY-0760","Descriptive","Conflating task","confl_task","validity","VAL",TRUE,"Yes",1
"STUDY-0549","Causal","Random error","sample_size","reporting","OK",TRUE,"Yes",0
"STUDY-0549","Causal","Random error","acc_sampl","validity","VAL",TRUE,"No",1
"STUDY-0549","Causal","Random error","sample_ach","validity","OK",TRUE,"Yes",0
"STUDY-0549","Causal","Selection bias","base_sel","validity","VAL",TRUE,"No",1
"STUDY-0549","Causal","Selection bias","comp_dis","reporting","REP",TRUE,"No",0
"STUDY-0549","Causal","Measurement bias","val_outcome","validity","VAL",TRUE,"Yes, the authors conducted content/face validity or cited the content/face validity from other studies",0.5
"STUDY-0549","Causal","Measurement bias","out_bias_acc","validity","VAL",TRUE,"No",1
"STUDY-0549","Causal","Measurement bias","diff_or_nondiff_out","validity","OK",TRUE,"Non-differential with respect to the exposure",0
"STUDY-0549","Causal","Measurement bias","val_exposure","validity","OK",TRUE,"Yes, the authors conducted criterion validity or cited the criterion validity from other studies",0
"STUDY-0549","Causal","Measurement bias","exp_bias_acc","validity","VAL",TRUE,"No",1
"STUDY-0549","Causal","Measurement bias","diff_or_nondiff_exp","validity","OK",TRUE,"Non-differential with respect to the outcome",0
"STUDY-0549","Causal","Measurement bias","dep_or_indep_misc","validity","OK",TRUE,"Independent",0
"STUDY-0549","Causal","Confounding bias","base_conf_meth","validity","OK",TRUE,"Regression",0
"STUDY-0549","Causal","Confounding bias","conf_var_det","validity","VAL",TRUE,"Based on none of the above",0.6666667
"STUDY-0549","Causal","Confounding bias","tv_conf_meth","validity","NA",TRUE,"No || ",0
"STUDY-0549","Causal","Missing data","miss_outcome","reporting","OK",TRUE,"Yes",0
"STUDY-0549","Causal","Missing data","hand_miss_outcom","validity","VAL",TRUE,"No",1
"STUDY-0549","Causal","Missing data","miss_exposure","reporting","REP",TRUE,"Not reported or unknown",0
"STUDY-0549","Causal","Mentioning errors","err_disc","reporting","OK",TRUE,"Measurement bias;Confounding bias",0
"STUDY-0161","Causal","Random error","sample_size","reporting","REP",TRUE,"No",0
"STUDY-0161","Causal","Random error","acc_sampl","validity","NA",TRUE,"",0
"STUDY-0161","Causal","Random error","sample_ach","validity","NA",TRUE,"",0
"STUDY-0161","Causal","Selection bias","base_sel","validity","VAL",TRUE,"No",1
"STUDY-0161","Causal","Selection bias","comp_dis","reporting","REP",TRUE,"No",0
"STUDY-0161","Causal","Measurement bias","val_outcome","validity","VAL",TRUE,"Yes, the authors conducted content/face validity or cited the content/face validity from other studies",0.5
"STUDY-0161","Causal","Measurement bias","out_bias_acc","validity","VAL",TRUE,"No",1
"STUDY-0161","Causal","Measurement bias","diff_or_nondiff_out","validity","VAL",TRUE,"Differential with respect to the exposure",1
"STUDY-0161","Causal","Measurement bias","val_exposure","validity","VAL",TRUE,"Yes, the authors conducted content/face validity or cited the content/face validity from other studies",0.5
"STUDY-0161","Causal","Measurement bias","exp_bias_acc","validity","VAL",TRUE,"No",1
"STUDY-0161","Causal","Measurement bias","diff_or_nondiff_exp","validity","VAL",TRUE,"Differential with respect to the outcome",1
"STUDY-0161","Causal","Measurement bias","dep_or_indep_misc","validity","VAL",TRUE,"Dependent",1
"STUDY-0161","Causal","Confounding bias","base_conf_meth","validity","OK",TRUE,"Regression",0
"STUDY-0161","Causal","Confounding bias","conf_var_det","validity","VAL",TRUE,"Based on statistical criteria",0.6666667
"STUDY-0161","Causal","Confounding bias","tv_conf_meth","validity","NA",TRUE,"No || ",0
"STUDY-0161","Causal","Missing data","miss_outcome","reporting","OK",TRUE,"No",0
"STUDY-0161","Causal","Missing data","miss_exposure","reporting","OK",TRUE,"No",0
"STUDY-0161","Causal","Mentioning errors","err_disc","reporting","OK",TRUE,"Selection bias;Measurement bias",0
"STUDY-0064","Causal","Random error","sample_size","reporting","REP",TRUE,"No",0
"STUDY-0064","Causal","Random error","acc_sampl","validity","NA",TRUE,"",0
"STUDY-0064","Causal","Random error","sample_ach","validity","NA",TRUE,"",0
"STUDY-0064","Causal","Selection bias","base_sel","validity","VAL",TRUE,"No",1
"STUDY-0064","Causal","Selection bias","comp_dis","reporting","REP",TRUE,"No",0
"STUDY-0064","Causal","Selection bias","ltfu_bias","reporting","OK",TRUE,"No",0
"STUDY-0064","Causal","Measurement bias","val_outcome","validity","VAL",TRUE,"No",1
"STUDY-0064","Causal","Measurement bias","out_bias_acc","validity","VAL",TRUE,"No",1
"STUDY-0064","Causal","Measurement bias","diff_or_nondiff_out","validity","VAL",TRUE,"Differential with respect to the exposure",1
"STUDY-0064","Causal","Measurement bias","val_exposure","validity","NA",TRUE,"This type of objective measurement does not usually require validation (e.g., surgical intervention)",0
"STUDY-0064","Causal","Measurement bias","exp_bias_acc","validity","VAL",TRUE,"No",1
"STUDY-0064","Causal","Measurement bias","diff_or_nondiff_exp","validity","OK",TRUE,"Non-differential with respect to the outcome",0
"STUDY-0064","Causal","Measurement bias","dep_or_indep_misc","validity","OK",TRUE,"Independent",0
"STUDY-0064","Causal","Confounding bias","base_conf_meth","validity","VAL",TRUE,"No adjustment for baseline confounding was done",1
"STUDY-0064","Causal","Confounding bias","conf_var_det","validity","NA",TRUE,"No adjustment for baseline and time-varying confounding was done",0
"STUDY-0064","Causal","Confounding bias","tv_conf_meth","validity","NA",TRUE,"No || ",0
"STUDY-0064","Causal","Missing data","miss_outcome","reporting","OK",TRUE,"No",0
"STUDY-0064","Causal","Missing data","miss_exposure","reporting","OK",TRUE,"No",0
"STUDY-0064","Causal","Mentioning errors","err_disc","reporting","OK",TRUE,"Random error",0
"STUDY-0952","Descriptive","Random error","sample_size","reporting","OK",TRUE,"Yes",0
"STUDY-0952","Descriptive","Random error","acc_sampl","validity","OK",TRUE,"Yes",0
"STUDY-0952","Descriptive","Random error","sample_ach","validity","OK",TRUE,"Yes",0
"STUDY-0952","Descriptive","Selection bias","base_sel","validity","VAL",TRUE,"No",1
"STUDY-0952","Descriptive","Measurement bias","val_outcome","validity","VAL",TRUE,"Yes, the authors conducted content/face validity or cited the content/face validity from other studies",0.5
"STUDY-0952","Descriptive","Measurement bias","out_bias_acc","validity","VAL",TRUE,"No",1
"STUDY-0952","Descriptive","Missing data","miss_outcome","reporting","REP",TRUE,"Not reported or unknown",0
"STUDY-0952","Descriptive","Mentioning errors","err_disc","reporting","OK",TRUE,"Measurement bias",0
"STUDY-0952","Descriptive","Conflating task","confl_task","validity","VAL",TRUE,"Yes",1
"STUDY-0471","Causal","Random error","sample_size","reporting","REP",TRUE,"No",0
"STUDY-0471","Causal","Random error","acc_sampl","validity","NA",TRUE,"",0
"STUDY-0471","Causal","Random error","sample_ach","validity","NA",TRUE,"",0
"STUDY-0471","Causal","Selection bias","base_sel","validity","VAL",TRUE,"No",1
"STUDY-0471","Causal","Selection bias","comp_dis","reporting","REP",TRUE,"No",0
"STUDY-0471","Causal","Measurement bias","val_outcome","validity","VAL",TRUE,"No",1
"STUDY-0471","Causal","Measurement bias","out_bias_acc","validity","VAL",TRUE,"No",1
"STUDY-0471","Causal","Measurement bias","diff_or_nondiff_out","validity","OK",TRUE,"Non-differential with respect to the exposure",0
"STUDY-0471","Causal","Measurement bias","val_exposure","validity","NA",TRUE,"This type of objective measurement does not usually require validation (e.g., surgical intervention)",0
"STUDY-0471","Causal","Measurement bias","exp_bias_acc","validity","VAL",TRUE,"No",1
"STUDY-0471","Causal","Measurement bias","diff_or_nondiff_exp","validity","OK",TRUE,"Non-differential with respect to the outcome",0
"STUDY-0471","Causal","Measurement bias","dep_or_indep_misc","validity","OK",TRUE,"Independent",0
"STUDY-0471","Causal","Confounding bias","base_conf_meth","validity","VAL",TRUE,"No adjustment for baseline confounding was done",1
"STUDY-0471","Causal","Confounding bias","conf_var_det","validity","NA",TRUE,"No adjustment for baseline and time-varying confounding was done",0
"STUDY-0471","Causal","Confounding bias","tv_conf_meth","validity","NA",TRUE,"No || ",0
"STUDY-0471","Causal","Missing data","miss_outcome","reporting","REP",TRUE,"Not reported or unknown",0
"STUDY-0471","Causal","Missing data","miss_exposure","reporting","REP",TRUE,"Not reported or unknown",0
"STUDY-0471","Causal","Mentioning errors","err_disc","reporting","REP",TRUE,"None of the above",0
"STUDY-0135","Causal","Random error","sample_size","reporting","REP",TRUE,"No",0
"STUDY-0135","Causal","Random error","acc_sampl","validity","NA",TRUE,"",0
"STUDY-0135","Causal","Random error","sample_ach","validity","NA",TRUE,"",0
"STUDY-0135","Causal","Selection bias","base_sel","validity","VAL",TRUE,"No",1
"STUDY-0135","Causal","Selection bias","comp_dis","reporting","REP",TRUE,"No",0
"STUDY-0135","Causal","Measurement bias","val_outcome","validity","VAL",TRUE,"Yes, the authors conducted content/face validity or cited the content/face validity from other studies",0.5
"STUDY-0135","Causal","Measurement bias","out_bias_acc","validity","VAL",TRUE,"No",1
"STUDY-0135","Causal","Measurement bias","diff_or_nondiff_out","validity","OK",TRUE,"Non-differential with respect to the exposure",0
"STUDY-0135","Causal","Measurement bias","val_exposure","validity","VAL",TRUE,"No",1
"STUDY-0135","Causal","Measurement bias","exp_bias_acc","validity","VAL",TRUE,"No",1
"STUDY-0135","Causal","Measurement bias","diff_or_nondiff_exp","validity","OK",TRUE,"Non-differential with respect to the outcome",0
"STUDY-0135","Causal","Measurement bias","dep_or_indep_misc","validity","OK",TRUE,"Independent",0
"STUDY-0135","Causal","Confounding bias","base_conf_meth","validity","VAL",TRUE,"No adjustment for baseline confounding was done",1
"STUDY-0135","Causal","Confounding bias","conf_var_det","validity","NA",TRUE,"No adjustment for baseline and time-varying confounding was done",0
"STUDY-0135","Causal","Confounding bias","tv_conf_meth","validity","NA",TRUE,"No || ",0
"STUDY-0135","Causal","Missing data","miss_outcome","reporting","REP",TRUE,"Not reported or unknown",0
"STUDY-0135","Causal","Missing data","miss_exposure","reporting","OK",TRUE,"No",0
"STUDY-0135","Causal","Mentioning errors","err_disc","reporting","REP",TRUE,"None of the above",0
"STUDY-0963","Causal","Random error","sample_size","reporting","REP",TRUE,"No",0
"STUDY-0963","Causal","Random error","acc_sampl","validity","NA",TRUE,"",0
"STUDY-0963","Causal","Random error","sample_ach","validity","NA",TRUE,"",0
"STUDY-0963","Causal","Selection bias","base_sel","validity","VAL",TRUE,"No",1
"STUDY-0963","Causal","Selection bias","comp_dis","reporting","REP",TRUE,"No",0
"STUDY-0963","Causal","Selection bias","ltfu_bias","reporting","REP",TRUE,"Not reported or unknown",0
"STUDY-0963","Causal","Measurement bias","val_outcome","validity","VAL",TRUE,"No",1
"STUDY-0963","Causal","Measurement bias","out_bias_acc","validity","VAL",TRUE,"No",1
"STUDY-0963","Causal","Measurement bias","diff_or_nondiff_out","validity","OK",TRUE,"Non-differential with respect to the exposure",0
"STUDY-0963","Causal","Measurement bias","val_exposure","validity","NA",TRUE,"This type of objective measurement does not usually require validation (e.g., surgical intervention)",0
"STUDY-0963","Causal","Measurement bias","exp_bias_acc","validity","VAL",TRUE,"No",1
"STUDY-0963","Causal","Measurement bias","diff_or_nondiff_exp","validity","OK",TRUE,"Non-differential with respect to the outcome",0
"STUDY-0963","Causal","Measurement bias","dep_or_indep_misc","validity","OK",TRUE,"Independent",0
"STUDY-0963","Causal","Confounding bias","base_conf_meth","validity","OK",TRUE,"Randomization",0
"STUDY-0963","Causal","Confounding bias","conf_var_det","validity","NA",TRUE,"No adjustment for baseline and time-varying confounding was done",0
"STUDY-0963","Causal","Confounding bias","tv_conf_meth","validity","NA",TRUE,"No || skipped",0
"STUDY-0963","Causal","Missing data","miss_outcome","reporting","REP",TRUE,"Not reported or unknown",0
"STUDY-0963","Causal","Missing data","miss_exposure","reporting","OK",TRUE,"No",0
"STUDY-0963","Causal","Mentioning errors","err_disc","reporting","OK",TRUE,"Random error",0
"STUDY-0494","Causal","Random error","sample_size","reporting","OK",TRUE,"Yes",0
"STUDY-0494","Causal","Random error","acc_sampl","validity","OK",TRUE,"Yes",0
"STUDY-0494","Causal","Random error","sample_ach","validity","OK",TRUE,"Yes",0
"STUDY-0494","Causal","Selection bias","base_sel","validity","VAL",TRUE,"No",1
"STUDY-0494","Causal","Selection bias","comp_dis","reporting","REP",TRUE,"No",0
"STUDY-0494","Causal","Selection bias","ltfu_bias","reporting","OK",TRUE,"No",0
"STUDY-0494","Causal","Measurement bias","val_outcome","validity","VAL",TRUE,"Yes, the authors conducted content/face validity or cited the content/face validity from other studies",0.5
"STUDY-0494","Causal","Measurement bias","out_bias_acc","validity","VAL",TRUE,"No",1
"STUDY-0494","Causal","Measurement bias","diff_or_nondiff_out","validity","OK",TRUE,"Non-differential with respect to the exposure",0
"STUDY-0494","Causal","Measurement bias","val_exposure","validity","NA",TRUE,"This type of objective measurement does not usually require validation (e.g., surgical intervention)",0
"STUDY-0494","Causal","Measurement bias","exp_bias_acc","validity","VAL",TRUE,"No",1
"STUDY-0494","Causal","Measurement bias","diff_or_nondiff_exp","validity","OK",TRUE,"Non-differential with respect to the outcome",0
"STUDY-0494","Causal","Measurement bias","dep_or_indep_misc","validity","OK",TRUE,"Independent",0
"STUDY-0494","Causal","Confounding bias","base_conf_meth","validity","OK",TRUE,"Randomization",0
"STUDY-0494","Causal","Confounding bias","conf_var_det","validity","NA",TRUE,"No adjustment for baseline and time-varying confounding was done",0
"STUDY-0494","Causal","Confounding bias","tv_conf_meth","validity","NA",TRUE,"No || ",0
"STUDY-0494","Causal","Missing data","miss_outcome","reporting","OK",TRUE,"No",0
"STUDY-0494","Causal","Missing data","miss_exposure","reporting","OK",TRUE,"No",0
"STUDY-0494","Causal","Mentioning errors","err_disc","reporting","REP",TRUE,"None of the above",0
"STUDY-0577","Causal","Random error","sample_size","reporting","OK",TRUE,"Yes",0
"STUDY-0577","Causal","Random error","acc_sampl","validity","OK",TRUE,"Yes",0
"STUDY-0577","Causal","Random error","sample_ach","validity","OK",TRUE,"Yes",0
"STUDY-0577","Causal","Selection bias","base_sel","validity","OK",TRUE,"No baseline selection bias from investigator",0
"STUDY-0577","Causal","Selection bias","comp_dis","reporting","NA",TRUE,"",0
"STUDY-0577","Causal","Selection bias","ltfu_bias","reporting","OK",TRUE,"No",0
"STUDY-0577","Causal","Measurement bias","val_outcome","validity","VAL",TRUE,"No",1
"STUDY-0577","Causal","Measurement bias","out_bias_acc","validity","VAL",TRUE,"No",1
"STUDY-0577","Causal","Measurement bias","diff_or_nondiff_out","validity","OK",TRUE,"Non-differential with respect to the exposure",0
"STUDY-0577","Causal","Measurement bias","val_exposure","validity","VAL",TRUE,"No",1
"STUDY-0577","Causal","Measurement bias","exp_bias_acc","validity","VAL",TRUE,"No",1
"STUDY-0577","Causal","Measurement bias","diff_or_nondiff_exp","validity","OK",TRUE,"Non-differential with respect to the outcome",0
"STUDY-0577","Causal","Measurement bias","dep_or_indep_misc","validity","OK",TRUE,"Independent",0
"STUDY-0577","Causal","Confounding bias","base_conf_meth","validity","OK",TRUE,"Randomization",0
"STUDY-0577","Causal","Confounding bias","conf_var_det","validity","NA",TRUE,"No adjustment for baseline and time-varying confounding was done",0
"STUDY-0577","Causal","Confounding bias","tv_conf_meth","validity","NA",TRUE,"No || ",0
"STUDY-0577","Causal","Missing data","miss_outcome","reporting","OK",TRUE,"Yes",0
"STUDY-0577","Causal","Missing data","hand_miss_outcom","validity","VAL",TRUE,"Yes, single imputation with last value carried forward",0.5
"STUDY-0577","Causal","Missing data","miss_exposure","reporting","OK",TRUE,"No",0
"STUDY-0577","Causal","Mentioning errors","err_disc","reporting","OK",TRUE,"Selection bias;Measurement bias",0
"STUDY-0598","Causal","Random error","sample_size","reporting","OK",TRUE,"Yes",0
"STUDY-0598","Causal","Random error","acc_sampl","validity","VAL",TRUE,"No",1
"STUDY-0598","Causal","Random error","sample_ach","validity","VAL",TRUE,"No",1
"STUDY-0598","Causal","Selection bias","base_sel","validity","VAL",TRUE,"No",1
"STUDY-0598","Causal","Selection bias","comp_dis","reporting","REP",TRUE,"No",0
"STUDY-0598","Causal","Measurement bias","val_outcome","validity","VAL",TRUE,"Yes, the authors conducted content/face validity or cited the content/face validity from other studies",0.5
"STUDY-0598","Causal","Measurement bias","out_bias_acc","validity","VAL",TRUE,"No",1
"STUDY-0598","Causal","Measurement bias","diff_or_nondiff_out","validity","VAL",TRUE,"Differential with respect to the exposure",1
"STUDY-0598","Causal","Measurement bias","val_exposure","validity","NA",TRUE,"This type of objective measurement does not usually require validation (e.g., surgical intervention)",0
"STUDY-0598","Causal","Measurement bias","exp_bias_acc","validity","VAL",TRUE,"No",1
"STUDY-0598","Causal","Measurement bias","diff_or_nondiff_exp","validity","VAL",TRUE,"Differential with respect to the outcome",1
"STUDY-0598","Causal","Measurement bias","dep_or_indep_misc","validity","VAL",TRUE,"Dependent",1
"STUDY-0598","Causal","Confounding bias","base_conf_meth","validity","OK",TRUE,"Regression",0
"STUDY-0598","Causal","Confounding bias","conf_var_det","validity","VAL",TRUE,"Based on none of the above",0.6666667
"STUDY-0598","Causal","Confounding bias","tv_conf_meth","validity","NA",TRUE,"No || ",0
"STUDY-0598","Causal","Missing data","miss_outcome","reporting","OK",TRUE,"No",0
"STUDY-0598","Causal","Missing data","miss_exposure","reporting","OK",TRUE,"No",0
"STUDY-0598","Causal","Mentioning errors","err_disc","reporting","REP",TRUE,"None of the above",0
"STUDY-0093","Causal","Selection bias","base_sel","validity","OK",TRUE,"No baseline selection bias from investigator",0
"STUDY-0093","Causal","Selection bias","comp_dis","reporting","NA",TRUE,"",0
"STUDY-0093","Causal","Selection bias","ltfu_bias","reporting","REP",TRUE,"Not reported or unknown",0
"STUDY-0093","Causal","Measurement bias","val_outcome","validity","VAL",TRUE,"Yes, the authors conducted content/face validity or cited the content/face validity from other studies",0.5
"STUDY-0093","Causal","Measurement bias","out_bias_acc","validity","VAL",TRUE,"No",1
"STUDY-0093","Causal","Measurement bias","diff_or_nondiff_out","validity","VAL",TRUE,"Differential with respect to the exposure",1
"STUDY-0093","Causal","Measurement bias","val_exposure","validity","NA",TRUE,"This type of objective measurement does not usually require validation (e.g., surgical intervention)",0
"STUDY-0093","Causal","Measurement bias","exp_bias_acc","validity","VAL",TRUE,"No",1
"STUDY-0093","Causal","Measurement bias","diff_or_nondiff_exp","validity","OK",TRUE,"Non-differential with respect to the outcome",0
"STUDY-0093","Causal","Measurement bias","dep_or_indep_misc","validity","OK",TRUE,"Independent",0
"STUDY-0093","Causal","Confounding bias","base_conf_meth","validity","OK",TRUE,"Regression",0
"STUDY-0093","Causal","Confounding bias","conf_var_det","validity","VAL",TRUE,"Based on none of the above",0.6666667
"STUDY-0093","Causal","Confounding bias","tv_conf_meth","validity","NA",TRUE,"No || ",0
"STUDY-0093","Causal","Missing data","miss_outcome","reporting","REP",TRUE,"Not reported or unknown",0
"STUDY-0093","Causal","Missing data","miss_exposure","reporting","OK",TRUE,"No",0
"STUDY-0093","Causal","Mentioning errors","err_disc","reporting","OK",TRUE,"Measurement bias;Confounding bias",0
"STUDY-0006","Causal","Random error","sample_size","reporting","REP",TRUE,"No",0
"STUDY-0006","Causal","Random error","acc_sampl","validity","NA",TRUE,"",0
"STUDY-0006","Causal","Random error","sample_ach","validity","NA",TRUE,"",0
"STUDY-0006","Causal","Selection bias","base_sel","validity","VAL",TRUE,"No",1
"STUDY-0006","Causal","Selection bias","comp_dis","reporting","REP",TRUE,"No",0
"STUDY-0006","Causal","Selection bias","ltfu_bias","reporting","REP",TRUE,"Not reported or unknown",0
"STUDY-0006","Causal","Measurement bias","val_outcome","validity","VAL",TRUE,"No",1
"STUDY-0006","Causal","Measurement bias","out_bias_acc","validity","VAL",TRUE,"No",1
"STUDY-0006","Causal","Measurement bias","diff_or_nondiff_out","validity","VAL",TRUE,"Differential with respect to the exposure",1
"STUDY-0006","Causal","Measurement bias","val_exposure","validity","VAL",TRUE,"Yes, the authors conducted content/face validity or cited the content/face validity from other studies",0.5
"STUDY-0006","Causal","Measurement bias","exp_bias_acc","validity","VAL",TRUE,"No",1
"STUDY-0006","Causal","Measurement bias","diff_or_nondiff_exp","validity","OK",TRUE,"Non-differential with respect to the outcome",0
"STUDY-0006","Causal","Measurement bias","dep_or_indep_misc","validity","VAL",TRUE,"Dependent",1
"STUDY-0006","Causal","Confounding bias","base_conf_meth","validity","VAL",TRUE,"No adjustment for baseline confounding was done",1
"STUDY-0006","Causal","Confounding bias","conf_var_det","validity","NA",TRUE,"No adjustment for baseline and time-varying confounding was done",0
"STUDY-0006","Causal","Confounding bias","tv_conf_meth","validity","NA",TRUE,"No || ",0
"STUDY-0006","Causal","Missing data","miss_outcome","reporting","OK",TRUE,"No",0
"STUDY-0006","Causal","Missing data","miss_exposure","reporting","OK",TRUE,"No",0
"STUDY-0006","Causal","Mentioning errors","err_disc","reporting","OK",TRUE,"Measurement bias",0
"STUDY-0698","Causal","Random error","sample_size","reporting","REP",TRUE,"No",0
"STUDY-0698","Causal","Random error","acc_sampl","validity","NA",TRUE,"",0
"STUDY-0698","Causal","Random error","sample_ach","validity","NA",TRUE,"",0
"STUDY-0698","Causal","Selection bias","base_sel","validity","VAL",TRUE,"No",1
"STUDY-0698","Causal","Selection bias","comp_dis","reporting","REP",TRUE,"No",0
"STUDY-0698","Causal","Measurement bias","val_outcome","validity","VAL",TRUE,"Yes, the authors conducted content/face validity or cited the content/face validity from other studies",0.5
"STUDY-0698","Causal","Measurement bias","out_bias_acc","validity","VAL",TRUE,"No",1
"STUDY-0698","Causal","Measurement bias","diff_or_nondiff_out","validity","VAL",TRUE,"Differential with respect to the exposure",1
"STUDY-0698","Causal","Measurement bias","val_exposure","validity","NA",TRUE,"This type of objective measurement does not usually require validation (e.g., surgical intervention)",0
"STUDY-0698","Causal","Measurement bias","exp_bias_acc","validity","VAL",TRUE,"No",1
"STUDY-0698","Causal","Measurement bias","diff_or_nondiff_exp","validity","OK",TRUE,"Non-differential with respect to the outcome",0
"STUDY-0698","Causal","Measurement bias","dep_or_indep_misc","validity","VAL",TRUE,"Dependent",1
"STUDY-0698","Causal","Confounding bias","base_conf_meth","validity","VAL",TRUE,"No adjustment for baseline confounding was done",1
"STUDY-0698","Causal","Confounding bias","conf_var_det","validity","NA",TRUE,"No adjustment for baseline and time-varying confounding was done",0
"STUDY-0698","Causal","Confounding bias","tv_conf_meth","validity","NA",TRUE,"No || ",0
"STUDY-0698","Causal","Missing data","miss_outcome","reporting","OK",TRUE,"No",0
"STUDY-0698","Causal","Missing data","miss_exposure","reporting","OK",TRUE,"No",0
"STUDY-0698","Causal","Mentioning errors","err_disc","reporting","OK",TRUE,"Random error;Measurement bias",0
"STUDY-0603","Causal","Random error","sample_size","reporting","OK",TRUE,"Yes",0
"STUDY-0603","Causal","Random error","acc_sampl","validity","OK",TRUE,"Yes",0
"STUDY-0603","Causal","Random error","sample_ach","validity","OK",TRUE,"Yes",0
"STUDY-0603","Causal","Selection bias","base_sel","validity","VAL",TRUE,"No",1
"STUDY-0603","Causal","Selection bias","comp_dis","reporting","REP",TRUE,"No",0
"STUDY-0603","Causal","Measurement bias","val_outcome","validity","VAL",TRUE,"Yes, the authors conducted content/face validity or cited the content/face validity from other studies",0.5
"STUDY-0603","Causal","Measurement bias","out_bias_acc","validity","VAL",TRUE,"No",1
"STUDY-0603","Causal","Measurement bias","diff_or_nondiff_out","validity","OK",TRUE,"Non-differential with respect to the exposure",0
"STUDY-0603","Causal","Measurement bias","val_exposure","validity","OK",TRUE,"Yes, the authors conducted criterion validity or cited the criterion validity from other studies",0
"STUDY-0603","Causal","Measurement bias","exp_bias_acc","validity","VAL",TRUE,"No",1
"STUDY-0603","Causal","Measurement bias","diff_or_nondiff_exp","validity","OK",TRUE,"Non-differential with respect to the outcome",0
"STUDY-0603","Causal","Measurement bias","dep_or_indep_misc","validity","OK",TRUE,"Independent",0
"STUDY-0603","Causal","Confounding bias","base_conf_meth","validity","VAL",TRUE,"No adjustment for baseline confounding was done",1
"STUDY-0603","Causal","Confounding bias","conf_var_det","validity","NA",TRUE,"No adjustment for baseline and time-varying confounding was done",0
"STUDY-0603","Causal","Confounding bias","tv_conf_meth","validity","NA",TRUE,"No || ",0
"STUDY-0603","Causal","Missing data","miss_outcome","reporting","OK",TRUE,"No",0
"STUDY-0603","Causal","Missing data","miss_exposure","reporting","OK",TRUE,"No",0
"STUDY-0603","Causal","Mentioning errors","err_disc","reporting","OK",TRUE,"Confounding bias",0
"STUDY-1001","Causal","Random error","sample_size","reporting","REP",TRUE,"No",0
"STUDY-1001","Causal","Random error","acc_sampl","validity","NA",TRUE,"",0
"STUDY-1001","Causal","Random error","sample_ach","validity","NA",TRUE,"",0
"STUDY-1001","Causal","Selection bias","base_sel","validity","VAL",TRUE,"No",1
"STUDY-1001","Causal","Selection bias","comp_dis","reporting","REP",TRUE,"No",0
"STUDY-1001","Causal","Measurement bias","val_outcome","validity","VAL",TRUE,"Yes, the authors conducted content/face validity or cited the content/face validity from other studies",0.5
"STUDY-1001","Causal","Measurement bias","out_bias_acc","validity","VAL",TRUE,"No",1
"STUDY-1001","Causal","Measurement bias","diff_or_nondiff_out","validity","OK",TRUE,"Non-differential with respect to the exposure",0
"STUDY-1001","Causal","Measurement bias","val_exposure","validity","NA",TRUE,"This type of objective measurement does not usually require validation (e.g., surgical intervention)",0
"STUDY-1001","Causal","Measurement bias","exp_bias_acc","validity","VAL",TRUE,"No",1
"STUDY-1001","Causal","Measurement bias","diff_or_nondiff_exp","validity","OK",TRUE,"Non-differential with respect to the outcome",0
"STUDY-1001","Causal","Measurement bias","dep_or_indep_misc","validity","VAL",TRUE,"Dependent",1
"STUDY-1001","Causal","Confounding bias","base_conf_meth","validity","OK",TRUE,"Regression",0
"STUDY-1001","Causal","Confounding bias","conf_var_det","validity","VAL",TRUE,"Based on statistical criteria",0.6666667
"STUDY-1001","Causal","Confounding bias","tv_conf_meth","validity","NA",TRUE,"No || ",0
"STUDY-1001","Causal","Missing data","miss_outcome","reporting","OK",TRUE,"No",0
"STUDY-1001","Causal","Missing data","miss_exposure","reporting","OK",TRUE,"No",0
"STUDY-1001","Causal","Mentioning errors","err_disc","reporting","REP",TRUE,"None of the above",0
"STUDY-0423","Causal","Random error","sample_size","reporting","REP",TRUE,"No",0
"STUDY-0423","Causal","Random error","acc_sampl","validity","NA",TRUE,"",0
"STUDY-0423","Causal","Random error","sample_ach","validity","NA",TRUE,"",0
"STUDY-0423","Causal","Selection bias","base_sel","validity","VAL",TRUE,"No",1
"STUDY-0423","Causal","Selection bias","comp_dis","reporting","REP",TRUE,"No",0
"STUDY-0423","Causal","Measurement bias","val_outcome","validity","VAL",TRUE,"Yes, the authors conducted content/face validity or cited the content/face validity from other studies",0.5
"STUDY-0423","Causal","Measurement bias","out_bias_acc","validity","VAL",TRUE,"No",1
"STUDY-0423","Causal","Measurement bias","diff_or_nondiff_out","validity","OK",TRUE,"Non-differential with respect to the exposure",0
"STUDY-0423","Causal","Measurement bias","val_exposure","validity","NA",TRUE,"This type of objective measurement does not usually require validation (e.g., surgical intervention)",0
"STUDY-0423","Causal","Measurement bias","exp_bias_acc","validity","VAL",TRUE,"No",1
"STUDY-0423","Causal","Measurement bias","diff_or_nondiff_exp","validity","VAL",TRUE,"Differential with respect to the outcome",1
"STUDY-0423","Causal","Measurement bias","dep_or_indep_misc","validity","VAL",TRUE,"Dependent",1
"STUDY-0423","Causal","Confounding bias","base_conf_meth","validity","VAL",TRUE,"No adjustment for baseline confounding was done",1
"STUDY-0423","Causal","Confounding bias","conf_var_det","validity","NA",TRUE,"No adjustment for baseline and time-varying confounding was done",0
"STUDY-0423","Causal","Confounding bias","tv_conf_meth","validity","NA",TRUE,"No || ",0
"STUDY-0423","Causal","Missing data","miss_outcome","reporting","REP",TRUE,"Not reported or unknown",0
"STUDY-0423","Causal","Missing data","miss_exposure","reporting","OK",TRUE,"No",0
"STUDY-0423","Causal","Mentioning errors","err_disc","reporting","REP",TRUE,"None of the above",0
"STUDY-0086","Descriptive","Random error","sample_size","reporting","REP",TRUE,"No",0
"STUDY-0086","Descriptive","Random error","acc_sampl","validity","NA",TRUE,"",0
"STUDY-0086","Descriptive","Random error","sample_ach","validity","NA",TRUE,"",0
"STUDY-0086","Descriptive","Selection bias","base_sel","validity","VAL",TRUE,"No",1
"STUDY-0086","Descriptive","Measurement bias","val_outcome","validity","OK",TRUE,"Yes, the authors conducted criterion validity or cited the criterion validity from other studies",0
"STUDY-0086","Descriptive","Measurement bias","out_bias_acc","validity","VAL",TRUE,"No",1
"STUDY-0086","Descriptive","Missing data","miss_outcome","reporting","OK",TRUE,"No",0
"STUDY-0086","Descriptive","Mentioning errors","err_disc","reporting","REP",TRUE,"None of the above",0
"STUDY-0086","Descriptive","Conflating task","confl_task","validity","VAL",TRUE,"Yes",1
"STUDY-0207","Causal","Random error","sample_size","reporting","REP",TRUE,"No",0
"STUDY-0207","Causal","Random error","acc_sampl","validity","NA",TRUE,"",0
"STUDY-0207","Causal","Random error","sample_ach","validity","NA",TRUE,"",0
"STUDY-0207","Causal","Selection bias","base_sel","validity","VAL",TRUE,"No",1
"STUDY-0207","Causal","Selection bias","comp_dis","reporting","REP",TRUE,"No",0
"STUDY-0207","Causal","Measurement bias","val_outcome","validity","VAL",TRUE,"No",1
"STUDY-0207","Causal","Measurement bias","out_bias_acc","validity","VAL",TRUE,"No",1
"STUDY-0207","Causal","Measurement bias","diff_or_nondiff_out","validity","VAL",TRUE,"Differential with respect to the exposure",1
"STUDY-0207","Causal","Measurement bias","val_exposure","validity","VAL",TRUE,"No",1
"STUDY-0207","Causal","Measurement bias","exp_bias_acc","validity","VAL",TRUE,"No",1
"STUDY-0207","Causal","Measurement bias","diff_or_nondiff_exp","validity","OK",TRUE,"Non-differential with respect to the outcome",0
"STUDY-0207","Causal","Measurement bias","dep_or_indep_misc","validity","OK",TRUE,"Independent",0
"STUDY-0207","Causal","Confounding bias","base_conf_meth","validity","OK",TRUE,"Regression",0
"STUDY-0207","Causal","Confounding bias","conf_var_det","validity","VAL",TRUE,"Based on previous literature",0.3333333
"STUDY-0207","Causal","Confounding bias","tv_conf_meth","validity","NA",TRUE,"No || ",0
"STUDY-0207","Causal","Missing data","miss_outcome","reporting","REP",TRUE,"Not reported or unknown",0
"STUDY-0207","Causal","Missing data","miss_exposure","reporting","REP",TRUE,"Not reported or unknown",0
"STUDY-0207","Causal","Mentioning errors","err_disc","reporting","REP",TRUE,"None of the above",0
"STUDY-0109","Causal","Random error","sample_size","reporting","OK",TRUE,"Yes",0
"STUDY-0109","Causal","Random error","acc_sampl","validity","VAL",TRUE,"No",1
"STUDY-0109","Causal","Random error","sample_ach","validity","OK",TRUE,"Yes",0
"STUDY-0109","Causal","Selection bias","base_sel","validity","VAL",TRUE,"No",1
"STUDY-0109","Causal","Selection bias","comp_dis","reporting","REP",TRUE,"No",0
"STUDY-0109","Causal","Measurement bias","val_outcome","validity","VAL",TRUE,"Yes, the authors conducted content/face validity or cited the content/face validity from other studies",0.5
"STUDY-0109","Causal","Measurement bias","out_bias_acc","validity","VAL",TRUE,"No",1
"STUDY-0109","Causal","Measurement bias","diff_or_nondiff_out","validity","VAL",TRUE,"Differential with respect to the exposure",1
"STUDY-0109","Causal","Measurement bias","val_exposure","validity","NA",TRUE,"This type of objective measurement does not usually require validation (e.g., surgical intervention)",0
"STUDY-0109","Causal","Measurement bias","exp_bias_acc","validity","VAL",TRUE,"No",1
"STUDY-0109","Causal","Measurement bias","diff_or_nondiff_exp","validity","VAL",TRUE,"Differential with respect to the outcome",1
"STUDY-0109","Causal","Measurement bias","dep_or_indep_misc","validity","VAL",TRUE,"Dependent",1
"STUDY-0109","Causal","Confounding bias","base_conf_meth","validity","VAL",TRUE,"No adjustment for baseline confounding was done",1
"STUDY-0109","Causal","Confounding bias","conf_var_det","validity","NA",TRUE,"No adjustment for baseline and time-varying confounding was done",0
"STUDY-0109","Causal","Confounding bias","tv_conf_meth","validity","NA",TRUE,"No || ",0
"STUDY-0109","Causal","Missing data","miss_outcome","reporting","REP",TRUE,"Not reported or unknown",0
"STUDY-0109","Causal","Missing data","miss_exposure","reporting","REP",TRUE,"Not reported or unknown",0
"STUDY-0109","Causal","Mentioning errors","err_disc","reporting","OK",TRUE,"Measurement bias;Confounding bias",0
"STUDY-1016","Descriptive","Selection bias","base_sel","validity","OK",TRUE,"No baseline selection bias from investigator",0
"STUDY-1016","Descriptive","Measurement bias","val_outcome","validity","VAL",TRUE,"Yes, the authors conducted content/face validity or cited the content/face validity from other studies",0.5
"STUDY-1016","Descriptive","Measurement bias","out_bias_acc","validity","VAL",TRUE,"No",1
"STUDY-1016","Descriptive","Missing data","miss_outcome","reporting","REP",TRUE,"Not reported or unknown",0
"STUDY-1016","Descriptive","Mentioning errors","err_disc","reporting","OK",TRUE,"Measurement bias;Missing data",0
"STUDY-1016","Descriptive","Conflating task","confl_task","validity","OK",TRUE,"No",0
"STUDY-0473","Descriptive","Random error","sample_size","reporting","OK",TRUE,"Yes",0
"STUDY-0473","Descriptive","Random error","acc_sampl","validity","OK",TRUE,"Yes",0
"STUDY-0473","Descriptive","Random error","sample_ach","validity","OK",TRUE,"Yes",0
"STUDY-0473","Descriptive","Selection bias","base_sel","validity","VAL",TRUE,"No",1
"STUDY-0473","Descriptive","Measurement bias","val_outcome","validity","VAL",TRUE,"Yes, the authors conducted content/face validity or cited the content/face validity from other studies",0.5
"STUDY-0473","Descriptive","Measurement bias","out_bias_acc","validity","VAL",TRUE,"No",1
"STUDY-0473","Descriptive","Missing data","miss_outcome","reporting","OK",TRUE,"No",0
"STUDY-0473","Descriptive","Mentioning errors","err_disc","reporting","OK",TRUE,"Selection bias",0
"STUDY-0473","Descriptive","Conflating task","confl_task","validity","VAL",TRUE,"Yes",1
"STUDY-0295","Causal","Random error","sample_size","reporting","OK",TRUE,"Yes",0
"STUDY-0295","Causal","Random error","acc_sampl","validity","VAL",TRUE,"No",1
"STUDY-0295","Causal","Random error","sample_ach","validity","OK",TRUE,"Yes",0
"STUDY-0295","Causal","Selection bias","base_sel","validity","VAL",TRUE,"No",1
"STUDY-0295","Causal","Selection bias","comp_dis","reporting","REP",TRUE,"No",0
"STUDY-0295","Causal","Measurement bias","val_outcome","validity","VAL",TRUE,"Yes, the authors conducted content/face validity or cited the content/face validity from other studies",0.5
"STUDY-0295","Causal","Measurement bias","out_bias_acc","validity","VAL",TRUE,"No",1
"STUDY-0295","Causal","Measurement bias","diff_or_nondiff_out","validity","VAL",TRUE,"Differential with respect to the exposure",1
"STUDY-0295","Causal","Measurement bias","val_exposure","validity","NA",TRUE,"This type of objective measurement does not usually require validation (e.g., surgical intervention)",0
"STUDY-0295","Causal","Measurement bias","exp_bias_acc","validity","VAL",TRUE,"No",1
"STUDY-0295","Causal","Measurement bias","diff_or_nondiff_exp","validity","OK",TRUE,"Non-differential with respect to the outcome",0
"STUDY-0295","Causal","Measurement bias","dep_or_indep_misc","validity","OK",TRUE,"Independent",0
"STUDY-0295","Causal","Confounding bias","base_conf_meth","validity","OK",TRUE,"Regression",0
"STUDY-0295","Causal","Confounding bias","conf_var_det","validity","VAL",TRUE,"Based on none of the above",0.6666667
"STUDY-0295","Causal","Confounding bias","tv_conf_meth","validity","NA",TRUE,"No || ",0
"STUDY-0295","Causal","Missing data","miss_outcome","reporting","OK",TRUE,"Yes",0
"STUDY-0295","Causal","Missing data","hand_miss_outcom","validity","VAL",TRUE,"No",1
"STUDY-0295","Causal","Missing data","miss_exposure","reporting","OK",TRUE,"Yes",0
"STUDY-0295","Causal","Missing data","hand_miss_exposure","validity","VAL",TRUE,"No",1
"STUDY-0295","Causal","Mentioning errors","err_disc","reporting","OK",TRUE,"Selection bias;Measurement bias",0
"STUDY-0516","Causal","Selection bias","base_sel","validity","OK",TRUE,"No baseline selection bias from investigator",0
"STUDY-0516","Causal","Selection bias","comp_dis","reporting","NA",TRUE,"",0
"STUDY-0516","Causal","Selection bias","ltfu_bias","reporting","OK",TRUE,"No",0
"STUDY-0516","Causal","Measurement bias","val_outcome","validity","NA",TRUE,"This type of objective measurement does not usually require validation (e.g., surgical intervention)",0
"STUDY-0516","Causal","Measurement bias","out_bias_acc","validity","VAL",TRUE,"No",1
"STUDY-0516","Causal","Measurement bias","diff_or_nondiff_out","validity","VAL",TRUE,"Differential with respect to the exposure",1
"STUDY-0516","Causal","Measurement bias","val_exposure","validity","VAL",TRUE,"No",1
"STUDY-0516","Causal","Measurement bias","exp_bias_acc","validity","VAL",TRUE,"No",1
"STUDY-0516","Causal","Measurement bias","diff_or_nondiff_exp","validity","OK",TRUE,"Non-differential with respect to the outcome",0
"STUDY-0516","Causal","Measurement bias","dep_or_indep_misc","validity","VAL",TRUE,"Dependent",1
"STUDY-0516","Causal","Confounding bias","base_conf_meth","validity","OK",TRUE,"Regression;Matching;Propensity score",0
"STUDY-0516","Causal","Confounding bias","conf_var_det","validity","VAL",TRUE,"Based on none of the above",0.6666667
"STUDY-0516","Causal","Confounding bias","tv_conf_meth","validity","NA",TRUE,"No || ",0
"STUDY-0516","Causal","Missing data","miss_outcome","reporting","OK",TRUE,"No",0
"STUDY-0516","Causal","Missing data","miss_exposure","reporting","OK",TRUE,"No",0
"STUDY-0516","Causal","Mentioning errors","err_disc","reporting","OK",TRUE,"Random error",0
"STUDY-0803","Descriptive","Selection bias","base_sel","validity","OK",TRUE,"No baseline selection bias from investigator",0
"STUDY-0803","Descriptive","Measurement bias","val_outcome","validity","VAL",TRUE,"Yes, the authors conducted content/face validity or cited the content/face validity from other studies",0.5
"STUDY-0803","Descriptive","Measurement bias","out_bias_acc","validity","VAL",TRUE,"No",1
"STUDY-0803","Descriptive","Missing data","miss_outcome","reporting","OK",TRUE,"No",0
"STUDY-0803","Descriptive","Mentioning errors","err_disc","reporting","REP",TRUE,"None of the above",0
"STUDY-0803","Descriptive","Conflating task","confl_task","validity","OK",TRUE,"No",0
"STUDY-0307","Causal","Random error","sample_size","reporting","OK",TRUE,"Yes",0
"STUDY-0307","Causal","Random error","acc_sampl","validity","OK",TRUE,"Yes",0
"STUDY-0307","Causal","Random error","sample_ach","validity","OK",TRUE,"Yes",0
"STUDY-0307","Causal","Selection bias","base_sel","validity","OK",TRUE,"No baseline selection bias from investigator",0
"STUDY-0307","Causal","Selection bias","comp_dis","reporting","NA",TRUE,"",0
"STUDY-0307","Causal","Selection bias","ltfu_bias","reporting","OK",TRUE,"No",0
"STUDY-0307","Causal","Measurement bias","val_outcome","validity","VAL",TRUE,"Yes, the authors conducted content/face validity or cited the content/face validity from other studies",0.5
"STUDY-0307","Causal","Measurement bias","out_bias_acc","validity","VAL",TRUE,"No",1
"STUDY-0307","Causal","Measurement bias","diff_or_nondiff_out","validity","OK",TRUE,"Non-differential with respect to the exposure",0
"STUDY-0307","Causal","Measurement bias","val_exposure","validity","NA",TRUE,"This type of objective measurement does not usually require validation (e.g., surgical intervention)",0
"STUDY-0307","Causal","Measurement bias","exp_bias_acc","validity","VAL",TRUE,"No",1
"STUDY-0307","Causal","Measurement bias","diff_or_nondiff_exp","validity","OK",TRUE,"Non-differential with respect to the outcome",0
"STUDY-0307","Causal","Measurement bias","dep_or_indep_misc","validity","OK",TRUE,"Independent",0
"STUDY-0307","Causal","Confounding bias","base_conf_meth","validity","OK",TRUE,"Randomization",0
"STUDY-0307","Causal","Confounding bias","conf_var_det","validity","NA",TRUE,"No adjustment for baseline and time-varying confounding was done",0
"STUDY-0307","Causal","Confounding bias","tv_conf_meth","validity","NA",TRUE,"No || ",0
"STUDY-0307","Causal","Missing data","miss_outcome","reporting","OK",TRUE,"No",0
"STUDY-0307","Causal","Missing data","miss_exposure","reporting","OK",TRUE,"No",0
"STUDY-0307","Causal","Mentioning errors","err_disc","reporting","OK",TRUE,"Random error;Selection bias;Measurement bias",0
"STUDY-0560","Descriptive","Selection bias","base_sel","validity","VAL",TRUE,"No",1
"STUDY-0560","Descriptive","Measurement bias","val_outcome","validity","VAL",TRUE,"Yes, the authors conducted content/face validity or cited the content/face validity from other studies",0.5
"STUDY-0560","Descriptive","Measurement bias","out_bias_acc","validity","VAL",TRUE,"No",1
"STUDY-0560","Descriptive","Missing data","miss_outcome","reporting","REP",TRUE,"Not reported or unknown",0
"STUDY-0560","Descriptive","Mentioning errors","err_disc","reporting","OK",TRUE,"Selection bias;Measurement bias",0
"STUDY-0560","Descriptive","Conflating task","confl_task","validity","VAL",TRUE,"Yes",1
"STUDY-0132","Causal","Selection bias","base_sel","validity","OK",TRUE,"No baseline selection bias from investigator",0
"STUDY-0132","Causal","Selection bias","comp_dis","reporting","NA",TRUE,"",0
"STUDY-0132","Causal","Selection bias","ltfu_bias","reporting","REP",TRUE,"Not reported or unknown",0
"STUDY-0132","Causal","Measurement bias","val_outcome","validity","NA",TRUE,"This type of objective measurement does not usually require validation (e.g., surgical intervention)",0
"STUDY-0132","Causal","Measurement bias","out_bias_acc","validity","VAL",TRUE,"No",1
"STUDY-0132","Causal","Measurement bias","diff_or_nondiff_out","validity","OK",TRUE,"Non-differential with respect to the exposure",0
"STUDY-0132","Causal","Measurement bias","val_exposure","validity","NA",TRUE,"This type of objective measurement does not usually require validation (e.g., surgical intervention)",0
"STUDY-0132","Causal","Measurement bias","exp_bias_acc","validity","VAL",TRUE,"No",1
"STUDY-0132","Causal","Measurement bias","diff_or_nondiff_exp","validity","OK",TRUE,"Non-differential with respect to the outcome",0
"STUDY-0132","Causal","Measurement bias","dep_or_indep_misc","validity","VAL",TRUE,"Dependent",1
"STUDY-0132","Causal","Confounding bias","base_conf_meth","validity","VAL",TRUE,"No adjustment for baseline confounding was done",1
"STUDY-0132","Causal","Confounding bias","conf_var_det","validity","NA",TRUE,"No adjustment for baseline and time-varying confounding was done",0
"STUDY-0132","Causal","Confounding bias","tv_conf_meth","validity","NA",TRUE,"No || ",0
"STUDY-0132","Causal","Missing data","miss_outcome","reporting","OK",TRUE,"No",0
"STUDY-0132","Causal","Missing data","miss_exposure","reporting","OK",TRUE,"No",0
"STUDY-0132","Causal","Mentioning errors","err_disc","reporting","OK",TRUE,"Measurement bias;Missing data",0
"STUDY-0852","Causal","Random error","sample_size","reporting","REP",TRUE,"No",0
"STUDY-0852","Causal","Random error","acc_sampl","validity","NA",TRUE,"",0
"STUDY-0852","Causal","Random error","sample_ach","validity","NA",TRUE,"",0
"STUDY-0852","Causal","Selection bias","base_sel","validity","VAL",TRUE,"No",1
"STUDY-0852","Causal","Selection bias","comp_dis","reporting","REP",TRUE,"No",0
"STUDY-0852","Causal","Measurement bias","val_outcome","validity","OK",TRUE,"Yes, the authors conducted criterion validity or cited the criterion validity from other studies",0
"STUDY-0852","Causal","Measurement bias","out_bias_acc","validity","VAL",TRUE,"No",1
"STUDY-0852","Causal","Measurement bias","diff_or_nondiff_out","validity","OK",TRUE,"Non-differential with respect to the exposure",0
"STUDY-0852","Causal","Measurement bias","val_exposure","validity","NA",TRUE,"This type of objective measurement does not usually require validation (e.g., surgical intervention)",0
"STUDY-0852","Causal","Measurement bias","exp_bias_acc","validity","VAL",TRUE,"No",1
"STUDY-0852","Causal","Measurement bias","diff_or_nondiff_exp","validity","VAL",TRUE,"Differential with respect to the outcome",1
"STUDY-0852","Causal","Measurement bias","dep_or_indep_misc","validity","VAL",TRUE,"Dependent",1
"STUDY-0852","Causal","Confounding bias","base_conf_meth","validity","OK",TRUE,"Regression",0
"STUDY-0852","Causal","Confounding bias","conf_var_det","validity","VAL",TRUE,"Based on none of the above",0.6666667
"STUDY-0852","Causal","Confounding bias","tv_conf_meth","validity","NA",TRUE,"No || ",0
"STUDY-0852","Causal","Missing data","miss_outcome","reporting","OK",TRUE,"No",0
"STUDY-0852","Causal","Missing data","miss_exposure","reporting","OK",TRUE,"No",0
"STUDY-0852","Causal","Mentioning errors","err_disc","reporting","OK",TRUE,"Random error",0
"STUDY-0231","Causal","Random error","sample_size","reporting","REP",TRUE,"No",0
"STUDY-0231","Causal","Random error","acc_sampl","validity","NA",TRUE,"",0
"STUDY-0231","Causal","Random error","sample_ach","validity","NA",TRUE,"",0
"STUDY-0231","Causal","Selection bias","base_sel","validity","VAL",TRUE,"No",1
"STUDY-0231","Causal","Selection bias","comp_dis","reporting","REP",TRUE,"No",0
"STUDY-0231","Causal","Measurement bias","val_outcome","validity","VAL",TRUE,"Yes, the authors conducted content/face validity or cited the content/face validity from other studies",0.5
"STUDY-0231","Causal","Measurement bias","out_bias_acc","validity","VAL",TRUE,"No",1
"STUDY-0231","Causal","Measurement bias","diff_or_nondiff_out","validity","VAL",TRUE,"Differential with respect to the exposure",1
"STUDY-0231","Causal","Measurement bias","val_exposure","validity","VAL",TRUE,"No",1
"STUDY-0231","Causal","Measurement bias","exp_bias_acc","validity","VAL",TRUE,"No",1
"STUDY-0231","Causal","Measurement bias","diff_or_nondiff_exp","validity","VAL",TRUE,"Differential with respect to the outcome",1
"STUDY-0231","Causal","Measurement bias","dep_or_indep_misc","validity","OK",TRUE,"Independent",0
"STUDY-0231","Causal","Confounding bias","base_conf_meth","validity","VAL",TRUE,"No adjustment for baseline confounding was done",1
"STUDY-0231","Causal","Confounding bias","conf_var_det","validity","NA",TRUE,"No adjustment for baseline and time-varying confounding was done",0
"STUDY-0231","Causal","Confounding bias","tv_conf_meth","validity","NA",TRUE,"No || ",0
"STUDY-0231","Causal","Missing data","miss_outcome","reporting","OK",TRUE,"No",0
"STUDY-0231","Causal","Missing data","miss_exposure","reporting","OK",TRUE,"No",0
"STUDY-0231","Causal","Mentioning errors","err_disc","reporting","OK",TRUE,"Random error;Measurement bias",0
"STUDY-0595","Causal","Random error","sample_size","reporting","REP",TRUE,"No",0
"STUDY-0595","Causal","Random error","acc_sampl","validity","NA",TRUE,"",0
"STUDY-0595","Causal","Random error","sample_ach","validity","NA",TRUE,"",0
"STUDY-0595","Causal","Selection bias","base_sel","validity","VAL",TRUE,"No",1
"STUDY-0595","Causal","Selection bias","comp_dis","reporting","REP",TRUE,"No",0
"STUDY-0595","Causal","Measurement bias","val_outcome","validity","VAL",TRUE,"Yes, the authors conducted content/face validity or cited the content/face validity from other studies",0.5
"STUDY-0595","Causal","Measurement bias","out_bias_acc","validity","VAL",TRUE,"No",1
"STUDY-0595","Causal","Measurement bias","diff_or_nondiff_out","validity","VAL",TRUE,"Differential with respect to the exposure",1
"STUDY-0595","Causal","Measurement bias","val_exposure","validity","VAL",TRUE,"No",1
"STUDY-0595","Causal","Measurement bias","exp_bias_acc","validity","VAL",TRUE,"No",1
"STUDY-0595","Causal","Measurement bias","diff_or_nondiff_exp","validity","OK",TRUE,"Non-differential with respect to the outcome",0
"STUDY-0595","Causal","Measurement bias","dep_or_indep_misc","validity","VAL",TRUE,"Dependent",1
"STUDY-0595","Causal","Confounding bias","base_conf_meth","validity","OK",TRUE,"Regression",0
"STUDY-0595","Causal","Confounding bias","conf_var_det","validity","VAL",TRUE,"Based on none of the above",0.6666667
"STUDY-0595","Causal","Confounding bias","tv_conf_meth","validity","NA",TRUE,"No || ",0
"STUDY-0595","Causal","Missing data","miss_outcome","reporting","OK",TRUE,"Yes",0
"STUDY-0595","Causal","Missing data","hand_miss_outcom","validity","VAL",TRUE,"No",1
"STUDY-0595","Causal","Missing data","miss_exposure","reporting","OK",TRUE,"Yes",0
"STUDY-0595","Causal","Missing data","hand_miss_exposure","validity","VAL",TRUE,"No",1
"STUDY-0595","Causal","Mentioning errors","err_disc","reporting","OK",TRUE,"Selection bias;Measurement bias",0
"STUDY-0834","Causal","Random error","sample_size","reporting","OK",TRUE,"Yes",0
"STUDY-0834","Causal","Random error","acc_sampl","validity","OK",TRUE,"Yes",0
"STUDY-0834","Causal","Random error","sample_ach","validity","OK",TRUE,"Yes",0
"STUDY-0834","Causal","Selection bias","base_sel","validity","VAL",TRUE,"No",1
"STUDY-0834","Causal","Selection bias","comp_dis","reporting","REP",TRUE,"No",0
"STUDY-0834","Causal","Selection bias","ltfu_bias","reporting","OK",TRUE,"No",0
"STUDY-0834","Causal","Measurement bias","val_outcome","validity","OK",TRUE,"Yes, the authors conducted criterion validity or cited the criterion validity from other studies",0
"STUDY-0834","Causal","Measurement bias","out_bias_acc","validity","VAL",TRUE,"No",1
"STUDY-0834","Causal","Measurement bias","diff_or_nondiff_out","validity","OK",TRUE,"Non-differential with respect to the exposure",0
"STUDY-0834","Causal","Measurement bias","val_exposure","validity","VAL",TRUE,"Yes, the authors conducted content/face validity or cited the content/face validity from other studies",0.5
"STUDY-0834","Causal","Measurement bias","exp_bias_acc","validity","VAL",TRUE,"No",1
"STUDY-0834","Causal","Measurement bias","diff_or_nondiff_exp","validity","OK",TRUE,"Non-differential with respect to the outcome",0
"STUDY-0834","Causal","Measurement bias","dep_or_indep_misc","validity","OK",TRUE,"Independent",0
"STUDY-0834","Causal","Confounding bias","base_conf_meth","validity","VAL",TRUE,"No adjustment for baseline confounding was done",1
"STUDY-0834","Causal","Confounding bias","conf_var_det","validity","NA",TRUE,"No adjustment for baseline and time-varying confounding was done",0
"STUDY-0834","Causal","Confounding bias","tv_conf_meth","validity","NA",TRUE,"No || ",0
"STUDY-0834","Causal","Missing data","miss_outcome","reporting","OK",TRUE,"Yes",0
"STUDY-0834","Causal","Missing data","hand_miss_outcom","validity","VAL",TRUE,"No",1
"STUDY-0834","Causal","Missing data","miss_exposure","reporting","OK",TRUE,"No",0
"STUDY-0834","Causal","Mentioning errors","err_disc","reporting","OK",TRUE,"Random error;Selection bias",0
"STUDY-0865","Descriptive","Selection bias","base_sel","validity","OK",TRUE,"No baseline selection bias from investigator",0
"STUDY-0865","Descriptive","Measurement bias","val_outcome","validity","VAL",TRUE,"No",1
"STUDY-0865","Descriptive","Measurement bias","out_bias_acc","validity","VAL",TRUE,"No",1
"STUDY-0865","Descriptive","Missing data","miss_outcome","reporting","OK",TRUE,"No",0
"STUDY-0865","Descriptive","Mentioning errors","err_disc","reporting","REP",TRUE,"None of the above",0
"STUDY-0865","Descriptive","Conflating task","confl_task","validity","OK",TRUE,"No",0
"STUDY-0339","Descriptive","Selection bias","base_sel","validity","OK",TRUE,"No baseline selection bias from investigator",0
"STUDY-0339","Descriptive","Measurement bias","val_outcome","validity","VAL",TRUE,"No",1
"STUDY-0339","Descriptive","Measurement bias","out_bias_acc","validity","VAL",TRUE,"No",1
"STUDY-0339","Descriptive","Missing data","miss_outcome","reporting","OK",TRUE,"No",0
"STUDY-0339","Descriptive","Mentioning errors","err_disc","reporting","REP",TRUE,"None of the above",0
"STUDY-0339","Descriptive","Conflating task","confl_task","validity","OK",TRUE,"No",0
"STUDY-0773","Descriptive","Random error","sample_size","reporting","OK",TRUE,"Yes",0
"STUDY-0773","Descriptive","Random error","acc_sampl","validity","VAL",TRUE,"No",1
"STUDY-0773","Descriptive","Random error","sample_ach","validity","OK",TRUE,"Yes",0
"STUDY-0773","Descriptive","Selection bias","base_sel","validity","VAL",TRUE,"No",1
"STUDY-0773","Descriptive","Measurement bias","val_outcome","validity","VAL",TRUE,"Yes, the authors conducted content/face validity or cited the content/face validity from other studies",0.5
"STUDY-0773","Descriptive","Measurement bias","out_bias_acc","validity","VAL",TRUE,"No",1
"STUDY-0773","Descriptive","Missing data","miss_outcome","reporting","OK",TRUE,"No",0
"STUDY-0773","Descriptive","Mentioning errors","err_disc","reporting","REP",TRUE,"None of the above",0
"STUDY-0773","Descriptive","Conflating task","confl_task","validity","VAL",TRUE,"Yes",1
"STUDY-0744","Causal","Random error","sample_size","reporting","REP",TRUE,"No",0
"STUDY-0744","Causal","Random error","acc_sampl","validity","NA",TRUE,"skipped",0
"STUDY-0744","Causal","Random error","sample_ach","validity","NA",TRUE,"skipped",0
"STUDY-0744","Causal","Selection bias","base_sel","validity","VAL",TRUE,"No",1
"STUDY-0744","Causal","Selection bias","comp_dis","reporting","REP",TRUE,"No",0
"STUDY-0744","Causal","Measurement bias","val_outcome","validity","VAL",TRUE,"Yes, the authors conducted content/face validity or cited the content/face validity from other studies",0.5
"STUDY-0744","Causal","Measurement bias","out_bias_acc","validity","VAL",TRUE,"No",1
"STUDY-0744","Causal","Measurement bias","diff_or_nondiff_out","validity","OK",TRUE,"Non-differential with respect to the exposure",0
"STUDY-0744","Causal","Measurement bias","val_exposure","validity","VAL",TRUE,"No",1
"STUDY-0744","Causal","Measurement bias","exp_bias_acc","validity","VAL",TRUE,"No",1
"STUDY-0744","Causal","Measurement bias","diff_or_nondiff_exp","validity","OK",TRUE,"Non-differential with respect to the outcome",0
"STUDY-0744","Causal","Measurement bias","dep_or_indep_misc","validity","OK",TRUE,"Independent",0
"STUDY-0744","Causal","Confounding bias","base_conf_meth","validity","OK",TRUE,"Regression",0
"STUDY-0744","Causal","Confounding bias","conf_var_det","validity","VAL",TRUE,"Based on none of the above",0.6666667
"STUDY-0744","Causal","Confounding bias","tv_conf_meth","validity","NA",TRUE,"No || ",0
"STUDY-0744","Causal","Missing data","miss_outcome","reporting","REP",TRUE,"Not reported or unknown",0
"STUDY-0744","Causal","Missing data","miss_exposure","reporting","REP",TRUE,"Not reported or unknown",0
"STUDY-0744","Causal","Mentioning errors","err_disc","reporting","REP",TRUE,"None of the above",0
"STUDY-0475","Causal","Selection bias","base_sel","validity","OK",TRUE,"No baseline selection bias from investigator",0
"STUDY-0475","Causal","Selection bias","comp_dis","reporting","NA",TRUE,"",0
"STUDY-0475","Causal","Measurement bias","val_outcome","validity","VAL",TRUE,"No",1
"STUDY-0475","Causal","Measurement bias","out_bias_acc","validity","VAL",TRUE,"No",1
"STUDY-0475","Causal","Measurement bias","diff_or_nondiff_out","validity","OK",TRUE,"Non-differential with respect to the exposure",0
"STUDY-0475","Causal","Measurement bias","val_exposure","validity","NA",TRUE,"This type of objective measurement does not usually require validation (e.g., surgical intervention)",0
"STUDY-0475","Causal","Measurement bias","exp_bias_acc","validity","VAL",TRUE,"No",1
"STUDY-0475","Causal","Measurement bias","diff_or_nondiff_exp","validity","OK",TRUE,"Non-differential with respect to the outcome",0
"STUDY-0475","Causal","Measurement bias","dep_or_indep_misc","validity","OK",TRUE,"Independent",0
"STUDY-0475","Causal","Confounding bias","base_conf_meth","validity","OK",TRUE,"Regression",0
"STUDY-0475","Causal","Confounding bias","conf_var_det","validity","VAL",TRUE,"Based on none of the above",0.6666667
"STUDY-0475","Causal","Confounding bias","tv_conf_meth","validity","NA",TRUE,"No || skipped",0
"STUDY-0475","Causal","Missing data","miss_outcome","reporting","OK",TRUE,"No",0
"STUDY-0475","Causal","Missing data","miss_exposure","reporting","OK",TRUE,"No",0
"STUDY-0475","Causal","Mentioning errors","err_disc","reporting","OK",TRUE,"Confounding bias",0
"STUDY-0853","Causal","Selection bias","base_sel","validity","OK",TRUE,"No baseline selection bias from investigator",0
"STUDY-0853","Causal","Selection bias","comp_dis","reporting","NA",TRUE,"",0
"STUDY-0853","Causal","Selection bias","ltfu_bias","reporting","OK",TRUE,"No",0
"STUDY-0853","Causal","Measurement bias","val_outcome","validity","NA",TRUE,"This type of objective measurement does not usually require validation (e.g., surgical intervention)",0
"STUDY-0853","Causal","Measurement bias","out_bias_acc","validity","VAL",TRUE,"No",1
"STUDY-0853","Causal","Measurement bias","diff_or_nondiff_out","validity","OK",TRUE,"Non-differential with respect to the exposure",0
"STUDY-0853","Causal","Measurement bias","val_exposure","validity","NA",TRUE,"This type of objective measurement does not usually require validation (e.g., surgical intervention)",0
"STUDY-0853","Causal","Measurement bias","exp_bias_acc","validity","VAL",TRUE,"No",1
"STUDY-0853","Causal","Measurement bias","diff_or_nondiff_exp","validity","OK",TRUE,"Non-differential with respect to the outcome",0
"STUDY-0853","Causal","Measurement bias","dep_or_indep_misc","validity","OK",TRUE,"Independent",0
"STUDY-0853","Causal","Confounding bias","base_conf_meth","validity","OK",TRUE,"Regression",0
"STUDY-0853","Causal","Confounding bias","conf_var_det","validity","VAL",TRUE,"Based on previous literature;Based on statistical criteria",0.3333333
"STUDY-0853","Causal","Confounding bias","tv_conf_meth","validity","NA",TRUE,"No || ",0
"STUDY-0853","Causal","Missing data","miss_outcome","reporting","OK",TRUE,"No",0
"STUDY-0853","Causal","Missing data","miss_exposure","reporting","OK",TRUE,"Yes",0
"STUDY-0853","Causal","Missing data","hand_miss_exposure","validity","VAL",TRUE,"Yes, single imputation with predicted value using regression",0.25
"STUDY-0853","Causal","Mentioning errors","err_disc","reporting","OK",TRUE,"Random error;Measurement bias;Confounding bias;Missing data",0
"STUDY-0403","Causal","Selection bias","base_sel","validity","OK",TRUE,"No baseline selection bias from investigator",0
"STUDY-0403","Causal","Selection bias","comp_dis","reporting","NA",TRUE,"",0
"STUDY-0403","Causal","Measurement bias","val_outcome","validity","NA",TRUE,"This type of objective measurement does not usually require validation (e.g., surgical intervention)",0
"STUDY-0403","Causal","Measurement bias","out_bias_acc","validity","VAL",TRUE,"No",1
"STUDY-0403","Causal","Measurement bias","diff_or_nondiff_out","validity","OK",TRUE,"Non-differential with respect to the exposure",0
"STUDY-0403","Causal","Measurement bias","val_exposure","validity","VAL",TRUE,"Yes, the authors conducted content/face validity or cited the content/face validity from other studies",0.5
"STUDY-0403","Causal","Measurement bias","exp_bias_acc","validity","VAL",TRUE,"No",1
"STUDY-0403","Causal","Measurement bias","diff_or_nondiff_exp","validity","OK",TRUE,"Non-differential with respect to the outcome",0
"STUDY-0403","Causal","Measurement bias","dep_or_indep_misc","validity","OK",TRUE,"Independent",0
"STUDY-0403","Causal","Confounding bias","base_conf_meth","validity","OK",TRUE,"Regression",0
"STUDY-0403","Causal","Confounding bias","conf_var_det","validity","VAL",TRUE,"Based on none of the above",0.6666667
"STUDY-0403","Causal","Confounding bias","tv_conf_meth","validity","NA",TRUE,"No || ",0
"STUDY-0403","Causal","Missing data","miss_outcome","reporting","OK",TRUE,"Yes",0
"STUDY-0403","Causal","Missing data","hand_miss_outcom","validity","VAL",TRUE,"No",1
"STUDY-0403","Causal","Missing data","miss_exposure","reporting","OK",TRUE,"Yes",0
"STUDY-0403","Causal","Missing data","hand_miss_exposure","validity","VAL",TRUE,"No",1
"STUDY-0403","Causal","Mentioning errors","err_disc","reporting","OK",TRUE,"Measurement bias;Confounding bias",0
"STUDY-0628","Causal","Random error","sample_size","reporting","REP",TRUE,"No",0
"STUDY-0628","Causal","Random error","acc_sampl","validity","NA",TRUE,"",0
"STUDY-0628","Causal","Random error","sample_ach","validity","NA",TRUE,"",0
"STUDY-0628","Causal","Selection bias","base_sel","validity","VAL",TRUE,"No",1
"STUDY-0628","Causal","Selection bias","comp_dis","reporting","REP",TRUE,"No",0
"STUDY-0628","Causal","Selection bias","ltfu_bias","reporting","REP",TRUE,"Not reported or unknown",0
"STUDY-0628","Causal","Measurement bias","val_outcome","validity","VAL",TRUE,"Yes, the authors conducted content/face validity or cited the content/face validity from other studies",0.5
"STUDY-0628","Causal","Measurement bias","out_bias_acc","validity","VAL",TRUE,"No",1
"STUDY-0628","Causal","Measurement bias","diff_or_nondiff_out","validity","VAL",TRUE,"Differential with respect to the exposure",1
"STUDY-0628","Causal","Measurement bias","val_exposure","validity","VAL",TRUE,"No",1
"STUDY-0628","Causal","Measurement bias","exp_bias_acc","validity","VAL",TRUE,"No",1
"STUDY-0628","Causal","Measurement bias","diff_or_nondiff_exp","validity","OK",TRUE,"Non-differential with respect to the outcome",0
"STUDY-0628","Causal","Measurement bias","dep_or_indep_misc","validity","VAL",TRUE,"Dependent",1
"STUDY-0628","Causal","Confounding bias","base_conf_meth","validity","VAL",TRUE,"No adjustment for baseline confounding was done",1
"STUDY-0628","Causal","Confounding bias","conf_var_det","validity","NA",TRUE,"No adjustment for baseline and time-varying confounding was done",0
"STUDY-0628","Causal","Confounding bias","tv_conf_meth","validity","NA",TRUE,"No || ",0
"STUDY-0628","Causal","Missing data","miss_outcome","reporting","REP",TRUE,"Not reported or unknown",0
"STUDY-0628","Causal","Missing data","miss_exposure","reporting","OK",TRUE,"No",0
"STUDY-0628","Causal","Mentioning errors","err_disc","reporting","OK",TRUE,"Measurement bias",0
"STUDY-0653","Causal","Random error","sample_size","reporting","OK",TRUE,"Yes",0
"STUDY-0653","Causal","Random error","acc_sampl","validity","VAL",TRUE,"No",1
"STUDY-0653","Causal","Random error","sample_ach","validity","OK",TRUE,"Yes",0
"STUDY-0653","Causal","Selection bias","base_sel","validity","VAL",TRUE,"No",1
"STUDY-0653","Causal","Selection bias","comp_dis","reporting","REP",TRUE,"No",0
"STUDY-0653","Causal","Selection bias","ltfu_bias","reporting","REP",TRUE,"Not reported or unknown",0
"STUDY-0653","Causal","Measurement bias","val_outcome","validity","VAL",TRUE,"Yes, the authors conducted content/face validity or cited the content/face validity from other studies",0.5
"STUDY-0653","Causal","Measurement bias","out_bias_acc","validity","VAL",TRUE,"No",1
"STUDY-0653","Causal","Measurement bias","diff_or_nondiff_out","validity","VAL",TRUE,"Differential with respect to the exposure",1
"STUDY-0653","Causal","Measurement bias","val_exposure","validity","NA",TRUE,"This type of objective measurement does not usually require validation (e.g., surgical intervention)",0
"STUDY-0653","Causal","Measurement bias","exp_bias_acc","validity","VAL",TRUE,"No",1
"STUDY-0653","Causal","Measurement bias","diff_or_nondiff_exp","validity","OK",TRUE,"Non-differential with respect to the outcome",0
"STUDY-0653","Causal","Measurement bias","dep_or_indep_misc","validity","OK",TRUE,"Independent",0
"STUDY-0653","Causal","Confounding bias","base_conf_meth","validity","OK",TRUE,"Regression",0
"STUDY-0653","Causal","Confounding bias","conf_var_det","validity","VAL",TRUE,"Based on statistical criteria",0.6666667
"STUDY-0653","Causal","Confounding bias","tv_conf_meth","validity","NA",TRUE,"No || ",0
"STUDY-0653","Causal","Missing data","miss_outcome","reporting","OK",TRUE,"Yes",0
"STUDY-0653","Causal","Missing data","hand_miss_outcom","validity","VAL",TRUE,"No",1
"STUDY-0653","Causal","Missing data","miss_exposure","reporting","OK",TRUE,"No",0
"STUDY-0653","Causal","Mentioning errors","err_disc","reporting","OK",TRUE,"Selection bias;Measurement bias;Missing data",0
"STUDY-0005","Causal","Random error","sample_size","reporting","REP",TRUE,"No",0
"STUDY-0005","Causal","Random error","acc_sampl","validity","NA",TRUE,"",0
"STUDY-0005","Causal","Random error","sample_ach","validity","NA",TRUE,"",0
"STUDY-0005","Causal","Selection bias","base_sel","validity","VAL",TRUE,"No",1
"STUDY-0005","Causal","Selection bias","comp_dis","reporting","REP",TRUE,"No",0
"STUDY-0005","Causal","Measurement bias","val_outcome","validity","VAL",TRUE,"No",1
"STUDY-0005","Causal","Measurement bias","out_bias_acc","validity","VAL",TRUE,"No",1
"STUDY-0005","Causal","Measurement bias","diff_or_nondiff_out","validity","VAL",TRUE,"Differential with respect to the exposure",1
"STUDY-0005","Causal","Measurement bias","val_exposure","validity","VAL",TRUE,"No",1
"STUDY-0005","Causal","Measurement bias","exp_bias_acc","validity","VAL",TRUE,"No",1
"STUDY-0005","Causal","Measurement bias","diff_or_nondiff_exp","validity","VAL",TRUE,"Differential with respect to the outcome",1
"STUDY-0005","Causal","Measurement bias","dep_or_indep_misc","validity","VAL",TRUE,"Dependent",1
"STUDY-0005","Causal","Confounding bias","base_conf_meth","validity","OK",TRUE,"Regression",0
"STUDY-0005","Causal","Confounding bias","conf_var_det","validity","VAL",TRUE,"Based on none of the above",0.6666667
"STUDY-0005","Causal","Confounding bias","tv_conf_meth","validity","NA",TRUE,"No || ",0
"STUDY-0005","Causal","Missing data","miss_outcome","reporting","OK",TRUE,"Yes",0
"STUDY-0005","Causal","Missing data","hand_miss_outcom","validity","VAL",TRUE,"No",1
"STUDY-0005","Causal","Missing data","miss_exposure","reporting","OK",TRUE,"Yes",0
"STUDY-0005","Causal","Missing data","hand_miss_exposure","validity","VAL",TRUE,"No",1
"STUDY-0005","Causal","Mentioning errors","err_disc","reporting","OK",TRUE,"Selection bias",0
"STUDY-0162","Causal","Selection bias","base_sel","validity","VAL",TRUE,"No",1
"STUDY-0162","Causal","Selection bias","comp_dis","reporting","REP",TRUE,"No",0
"STUDY-0162","Causal","Selection bias","ltfu_bias","reporting","OK",TRUE,"Yes",0
"STUDY-0162","Causal","Selection bias","ltfu_acc","validity","VAL",TRUE,"No",1
"STUDY-0162","Causal","Measurement bias","val_outcome","validity","NA",TRUE,"This type of objective measurement does not usually require validation (e.g., surgical intervention)",0
"STUDY-0162","Causal","Measurement bias","out_bias_acc","validity","VAL",TRUE,"No",1
"STUDY-0162","Causal","Measurement bias","diff_or_nondiff_out","validity","VAL",TRUE,"Differential with respect to the exposure",1
"STUDY-0162","Causal","Measurement bias","val_exposure","validity","NA",TRUE,"This type of objective measurement does not usually require validation (e.g., surgical intervention)",0
"STUDY-0162","Causal","Measurement bias","exp_bias_acc","validity","VAL",TRUE,"No",1
"STUDY-0162","Causal","Measurement bias","diff_or_nondiff_exp","validity","OK",TRUE,"Non-differential with respect to the outcome",0
"STUDY-0162","Causal","Measurement bias","dep_or_indep_misc","validity","VAL",TRUE,"Dependent",1
"STUDY-0162","Causal","Confounding bias","base_conf_meth","validity","VAL",TRUE,"No adjustment for baseline confounding was done",1
"STUDY-0162","Causal","Confounding bias","conf_var_det","validity","NA",TRUE,"No adjustment for baseline and time-varying confounding was done",0
"STUDY-0162","Causal","Confounding bias","tv_conf_meth","validity","NA",TRUE,"No || ",0
"STUDY-0162","Causal","Missing data","miss_outcome","reporting","OK",TRUE,"Yes",0
"STUDY-0162","Causal","Missing data","hand_miss_outcom","validity","VAL",TRUE,"No",1
"STUDY-0162","Causal","Missing data","miss_exposure","reporting","OK",TRUE,"Yes",0
"STUDY-0162","Causal","Missing data","hand_miss_exposure","validity","VAL",TRUE,"No",1
"STUDY-0162","Causal","Mentioning errors","err_disc","reporting","OK",TRUE,"Selection bias;Measurement bias",0
"STUDY-0728","Causal","Random error","sample_size","reporting","OK",TRUE,"Yes",0
"STUDY-0728","Causal","Random error","acc_sampl","validity","VAL",TRUE,"No",1
"STUDY-0728","Causal","Random error","sample_ach","validity","OK",TRUE,"Yes",0
"STUDY-0728","Causal","Selection bias","base_sel","validity","VAL",TRUE,"No",1
"STUDY-0728","Causal","Selection bias","comp_dis","reporting","REP",TRUE,"No",0
"STUDY-0728","Causal","Measurement bias","val_outcome","validity","VAL",TRUE,"Yes, the authors conducted content/face validity or cited the content/face validity from other studies",0.5
"STUDY-0728","Causal","Measurement bias","out_bias_acc","validity","VAL",TRUE,"No",1
"STUDY-0728","Causal","Measurement bias","diff_or_nondiff_out","validity","OK",TRUE,"Non-differential with respect to the exposure",0
"STUDY-0728","Causal","Measurement bias","val_exposure","validity","VAL",TRUE,"No",1
"STUDY-0728","Causal","Measurement bias","exp_bias_acc","validity","VAL",TRUE,"No",1
"STUDY-0728","Causal","Measurement bias","diff_or_nondiff_exp","validity","VAL",TRUE,"Differential with respect to the outcome",1
"STUDY-0728","Causal","Measurement bias","dep_or_indep_misc","validity","VAL",TRUE,"Dependent",1
"STUDY-0728","Causal","Confounding bias","base_conf_meth","validity","OK",TRUE,"Regression",0
"STUDY-0728","Causal","Confounding bias","conf_var_det","validity","VAL",TRUE,"Based on none of the above;Based on statistical criteria",0.6666667
"STUDY-0728","Causal","Confounding bias","tv_conf_meth","validity","NA",TRUE,"No || ",0
"STUDY-0728","Causal","Missing data","miss_outcome","reporting","OK",TRUE,"Yes",0
"STUDY-0728","Causal","Missing data","hand_miss_outcom","validity","VAL",TRUE,"No",1
"STUDY-0728","Causal","Missing data","miss_exposure","reporting","OK",TRUE,"Yes",0
"STUDY-0728","Causal","Missing data","hand_miss_exposure","validity","VAL",TRUE,"No",1
"STUDY-0728","Causal","Mentioning errors","err_disc","reporting","OK",TRUE,"Selection bias;Measurement bias;Confounding bias",0
"STUDY-0590","Causal","Random error","sample_size","reporting","OK",TRUE,"Yes",0
"STUDY-0590","Causal","Random error","acc_sampl","validity","VAL",TRUE,"No",1
"STUDY-0590","Causal","Random error","sample_ach","validity","OK",TRUE,"Yes",0
"STUDY-0590","Causal","Selection bias","base_sel","validity","VAL",TRUE,"No",1
"STUDY-0590","Causal","Selection bias","comp_dis","reporting","REP",TRUE,"No",0
"STUDY-0590","Causal","Measurement bias","val_outcome","validity","VAL",TRUE,"Yes, the authors conducted content/face validity or cited the content/face validity from other studies",0.5
"STUDY-0590","Causal","Measurement bias","out_bias_acc","validity","VAL",TRUE,"No",1
"STUDY-0590","Causal","Measurement bias","diff_or_nondiff_out","validity","OK",TRUE,"Non-differential with respect to the exposure",0
"STUDY-0590","Causal","Measurement bias","val_exposure","validity","OK",TRUE,"Yes, the authors conducted criterion validity or cited the criterion validity from other studies",0
"STUDY-0590","Causal","Measurement bias","exp_bias_acc","validity","VAL",TRUE,"No",1
"STUDY-0590","Causal","Measurement bias","diff_or_nondiff_exp","validity","OK",TRUE,"Non-differential with respect to the outcome",0
"STUDY-0590","Causal","Measurement bias","dep_or_indep_misc","validity","OK",TRUE,"Independent",0
"STUDY-0590","Causal","Confounding bias","base_conf_meth","validity","OK",TRUE,"Matching",0
"STUDY-0590","Causal","Confounding bias","conf_var_det","validity","VAL",TRUE,"Based on none of the above",0.6666667
"STUDY-0590","Causal","Confounding bias","tv_conf_meth","validity","NA",TRUE,"No || ",0
"STUDY-0590","Causal","Missing data","miss_outcome","reporting","OK",TRUE,"No",0
"STUDY-0590","Causal","Missing data","miss_exposure","reporting","REP",TRUE,"Not reported or unknown",0
"STUDY-0590","Causal","Mentioning errors","err_disc","reporting","REP",TRUE,"None of the above",0
"STUDY-0440","Descriptive","Selection bias","base_sel","validity","OK",TRUE,"No baseline selection bias from investigator",0
"STUDY-0440","Descriptive","Measurement bias","val_outcome","validity","VAL",TRUE,"No",1
"STUDY-0440","Descriptive","Measurement bias","out_bias_acc","validity","VAL",TRUE,"No",1
"STUDY-0440","Descriptive","Missing data","miss_outcome","reporting","REP",TRUE,"Not reported or unknown",0
"STUDY-0440","Descriptive","Mentioning errors","err_disc","reporting","REP",TRUE,"None of the above",0
"STUDY-0440","Descriptive","Conflating task","confl_task","validity","OK",TRUE,"No",0
"STUDY-0450","Causal","Random error","sample_size","reporting","OK",TRUE,"Yes",0
"STUDY-0450","Causal","Random error","acc_sampl","validity","VAL",TRUE,"No",1
"STUDY-0450","Causal","Random error","sample_ach","validity","VAL",TRUE,"No",1
"STUDY-0450","Causal","Selection bias","base_sel","validity","VAL",TRUE,"No",1
"STUDY-0450","Causal","Selection bias","comp_dis","reporting","REP",TRUE,"No",0
"STUDY-0450","Causal","Measurement bias","val_outcome","validity","VAL",TRUE,"Yes, the authors conducted content/face validity or cited the content/face validity from other studies",0.5
"STUDY-0450","Causal","Measurement bias","out_bias_acc","validity","VAL",TRUE,"No",1
"STUDY-0450","Causal","Measurement bias","diff_or_nondiff_out","validity","VAL",TRUE,"Differential with respect to the exposure",1
"STUDY-0450","Causal","Measurement bias","val_exposure","validity","NA",TRUE,"This type of objective measurement does not usually require validation (e.g., surgical intervention)",0
"STUDY-0450","Causal","Measurement bias","exp_bias_acc","validity","VAL",TRUE,"No",1
"STUDY-0450","Causal","Measurement bias","diff_or_nondiff_exp","validity","OK",TRUE,"Non-differential with respect to the outcome",0
"STUDY-0450","Causal","Measurement bias","dep_or_indep_misc","validity","VAL",TRUE,"Dependent",1
"STUDY-0450","Causal","Confounding bias","base_conf_meth","validity","VAL",TRUE,"No adjustment for baseline confounding was done",1
"STUDY-0450","Causal","Confounding bias","conf_var_det","validity","NA",TRUE,"No adjustment for baseline and time-varying confounding was done",0
"STUDY-0450","Causal","Confounding bias","tv_conf_meth","validity","NA",TRUE,"No || ",0
"STUDY-0450","Causal","Missing data","miss_outcome","reporting","OK",TRUE,"No",0
"STUDY-0450","Causal","Missing data","miss_exposure","reporting","OK",TRUE,"No",0
"STUDY-0450","Causal","Mentioning errors","err_disc","reporting","REP",TRUE,"None of the above",0
"STUDY-0416","Causal","Random error","sample_size","reporting","REP",TRUE,"No",0
"STUDY-0416","Causal","Random error","acc_sampl","validity","NA",TRUE,"",0
"STUDY-0416","Causal","Random error","sample_ach","validity","NA",TRUE,"",0
"STUDY-0416","Causal","Selection bias","base_sel","validity","VAL",TRUE,"No",1
"STUDY-0416","Causal","Selection bias","comp_dis","reporting","REP",TRUE,"No",0
"STUDY-0416","Causal","Measurement bias","val_outcome","validity","VAL",TRUE,"Yes, the authors conducted content/face validity or cited the content/face validity from other studies",0.5
"STUDY-0416","Causal","Measurement bias","out_bias_acc","validity","VAL",TRUE,"No",1
"STUDY-0416","Causal","Measurement bias","diff_or_nondiff_out","validity","OK",TRUE,"Non-differential with respect to the exposure",0
"STUDY-0416","Causal","Measurement bias","val_exposure","validity","VAL",TRUE,"Yes, the authors conducted content/face validity or cited the content/face validity from other studies",0.5
"STUDY-0416","Causal","Measurement bias","exp_bias_acc","validity","VAL",TRUE,"No",1
"STUDY-0416","Causal","Measurement bias","diff_or_nondiff_exp","validity","OK",TRUE,"Non-differential with respect to the outcome",0
"STUDY-0416","Causal","Measurement bias","dep_or_indep_misc","validity","OK",TRUE,"Independent",0
"STUDY-0416","Causal","Confounding bias","base_conf_meth","validity","VAL",TRUE,"No adjustment for baseline confounding was done",1
"STUDY-0416","Causal","Confounding bias","conf_var_det","validity","NA",TRUE,"No adjustment for baseline and time-varying confounding was done",0
"STUDY-0416","Causal","Confounding bias","tv_conf_meth","validity","NA",TRUE,"No || ",0
"STUDY-0416","Causal","Missing data","miss_outcome","reporting","OK",TRUE,"No",0
"STUDY-0416","Causal","Missing data","miss_exposure","reporting","OK",TRUE,"No",0
"STUDY-0416","Causal","Mentioning errors","err_disc","reporting","REP",TRUE,"None of the above",0
"STUDY-0557","Causal","Random error","sample_size","reporting","REP",TRUE,"No",0
"STUDY-0557","Causal","Random error","acc_sampl","validity","NA",TRUE,"",0
"STUDY-0557","Causal","Random error","sample_ach","validity","NA",TRUE,"",0
"STUDY-0557","Causal","Selection bias","base_sel","validity","VAL",TRUE,"No",1
"STUDY-0557","Causal","Selection bias","comp_dis","reporting","REP",TRUE,"No",0
"STUDY-0557","Causal","Selection bias","ltfu_bias","reporting","REP",TRUE,"Not reported or unknown",0
"STUDY-0557","Causal","Measurement bias","val_outcome","validity","VAL",TRUE,"Yes, the authors conducted content/face validity or cited the content/face validity from other studies",0.5
"STUDY-0557","Causal","Measurement bias","out_bias_acc","validity","VAL",TRUE,"No",1
"STUDY-0557","Causal","Measurement bias","diff_or_nondiff_out","validity","VAL",TRUE,"Differential with respect to the exposure",1
"STUDY-0557","Causal","Measurement bias","val_exposure","validity","VAL",TRUE,"No",1
"STUDY-0557","Causal","Measurement bias","exp_bias_acc","validity","VAL",TRUE,"No",1
"STUDY-0557","Causal","Measurement bias","diff_or_nondiff_exp","validity","OK",TRUE,"Non-differential with respect to the outcome",0
"STUDY-0557","Causal","Measurement bias","dep_or_indep_misc","validity","OK",TRUE,"Independent",0
"STUDY-0557","Causal","Confounding bias","base_conf_meth","validity","VAL",TRUE,"No adjustment for baseline confounding was done",1
"STUDY-0557","Causal","Confounding bias","conf_var_det","validity","NA",TRUE,"No adjustment for baseline and time-varying confounding was done",0
"STUDY-0557","Causal","Confounding bias","tv_conf_meth","validity","NA",TRUE,"No || ",0
"STUDY-0557","Causal","Missing data","miss_outcome","reporting","REP",TRUE,"Not reported or unknown",0
"STUDY-0557","Causal","Missing data","miss_exposure","reporting","REP",TRUE,"Not reported or unknown",0
"STUDY-0557","Causal","Mentioning errors","err_disc","reporting","OK",TRUE,"Random error;Selection bias;Measurement bias",0
"STUDY-0352","Causal","Random error","sample_size","reporting","OK",TRUE,"Yes",0
"STUDY-0352","Causal","Random error","acc_sampl","validity","VAL",TRUE,"No",1
"STUDY-0352","Causal","Random error","sample_ach","validity","OK",TRUE,"Yes",0
"STUDY-0352","Causal","Selection bias","base_sel","validity","VAL",TRUE,"No",1
"STUDY-0352","Causal","Selection bias","comp_dis","reporting","REP",TRUE,"No",0
"STUDY-0352","Causal","Measurement bias","val_outcome","validity","VAL",TRUE,"Yes, the authors conducted content/face validity or cited the content/face validity from other studies",0.5
"STUDY-0352","Causal","Measurement bias","out_bias_acc","validity","VAL",TRUE,"No",1
"STUDY-0352","Causal","Measurement bias","diff_or_nondiff_out","validity","VAL",TRUE,"Differential with respect to the exposure",1
"STUDY-0352","Causal","Measurement bias","val_exposure","validity","VAL",TRUE,"Yes, the authors conducted content/face validity or cited the content/face validity from other studies",0.5
"STUDY-0352","Causal","Measurement bias","exp_bias_acc","validity","VAL",TRUE,"No",1
"STUDY-0352","Causal","Measurement bias","diff_or_nondiff_exp","validity","OK",TRUE,"Non-differential with respect to the outcome",0
"STUDY-0352","Causal","Measurement bias","dep_or_indep_misc","validity","VAL",TRUE,"Dependent",1
"STUDY-0352","Causal","Confounding bias","base_conf_meth","validity","OK",TRUE,"Regression",0
"STUDY-0352","Causal","Confounding bias","conf_var_det","validity","VAL",TRUE,"Based on none of the above",0.6666667
"STUDY-0352","Causal","Confounding bias","tv_conf_meth","validity","NA",TRUE,"No || ",0
"STUDY-0352","Causal","Missing data","miss_outcome","reporting","OK",TRUE,"No",0
"STUDY-0352","Causal","Missing data","miss_exposure","reporting","OK",TRUE,"No",0
"STUDY-0352","Causal","Mentioning errors","err_disc","reporting","REP",TRUE,"None of the above",0
"STUDY-0468","Descriptive","Random error","sample_size","reporting","REP",TRUE,"No",0
"STUDY-0468","Descriptive","Random error","acc_sampl","validity","NA",TRUE,"",0
"STUDY-0468","Descriptive","Random error","sample_ach","validity","NA",TRUE,"",0
"STUDY-0468","Descriptive","Selection bias","base_sel","validity","OK",TRUE,"No baseline selection bias from investigator",0
"STUDY-0468","Descriptive","Measurement bias","val_outcome","validity","NA",TRUE,"This type of objective measurement does not usually require validation (e.g., surgical intervention)",0
"STUDY-0468","Descriptive","Measurement bias","out_bias_acc","validity","VAL",TRUE,"No",1
"STUDY-0468","Descriptive","Missing data","miss_outcome","reporting","REP",TRUE,"Not reported or unknown",0
"STUDY-0468","Descriptive","Mentioning errors","err_disc","reporting","REP",TRUE,"None of the above",0
"STUDY-0468","Descriptive","Conflating task","confl_task","validity","VAL",TRUE,"Yes",1
"STUDY-0665","Causal","Selection bias","base_sel","validity","OK",TRUE,"No baseline selection bias from investigator",0
"STUDY-0665","Causal","Selection bias","comp_dis","reporting","NA",TRUE,"",0
"STUDY-0665","Causal","Measurement bias","val_outcome","validity","NA",TRUE,"This type of objective measurement does not usually require validation (e.g., surgical intervention)",0
"STUDY-0665","Causal","Measurement bias","out_bias_acc","validity","VAL",TRUE,"No",1
"STUDY-0665","Causal","Measurement bias","diff_or_nondiff_out","validity","OK",TRUE,"Non-differential with respect to the exposure",0
"STUDY-0665","Causal","Measurement bias","val_exposure","validity","VAL",TRUE,"Yes, the authors conducted content/face validity or cited the content/face validity from other studies",0.5
"STUDY-0665","Causal","Measurement bias","exp_bias_acc","validity","VAL",TRUE,"No",1
"STUDY-0665","Causal","Measurement bias","diff_or_nondiff_exp","validity","OK",TRUE,"Non-differential with respect to the outcome",0
"STUDY-0665","Causal","Measurement bias","dep_or_indep_misc","validity","OK",TRUE,"Independent",0
"STUDY-0665","Causal","Confounding bias","base_conf_meth","validity","VAL",TRUE,"No adjustment for baseline confounding was done",1
"STUDY-0665","Causal","Confounding bias","conf_var_det","validity","NA",TRUE,"No adjustment for baseline and time-varying confounding was done",0
"STUDY-0665","Causal","Confounding bias","tv_conf_meth","validity","NA",TRUE,"No || ",0
"STUDY-0665","Causal","Missing data","miss_outcome","reporting","OK",TRUE,"Yes",0
"STUDY-0665","Causal","Missing data","hand_miss_outcom","validity","VAL",TRUE,"No",1
"STUDY-0665","Causal","Missing data","miss_exposure","reporting","OK",TRUE,"Yes",0
"STUDY-0665","Causal","Missing data","hand_miss_exposure","validity","VAL",TRUE,"No",1
"STUDY-0665","Causal","Mentioning errors","err_disc","reporting","OK",TRUE,"Measurement bias",0
"STUDY-0988","Causal","Random error","sample_size","reporting","REP",TRUE,"No",0
"STUDY-0988","Causal","Random error","acc_sampl","validity","NA",TRUE,"",0
"STUDY-0988","Causal","Random error","sample_ach","validity","NA",TRUE,"",0
"STUDY-0988","Causal","Selection bias","base_sel","validity","VAL",TRUE,"No",1
"STUDY-0988","Causal","Selection bias","comp_dis","reporting","REP",TRUE,"No",0
"STUDY-0988","Causal","Selection bias","ltfu_bias","reporting","REP",TRUE,"Not reported or unknown",0
"STUDY-0988","Causal","Measurement bias","val_outcome","validity","VAL",TRUE,"Yes, the authors conducted content/face validity or cited the content/face validity from other studies",0.5
"STUDY-0988","Causal","Measurement bias","out_bias_acc","validity","VAL",TRUE,"No",1
"STUDY-0988","Causal","Measurement bias","diff_or_nondiff_out","validity","VAL",TRUE,"Differential with respect to the exposure",1
"STUDY-0988","Causal","Measurement bias","val_exposure","validity","VAL",TRUE,"No",1
"STUDY-0988","Causal","Measurement bias","exp_bias_acc","validity","VAL",TRUE,"No",1
"STUDY-0988","Causal","Measurement bias","diff_or_nondiff_exp","validity","OK",TRUE,"Non-differential with respect to the outcome",0
"STUDY-0988","Causal","Measurement bias","dep_or_indep_misc","validity","OK",TRUE,"Independent",0
"STUDY-0988","Causal","Confounding bias","base_conf_meth","validity","VAL",TRUE,"No adjustment for baseline confounding was done",1
"STUDY-0988","Causal","Confounding bias","conf_var_det","validity","NA",TRUE,"No adjustment for baseline and time-varying confounding was done",0
"STUDY-0988","Causal","Confounding bias","tv_conf_meth","validity","NA",TRUE,"No || ",0
"STUDY-0988","Causal","Missing data","miss_outcome","reporting","OK",TRUE,"No",0
"STUDY-0988","Causal","Missing data","miss_exposure","reporting","OK",TRUE,"No",0
"STUDY-0988","Causal","Mentioning errors","err_disc","reporting","REP",TRUE,"None of the above",0
"STUDY-0252","Causal","Random error","sample_size","reporting","OK",TRUE,"Yes",0
"STUDY-0252","Causal","Random error","acc_sampl","validity","VAL",TRUE,"No",1
"STUDY-0252","Causal","Random error","sample_ach","validity","OK",TRUE,"Yes",0
"STUDY-0252","Causal","Selection bias","base_sel","validity","VAL",TRUE,"No",1
"STUDY-0252","Causal","Selection bias","comp_dis","reporting","REP",TRUE,"No",0
"STUDY-0252","Causal","Measurement bias","val_outcome","validity","VAL",TRUE,"Yes, the authors conducted content/face validity or cited the content/face validity from other studies",0.5
"STUDY-0252","Causal","Measurement bias","out_bias_acc","validity","VAL",TRUE,"No",1
"STUDY-0252","Causal","Measurement bias","diff_or_nondiff_out","validity","OK",TRUE,"Non-differential with respect to the exposure",0
"STUDY-0252","Causal","Measurement bias","val_exposure","validity","NA",TRUE,"This type of objective measurement does not usually require validation (e.g., surgical intervention)",0
"STUDY-0252","Causal","Measurement bias","exp_bias_acc","validity","VAL",TRUE,"No",1
"STUDY-0252","Causal","Measurement bias","diff_or_nondiff_exp","validity","OK",TRUE,"Non-differential with respect to the outcome",0
"STUDY-0252","Causal","Measurement bias","dep_or_indep_misc","validity","OK",TRUE,"Independent",0
"STUDY-0252","Causal","Confounding bias","base_conf_meth","validity","VAL",TRUE,"No adjustment for baseline confounding was done",1
"STUDY-0252","Causal","Confounding bias","conf_var_det","validity","NA",TRUE,"No adjustment for baseline and time-varying confounding was done",0
"STUDY-0252","Causal","Confounding bias","tv_conf_meth","validity","NA",TRUE,"No || ",0
"STUDY-0252","Causal","Missing data","miss_outcome","reporting","OK",TRUE,"No",0
"STUDY-0252","Causal","Missing data","miss_exposure","reporting","OK",TRUE,"No",0
"STUDY-0252","Causal","Mentioning errors","err_disc","reporting","OK",TRUE,"Selection bias",0
"STUDY-0986","Causal","Random error","sample_size","reporting","REP",TRUE,"No",0
"STUDY-0986","Causal","Random error","acc_sampl","validity","NA",TRUE,"",0
"STUDY-0986","Causal","Random error","sample_ach","validity","NA",TRUE,"",0
"STUDY-0986","Causal","Selection bias","base_sel","validity","VAL",TRUE,"No",1
"STUDY-0986","Causal","Selection bias","comp_dis","reporting","REP",TRUE,"No",0
"STUDY-0986","Causal","Measurement bias","val_outcome","validity","VAL",TRUE,"Yes, the authors conducted content/face validity or cited the content/face validity from other studies",0.5
"STUDY-0986","Causal","Measurement bias","out_bias_acc","validity","VAL",TRUE,"No",1
"STUDY-0986","Causal","Measurement bias","diff_or_nondiff_out","validity","VAL",TRUE,"Differential with respect to the exposure",1
"STUDY-0986","Causal","Measurement bias","val_exposure","validity","VAL",TRUE,"Yes, the authors conducted content/face validity or cited the content/face validity from other studies",0.5
"STUDY-0986","Causal","Measurement bias","exp_bias_acc","validity","VAL",TRUE,"No",1
"STUDY-0986","Causal","Measurement bias","diff_or_nondiff_exp","validity","VAL",TRUE,"Differential with respect to the outcome",1
"STUDY-0986","Causal","Measurement bias","dep_or_indep_misc","validity","VAL",TRUE,"Dependent",1
"STUDY-0986","Causal","Confounding bias","base_conf_meth","validity","VAL",TRUE,"No adjustment for baseline confounding was done",1
"STUDY-0986","Causal","Confounding bias","conf_var_det","validity","NA",TRUE,"No adjustment for baseline and time-varying confounding was done",0
"STUDY-0986","Causal","Confounding bias","tv_conf_meth","validity","NA",TRUE,"No || ",0
"STUDY-0986","Causal","Missing data","miss_outcome","reporting","OK",TRUE,"No",0
"STUDY-0986","Causal","Missing data","miss_exposure","reporting","OK",TRUE,"No",0
"STUDY-0986","Causal","Mentioning errors","err_disc","reporting","OK",TRUE,"Selection bias",0
"STUDY-0781","Causal","Random error","sample_size","reporting","REP",TRUE,"No",0
"STUDY-0781","Causal","Random error","acc_sampl","validity","NA",TRUE,"",0
"STUDY-0781","Causal","Random error","sample_ach","validity","NA",TRUE,"",0
"STUDY-0781","Causal","Selection bias","base_sel","validity","VAL",TRUE,"No",1
"STUDY-0781","Causal","Selection bias","comp_dis","reporting","REP",TRUE,"No",0
"STUDY-0781","Causal","Selection bias","ltfu_bias","reporting","REP",TRUE,"Not reported or unknown",0
"STUDY-0781","Causal","Measurement bias","val_outcome","validity","VAL",TRUE,"Yes, the authors conducted content/face validity or cited the content/face validity from other studies",0.5
"STUDY-0781","Causal","Measurement bias","out_bias_acc","validity","VAL",TRUE,"No",1
"STUDY-0781","Causal","Measurement bias","diff_or_nondiff_out","validity","OK",TRUE,"Non-differential with respect to the exposure",0
"STUDY-0781","Causal","Measurement bias","val_exposure","validity","VAL",TRUE,"Yes, the authors conducted content/face validity or cited the content/face validity from other studies",0.5
"STUDY-0781","Causal","Measurement bias","exp_bias_acc","validity","VAL",TRUE,"No",1
"STUDY-0781","Causal","Measurement bias","diff_or_nondiff_exp","validity","OK",TRUE,"Non-differential with respect to the outcome",0
"STUDY-0781","Causal","Measurement bias","dep_or_indep_misc","validity","OK",TRUE,"Independent",0
"STUDY-0781","Causal","Confounding bias","base_conf_meth","validity","OK",TRUE,"Randomization",0
"STUDY-0781","Causal","Confounding bias","conf_var_det","validity","NA",TRUE,"No adjustment for baseline and time-varying confounding was done",0
"STUDY-0781","Causal","Confounding bias","tv_conf_meth","validity","NA",TRUE,"No || ",0
"STUDY-0781","Causal","Missing data","miss_outcome","reporting","REP",TRUE,"Not reported or unknown",0
"STUDY-0781","Causal","Missing data","miss_exposure","reporting","OK",TRUE,"No",0
"STUDY-0781","Causal","Mentioning errors","err_disc","reporting","OK",TRUE,"Confounding bias",0
"STUDY-0360","Causal","Random error","sample_size","reporting","OK",TRUE,"Yes",0
"STUDY-0360","Causal","Random error","acc_sampl","validity","OK",TRUE,"Yes",0
"STUDY-0360","Causal","Random error","sample_ach","validity","OK",TRUE,"Yes",0
"STUDY-0360","Causal","Selection bias","base_sel","validity","VAL",TRUE,"No",1
"STUDY-0360","Causal","Selection bias","comp_dis","reporting","REP",TRUE,"No",0
"STUDY-0360","Causal","Measurement bias","val_outcome","validity","VAL",TRUE,"Yes, the authors conducted content/face validity or cited the content/face validity from other studies",0.5
"STUDY-0360","Causal","Measurement bias","out_bias_acc","validity","VAL",TRUE,"No",1
"STUDY-0360","Causal","Measurement bias","diff_or_nondiff_out","validity","VAL",TRUE,"Differential with respect to the exposure",1
"STUDY-0360","Causal","Measurement bias","val_exposure","validity","VAL",TRUE,"Yes, the authors conducted content/face validity or cited the content/face validity from other studies",0.5
"STUDY-0360","Causal","Measurement bias","exp_bias_acc","validity","VAL",TRUE,"No",1
"STUDY-0360","Causal","Measurement bias","diff_or_nondiff_exp","validity","VAL",TRUE,"Differential with respect to the outcome",1
"STUDY-0360","Causal","Measurement bias","dep_or_indep_misc","validity","VAL",TRUE,"Dependent",1
"STUDY-0360","Causal","Confounding bias","base_conf_meth","validity","VAL",TRUE,"No adjustment for baseline confounding was done",1
"STUDY-0360","Causal","Confounding bias","conf_var_det","validity","NA",TRUE,"No adjustment for baseline and time-varying confounding was done",0
"STUDY-0360","Causal","Confounding bias","tv_conf_meth","validity","NA",TRUE,"No || ",0
"STUDY-0360","Causal","Missing data","miss_outcome","reporting","REP",TRUE,"Not reported or unknown",0
"STUDY-0360","Causal","Missing data","miss_exposure","reporting","REP",TRUE,"Not reported or unknown",0
"STUDY-0360","Causal","Mentioning errors","err_disc","reporting","OK",TRUE,"Selection bias;Measurement bias",0
"STUDY-1003","Descriptive","Random error","sample_size","reporting","REP",TRUE,"No",0
"STUDY-1003","Descriptive","Random error","acc_sampl","validity","NA",TRUE,"",0
"STUDY-1003","Descriptive","Random error","sample_ach","validity","NA",TRUE,"",0
"STUDY-1003","Descriptive","Selection bias","base_sel","validity","VAL",TRUE,"No",1
"STUDY-1003","Descriptive","Measurement bias","val_outcome","validity","VAL",TRUE,"Yes, the authors conducted content/face validity or cited the content/face validity from other studies",0.5
"STUDY-1003","Descriptive","Measurement bias","out_bias_acc","validity","VAL",TRUE,"No",1
"STUDY-1003","Descriptive","Missing data","miss_outcome","reporting","OK",TRUE,"No",0
"STUDY-1003","Descriptive","Mentioning errors","err_disc","reporting","REP",TRUE,"None of the above",0
"STUDY-1003","Descriptive","Conflating task","confl_task","validity","VAL",TRUE,"Yes",1
"STUDY-0062","Causal","Random error","sample_size","reporting","OK",TRUE,"Yes",0
"STUDY-0062","Causal","Random error","acc_sampl","validity","VAL",TRUE,"No",1
"STUDY-0062","Causal","Random error","sample_ach","validity","OK",TRUE,"Yes",0
"STUDY-0062","Causal","Selection bias","base_sel","validity","VAL",TRUE,"No",1
"STUDY-0062","Causal","Selection bias","comp_dis","reporting","REP",TRUE,"No",0
"STUDY-0062","Causal","Selection bias","ltfu_bias","reporting","REP",TRUE,"Not reported or unknown",0
"STUDY-0062","Causal","Measurement bias","val_outcome","validity","NA",TRUE,"This type of objective measurement does not usually require validation (e.g., surgical intervention)",0
"STUDY-0062","Causal","Measurement bias","out_bias_acc","validity","VAL",TRUE,"No",1
"STUDY-0062","Causal","Measurement bias","diff_or_nondiff_out","validity","OK",TRUE,"Non-differential with respect to the exposure",0
"STUDY-0062","Causal","Measurement bias","val_exposure","validity","NA",TRUE,"This type of objective measurement does not usually require validation (e.g., surgical intervention)",0
"STUDY-0062","Causal","Measurement bias","exp_bias_acc","validity","VAL",TRUE,"No",1
"STUDY-0062","Causal","Measurement bias","diff_or_nondiff_exp","validity","OK",TRUE,"Non-differential with respect to the outcome",0
"STUDY-0062","Causal","Measurement bias","dep_or_indep_misc","validity","OK",TRUE,"Independent",0
"STUDY-0062","Causal","Confounding bias","base_conf_meth","validity","VAL",TRUE,"Randomization",1
"STUDY-0062","Causal","Confounding bias","conf_var_det","validity","NA",TRUE,"No adjustment for baseline and time-varying confounding was done",0
"STUDY-0062","Causal","Confounding bias","tv_conf_meth","validity","NA",TRUE,"No || ",0
"STUDY-0062","Causal","Missing data","miss_outcome","reporting","OK",TRUE,"No",0
"STUDY-0062","Causal","Missing data","miss_exposure","reporting","OK",TRUE,"No",0
"STUDY-0062","Causal","Mentioning errors","err_disc","reporting","REP",TRUE,"None of the above",0
"STUDY-0630","Causal","Selection bias","base_sel","validity","OK",TRUE,"No baseline selection bias from investigator",0
"STUDY-0630","Causal","Selection bias","comp_dis","reporting","NA",TRUE,"",0
"STUDY-0630","Causal","Selection bias","ltfu_bias","reporting","REP",TRUE,"Not reported or unknown",0
"STUDY-0630","Causal","Measurement bias","val_outcome","validity","NA",TRUE,"This type of objective measurement does not usually require validation (e.g., surgical intervention)",0
"STUDY-0630","Causal","Measurement bias","out_bias_acc","validity","VAL",TRUE,"No",1
"STUDY-0630","Causal","Measurement bias","diff_or_nondiff_out","validity","OK",TRUE,"Non-differential with respect to the exposure",0
"STUDY-0630","Causal","Measurement bias","val_exposure","validity","NA",TRUE,"This type of objective measurement does not usually require validation (e.g., surgical intervention)",0
"STUDY-0630","Causal","Measurement bias","exp_bias_acc","validity","VAL",TRUE,"No",1
"STUDY-0630","Causal","Measurement bias","diff_or_nondiff_exp","validity","OK",TRUE,"Non-differential with respect to the outcome",0
"STUDY-0630","Causal","Measurement bias","dep_or_indep_misc","validity","VAL",TRUE,"Dependent",1
"STUDY-0630","Causal","Confounding bias","base_conf_meth","validity","OK",TRUE,"Regression",0
"STUDY-0630","Causal","Confounding bias","conf_var_det","validity","VAL",TRUE,"Based on none of the above",0.6666667
"STUDY-0630","Causal","Confounding bias","tv_conf_meth","validity","NA",TRUE,"No || skipped",0
"STUDY-0630","Causal","Missing data","miss_outcome","reporting","OK",TRUE,"No",0
"STUDY-0630","Causal","Missing data","miss_exposure","reporting","OK",TRUE,"No",0
"STUDY-0630","Causal","Mentioning errors","err_disc","reporting","OK",TRUE,"Selection bias",0
"STUDY-0335","Causal","Selection bias","base_sel","validity","OK",TRUE,"No baseline selection bias from investigator",0
"STUDY-0335","Causal","Selection bias","comp_dis","reporting","NA",TRUE,"",0
"STUDY-0335","Causal","Selection bias","ltfu_bias","reporting","OK",TRUE,"No",0
"STUDY-0335","Causal","Measurement bias","val_outcome","validity","NA",TRUE,"This type of objective measurement does not usually require validation (e.g., surgical intervention)",0
"STUDY-0335","Causal","Measurement bias","out_bias_acc","validity","VAL",TRUE,"No",1
"STUDY-0335","Causal","Measurement bias","diff_or_nondiff_out","validity","OK",TRUE,"Non-differential with respect to the exposure",0
"STUDY-0335","Causal","Measurement bias","val_exposure","validity","VAL",TRUE,"No",1
"STUDY-0335","Causal","Measurement bias","exp_bias_acc","validity","VAL",TRUE,"No",1
"STUDY-0335","Causal","Measurement bias","diff_or_nondiff_exp","validity","OK",TRUE,"Non-differential with respect to the outcome",0
"STUDY-0335","Causal","Measurement bias","dep_or_indep_misc","validity","VAL",TRUE,"Dependent",1
"STUDY-0335","Causal","Confounding bias","base_conf_meth","validity","VAL",TRUE,"No adjustment for baseline confounding was done",1
"STUDY-0335","Causal","Confounding bias","conf_var_det","validity","NA",TRUE,"No adjustment for baseline and time-varying confounding was done",0
"STUDY-0335","Causal","Confounding bias","tv_conf_meth","validity","NA",TRUE,"No || ",0
"STUDY-0335","Causal","Missing data","miss_outcome","reporting","OK",TRUE,"No",0
"STUDY-0335","Causal","Missing data","miss_exposure","reporting","OK",TRUE,"No",0
"STUDY-0335","Causal","Mentioning errors","err_disc","reporting","REP",TRUE,"None of the above",0
"STUDY-0096","Causal","Random error","sample_size","reporting","REP",TRUE,"No",0
"STUDY-0096","Causal","Random error","acc_sampl","validity","NA",TRUE,"",0
"STUDY-0096","Causal","Random error","sample_ach","validity","NA",TRUE,"",0
"STUDY-0096","Causal","Selection bias","base_sel","validity","VAL",TRUE,"No",1
"STUDY-0096","Causal","Selection bias","comp_dis","reporting","REP",TRUE,"No",0
"STUDY-0096","Causal","Measurement bias","val_outcome","validity","OK",TRUE,"Yes, the authors conducted criterion validity or cited the criterion validity from other studies",0
"STUDY-0096","Causal","Measurement bias","out_bias_acc","validity","VAL",TRUE,"No",1
"STUDY-0096","Causal","Measurement bias","diff_or_nondiff_out","validity","OK",TRUE,"Non-differential with respect to the exposure",0
"STUDY-0096","Causal","Measurement bias","val_exposure","validity","VAL",TRUE,"Yes, the authors conducted content/face validity or cited the content/face validity from other studies",0.5
"STUDY-0096","Causal","Measurement bias","exp_bias_acc","validity","VAL",TRUE,"No",1
"STUDY-0096","Causal","Measurement bias","diff_or_nondiff_exp","validity","OK",TRUE,"Non-differential with respect to the outcome",0
"STUDY-0096","Causal","Measurement bias","dep_or_indep_misc","validity","OK",TRUE,"Independent",0
"STUDY-0096","Causal","Confounding bias","base_conf_meth","validity","OK",TRUE,"Regression",0
"STUDY-0096","Causal","Confounding bias","conf_var_det","validity","VAL",TRUE,"Based on statistical criteria",0.6666667
"STUDY-0096","Causal","Confounding bias","tv_conf_meth","validity","NA",TRUE,"No || ",0
"STUDY-0096","Causal","Missing data","miss_outcome","reporting","REP",TRUE,"Not reported or unknown",0
"STUDY-0096","Causal","Missing data","miss_exposure","reporting","REP",TRUE,"Not reported or unknown",0
"STUDY-0096","Causal","Mentioning errors","err_disc","reporting","OK",TRUE,"Random error;Selection bias;Measurement bias;Confounding bias",0
"STUDY-0778","Descriptive","Selection bias","base_sel","validity","OK",TRUE,"No baseline selection bias from investigator",0
"STUDY-0778","Descriptive","Measurement bias","val_outcome","validity","VAL",TRUE,"Yes, the authors conducted content/face validity or cited the content/face validity from other studies",0.5
"STUDY-0778","Descriptive","Measurement bias","out_bias_acc","validity","VAL",TRUE,"No",1
"STUDY-0778","Descriptive","Missing data","miss_outcome","reporting","OK",TRUE,"No",0
"STUDY-0778","Descriptive","Mentioning errors","err_disc","reporting","REP",TRUE,"None of the above",0
"STUDY-0778","Descriptive","Conflating task","confl_task","validity","VAL",TRUE,"Yes",1
"STUDY-0878","Causal","Random error","sample_size","reporting","REP",TRUE,"No",0
"STUDY-0878","Causal","Random error","acc_sampl","validity","NA",TRUE,"",0
"STUDY-0878","Causal","Random error","sample_ach","validity","NA",TRUE,"",0
"STUDY-0878","Causal","Selection bias","base_sel","validity","VAL",TRUE,"No",1
"STUDY-0878","Causal","Selection bias","comp_dis","reporting","REP",TRUE,"No",0
"STUDY-0878","Causal","Measurement bias","val_outcome","validity","VAL",TRUE,"Yes, the authors conducted content/face validity or cited the content/face validity from other studies",0.5
"STUDY-0878","Causal","Measurement bias","out_bias_acc","validity","VAL",TRUE,"No",1
"STUDY-0878","Causal","Measurement bias","diff_or_nondiff_out","validity","VAL",TRUE,"Differential with respect to the exposure",1
"STUDY-0878","Causal","Measurement bias","val_exposure","validity","NA",TRUE,"This type of objective measurement does not usually require validation (e.g., surgical intervention)",0
"STUDY-0878","Causal","Measurement bias","exp_bias_acc","validity","VAL",TRUE,"No",1
"STUDY-0878","Causal","Measurement bias","diff_or_nondiff_exp","validity","OK",TRUE,"Non-differential with respect to the outcome",0
"STUDY-0878","Causal","Measurement bias","dep_or_indep_misc","validity","VAL",TRUE,"Dependent",1
"STUDY-0878","Causal","Confounding bias","base_conf_meth","validity","OK",TRUE,"Regression",0
"STUDY-0878","Causal","Confounding bias","conf_var_det","validity","VAL",TRUE,"Based on none of the above",0.6666667
"STUDY-0878","Causal","Confounding bias","tv_conf_meth","validity","NA",TRUE,"No || ",0
"STUDY-0878","Causal","Missing data","miss_outcome","reporting","OK",TRUE,"Yes",0
"STUDY-0878","Causal","Missing data","hand_miss_outcom","validity","OK",TRUE,"Yes, multiple imputation",0
"STUDY-0878","Causal","Missing data","miss_exposure","reporting","OK",TRUE,"No",0
"STUDY-0878","Causal","Mentioning errors","err_disc","reporting","OK",TRUE,"Selection bias;Measurement bias;Confounding bias",0
"STUDY-0864","Descriptive","Random error","sample_size","reporting","REP",TRUE,"No",0
"STUDY-0864","Descriptive","Random error","acc_sampl","validity","NA",TRUE,"",0
"STUDY-0864","Descriptive","Random error","sample_ach","validity","NA",TRUE,"",0
"STUDY-0864","Descriptive","Selection bias","base_sel","validity","VAL",TRUE,"No",1
"STUDY-0864","Descriptive","Measurement bias","val_outcome","validity","VAL",TRUE,"Yes, the authors conducted content/face validity or cited the content/face validity from other studies",0.5
"STUDY-0864","Descriptive","Measurement bias","out_bias_acc","validity","VAL",TRUE,"No",1
"STUDY-0864","Descriptive","Missing data","miss_outcome","reporting","OK",TRUE,"Yes",0
"STUDY-0864","Descriptive","Missing data","hand_miss_outcom","validity","VAL",TRUE,"No",1
"STUDY-0864","Descriptive","Mentioning errors","err_disc","reporting","OK",TRUE,"Selection bias",0
"STUDY-0864","Descriptive","Conflating task","confl_task","validity","VAL",TRUE,"Yes",1
"STUDY-0902","Descriptive","Random error","sample_size","reporting","REP",TRUE,"No",0
"STUDY-0902","Descriptive","Random error","acc_sampl","validity","NA",TRUE,"",0
"STUDY-0902","Descriptive","Random error","sample_ach","validity","NA",TRUE,"",0
"STUDY-0902","Descriptive","Selection bias","base_sel","validity","OK",TRUE,"No baseline selection bias from investigator",0
"STUDY-0902","Descriptive","Measurement bias","val_outcome","validity","VAL",TRUE,"No",1
"STUDY-0902","Descriptive","Measurement bias","out_bias_acc","validity","VAL",TRUE,"No",1
"STUDY-0902","Descriptive","Missing data","miss_outcome","reporting","REP",TRUE,"Not reported or unknown",0
"STUDY-0902","Descriptive","Mentioning errors","err_disc","reporting","OK",TRUE,"Random error;Selection bias",0
"STUDY-0902","Descriptive","Conflating task","confl_task","validity","VAL",TRUE,"Yes",1
"STUDY-0345","Descriptive","Random error","sample_size","reporting","REP",TRUE,"No",0
"STUDY-0345","Descriptive","Random error","acc_sampl","validity","NA",TRUE,"",0
"STUDY-0345","Descriptive","Random error","sample_ach","validity","NA",TRUE,"",0
"STUDY-0345","Descriptive","Selection bias","base_sel","validity","OK",TRUE,"No baseline selection bias from investigator",0
"STUDY-0345","Descriptive","Measurement bias","val_outcome","validity","NA",TRUE,"This type of objective measurement does not usually require validation (e.g., surgical intervention)",0
"STUDY-0345","Descriptive","Measurement bias","out_bias_acc","validity","VAL",TRUE,"No",1
"STUDY-0345","Descriptive","Missing data","miss_outcome","reporting","OK",TRUE,"Yes",0
"STUDY-0345","Descriptive","Missing data","hand_miss_outcom","validity","VAL",TRUE,"No",1
"STUDY-0345","Descriptive","Mentioning errors","err_disc","reporting","REP",TRUE,"None of the above",0
"STUDY-0345","Descriptive","Conflating task","confl_task","validity","VAL",TRUE,"Yes",1
"STUDY-0472","Descriptive","Random error","sample_size","reporting","REP",TRUE,"No",0
"STUDY-0472","Descriptive","Random error","acc_sampl","validity","NA",TRUE,"",0
"STUDY-0472","Descriptive","Random error","sample_ach","validity","NA",TRUE,"",0
"STUDY-0472","Descriptive","Selection bias","base_sel","validity","VAL",TRUE,"No",1
"STUDY-0472","Descriptive","Measurement bias","val_outcome","validity","VAL",TRUE,"No",1
"STUDY-0472","Descriptive","Measurement bias","out_bias_acc","validity","VAL",TRUE,"No",1
"STUDY-0472","Descriptive","Missing data","miss_outcome","reporting","OK",TRUE,"Yes",0
"STUDY-0472","Descriptive","Missing data","hand_miss_outcom","validity","VAL",TRUE,"No",1
"STUDY-0472","Descriptive","Mentioning errors","err_disc","reporting","OK",TRUE,"Selection bias",0
"STUDY-0472","Descriptive","Conflating task","confl_task","validity","OK",TRUE,"No",0
"STUDY-0331","Causal","Random error","sample_size","reporting","REP",TRUE,"No",0
"STUDY-0331","Causal","Random error","acc_sampl","validity","NA",TRUE,"",0
"STUDY-0331","Causal","Random error","sample_ach","validity","NA",TRUE,"",0
"STUDY-0331","Causal","Selection bias","base_sel","validity","VAL",TRUE,"No",1
"STUDY-0331","Causal","Selection bias","comp_dis","reporting","REP",TRUE,"No",0
"STUDY-0331","Causal","Selection bias","ltfu_bias","reporting","REP",TRUE,"Not reported or unknown",0
"STUDY-0331","Causal","Measurement bias","val_outcome","validity","VAL",TRUE,"No",1
"STUDY-0331","Causal","Measurement bias","out_bias_acc","validity","VAL",TRUE,"No",1
"STUDY-0331","Causal","Measurement bias","diff_or_nondiff_out","validity","OK",TRUE,"Non-differential with respect to the exposure",0
"STUDY-0331","Causal","Measurement bias","val_exposure","validity","NA",TRUE,"This type of objective measurement does not usually require validation (e.g., surgical intervention)",0
"STUDY-0331","Causal","Measurement bias","exp_bias_acc","validity","VAL",TRUE,"No",1
"STUDY-0331","Causal","Measurement bias","diff_or_nondiff_exp","validity","OK",TRUE,"Non-differential with respect to the outcome",0
"STUDY-0331","Causal","Measurement bias","dep_or_indep_misc","validity","OK",TRUE,"Independent",0
"STUDY-0331","Causal","Confounding bias","base_conf_meth","validity","VAL",TRUE,"No adjustment for baseline confounding was done",1
"STUDY-0331","Causal","Confounding bias","conf_var_det","validity","NA",TRUE,"No adjustment for baseline and time-varying confounding was done",0
"STUDY-0331","Causal","Confounding bias","tv_conf_meth","validity","NA",TRUE,"No || ",0
"STUDY-0331","Causal","Missing data","miss_outcome","reporting","OK",TRUE,"No",0
"STUDY-0331","Causal","Missing data","miss_exposure","reporting","OK",TRUE,"No",0
"STUDY-0331","Causal","Mentioning errors","err_disc","reporting","REP",TRUE,"None of the above",0
"STUDY-0476","Causal","Random error","sample_size","reporting","OK",TRUE,"Yes",0
"STUDY-0476","Causal","Random error","acc_sampl","validity","VAL",TRUE,"No",1
"STUDY-0476","Causal","Random error","sample_ach","validity","VAL",TRUE,"No",1
"STUDY-0476","Causal","Selection bias","base_sel","validity","VAL",TRUE,"No",1
"STUDY-0476","Causal","Selection bias","comp_dis","reporting","REP",TRUE,"No",0
"STUDY-0476","Causal","Measurement bias","val_outcome","validity","VAL",TRUE,"Yes, the authors conducted content/face validity or cited the content/face validity from other studies",0.5
"STUDY-0476","Causal","Measurement bias","out_bias_acc","validity","VAL",TRUE,"No",1
"STUDY-0476","Causal","Measurement bias","diff_or_nondiff_out","validity","VAL",TRUE,"Differential with respect to the exposure",1
"STUDY-0476","Causal","Measurement bias","val_exposure","validity","VAL",TRUE,"Yes, the authors conducted content/face validity or cited the content/face validity from other studies",0.5
"STUDY-0476","Causal","Measurement bias","exp_bias_acc","validity","VAL",TRUE,"No",1
"STUDY-0476","Causal","Measurement bias","diff_or_nondiff_exp","validity","VAL",TRUE,"Differential with respect to the outcome",1
"STUDY-0476","Causal","Measurement bias","dep_or_indep_misc","validity","VAL",TRUE,"Dependent",1
"STUDY-0476","Causal","Confounding bias","base_conf_meth","validity","VAL",TRUE,"No adjustment for baseline confounding was done",1
"STUDY-0476","Causal","Confounding bias","conf_var_det","validity","NA",TRUE,"No adjustment for baseline and time-varying confounding was done",0
"STUDY-0476","Causal","Confounding bias","tv_conf_meth","validity","NA",TRUE,"No || ",0
"STUDY-0476","Causal","Missing data","miss_outcome","reporting","OK",TRUE,"Yes",0
"STUDY-0476","Causal","Missing data","hand_miss_outcom","validity","VAL",TRUE,"No",1
"STUDY-0476","Causal","Missing data","miss_exposure","reporting","OK",TRUE,"Yes",0
"STUDY-0476","Causal","Missing data","hand_miss_exposure","validity","VAL",TRUE,"No",1
"STUDY-0476","Causal","Mentioning errors","err_disc","reporting","OK",TRUE,"Random error",0
"STUDY-1013","Causal","Random error","sample_size","reporting","OK",TRUE,"Yes",0
"STUDY-1013","Causal","Random error","acc_sampl","validity","VAL",TRUE,"No",1
"STUDY-1013","Causal","Random error","sample_ach","validity","OK",TRUE,"Yes",0
"STUDY-1013","Causal","Selection bias","base_sel","validity","VAL",TRUE,"No",1
"STUDY-1013","Causal","Selection bias","comp_dis","reporting","REP",TRUE,"No",0
"STUDY-1013","Causal","Measurement bias","val_outcome","validity","VAL",TRUE,"Yes, the authors conducted content/face validity or cited the content/face validity from other studies",0.5
"STUDY-1013","Causal","Measurement bias","out_bias_acc","validity","VAL",TRUE,"No",1
"STUDY-1013","Causal","Measurement bias","diff_or_nondiff_out","validity","VAL",TRUE,"Differential with respect to the exposure",1
"STUDY-1013","Causal","Measurement bias","val_exposure","validity","VAL",TRUE,"Yes, the authors conducted content/face validity or cited the content/face validity from other studies",0.5
"STUDY-1013","Causal","Measurement bias","exp_bias_acc","validity","VAL",TRUE,"No",1
"STUDY-1013","Causal","Measurement bias","diff_or_nondiff_exp","validity","VAL",TRUE,"Differential with respect to the outcome",1
"STUDY-1013","Causal","Measurement bias","dep_or_indep_misc","validity","VAL",TRUE,"Dependent",1
"STUDY-1013","Causal","Confounding bias","base_conf_meth","validity","VAL",TRUE,"No adjustment for baseline confounding was done",1
"STUDY-1013","Causal","Confounding bias","conf_var_det","validity","NA",TRUE,"No adjustment for baseline and time-varying confounding was done",0
"STUDY-1013","Causal","Confounding bias","tv_conf_meth","validity","NA",TRUE,"No || ",0
"STUDY-1013","Causal","Missing data","miss_outcome","reporting","OK",TRUE,"Yes",0
"STUDY-1013","Causal","Missing data","hand_miss_outcom","validity","VAL",TRUE,"No",1
"STUDY-1013","Causal","Missing data","miss_exposure","reporting","OK",TRUE,"Yes",0
"STUDY-1013","Causal","Missing data","hand_miss_exposure","validity","VAL",TRUE,"No",1
"STUDY-1013","Causal","Mentioning errors","err_disc","reporting","OK",TRUE,"Selection bias;Measurement bias",0
"STUDY-0194","Descriptive","Random error","sample_size","reporting","REP",TRUE,"No",0
"STUDY-0194","Descriptive","Random error","acc_sampl","validity","NA",TRUE,"",0
"STUDY-0194","Descriptive","Random error","sample_ach","validity","NA",TRUE,"",0
"STUDY-0194","Descriptive","Selection bias","base_sel","validity","VAL",TRUE,"No",1
"STUDY-0194","Descriptive","Measurement bias","val_outcome","validity","VAL",TRUE,"Yes, the authors conducted content/face validity or cited the content/face validity from other studies",0.5
"STUDY-0194","Descriptive","Measurement bias","out_bias_acc","validity","VAL",TRUE,"No",1
"STUDY-0194","Descriptive","Missing data","miss_outcome","reporting","OK",TRUE,"Yes",0
"STUDY-0194","Descriptive","Missing data","hand_miss_outcom","validity","VAL",TRUE,"No",1
"STUDY-0194","Descriptive","Mentioning errors","err_disc","reporting","REP",TRUE,"None of the above",0
"STUDY-0194","Descriptive","Conflating task","confl_task","validity","VAL",TRUE,"Yes",1
"STUDY-0736","Causal","Random error","sample_size","reporting","OK",TRUE,"Yes",0
"STUDY-0736","Causal","Random error","acc_sampl","validity","VAL",TRUE,"No",1
"STUDY-0736","Causal","Random error","sample_ach","validity","OK",TRUE,"Yes",0
"STUDY-0736","Causal","Selection bias","base_sel","validity","VAL",TRUE,"No",1
"STUDY-0736","Causal","Selection bias","comp_dis","reporting","REP",TRUE,"No",0
"STUDY-0736","Causal","Measurement bias","val_outcome","validity","VAL",TRUE,"Yes, the authors conducted content/face validity or cited the content/face validity from other studies",0.5
"STUDY-0736","Causal","Measurement bias","out_bias_acc","validity","VAL",TRUE,"No",1
"STUDY-0736","Causal","Measurement bias","diff_or_nondiff_out","validity","VAL",TRUE,"Differential with respect to the exposure",1
"STUDY-0736","Causal","Measurement bias","val_exposure","validity","NA",TRUE,"This type of objective measurement does not usually require validation (e.g., surgical intervention)",0
"STUDY-0736","Causal","Measurement bias","exp_bias_acc","validity","VAL",TRUE,"No",1
"STUDY-0736","Causal","Measurement bias","diff_or_nondiff_exp","validity","OK",TRUE,"Non-differential with respect to the outcome",0
"STUDY-0736","Causal","Measurement bias","dep_or_indep_misc","validity","VAL",TRUE,"Dependent",1
"STUDY-0736","Causal","Confounding bias","base_conf_meth","validity","OK",TRUE,"Restriction",0
"STUDY-0736","Causal","Confounding bias","conf_var_det","validity","VAL",TRUE,"Based on none of the above",0.6666667
"STUDY-0736","Causal","Confounding bias","tv_conf_meth","validity","NA",TRUE,"No || ",0
"STUDY-0736","Causal","Missing data","miss_outcome","reporting","REP",TRUE,"Not reported or unknown",0
"STUDY-0736","Causal","Missing data","miss_exposure","reporting","OK",TRUE,"No",0
"STUDY-0736","Causal","Mentioning errors","err_disc","reporting","OK",TRUE,"Selection bias",0
"STUDY-0647","Causal","Random error","sample_size","reporting","REP",TRUE,"No",0
"STUDY-0647","Causal","Random error","acc_sampl","validity","NA",TRUE,"",0
"STUDY-0647","Causal","Random error","sample_ach","validity","NA",TRUE,"",0
"STUDY-0647","Causal","Selection bias","base_sel","validity","VAL",TRUE,"No",1
"STUDY-0647","Causal","Selection bias","comp_dis","reporting","REP",TRUE,"No",0
"STUDY-0647","Causal","Selection bias","ltfu_bias","reporting","REP",TRUE,"Not reported or unknown",0
"STUDY-0647","Causal","Measurement bias","val_outcome","validity","NA",TRUE,"This type of objective measurement does not usually require validation (e.g., surgical intervention)",0
"STUDY-0647","Causal","Measurement bias","out_bias_acc","validity","VAL",TRUE,"No",1
"STUDY-0647","Causal","Measurement bias","diff_or_nondiff_out","validity","OK",TRUE,"Non-differential with respect to the exposure",0
"STUDY-0647","Causal","Measurement bias","val_exposure","validity","VAL",TRUE,"Yes, the authors conducted content/face validity or cited the content/face validity from other studies",0.5
"STUDY-0647","Causal","Measurement bias","exp_bias_acc","validity","VAL",TRUE,"No",1
"STUDY-0647","Causal","Measurement bias","diff_or_nondiff_exp","validity","OK",TRUE,"Non-differential with respect to the outcome",0
"STUDY-0647","Causal","Measurement bias","dep_or_indep_misc","validity","OK",TRUE,"Independent",0
"STUDY-0647","Causal","Confounding bias","base_conf_meth","validity","OK",TRUE,"Stratification;Restriction;Regression",0
"STUDY-0647","Causal","Confounding bias","conf_var_det","validity","VAL",TRUE,"Based on previous literature",0.3333333
"STUDY-0647","Causal","Confounding bias","tv_conf_meth","validity","NA",TRUE,"No || ",0
"STUDY-0647","Causal","Missing data","miss_outcome","reporting","OK",TRUE,"No",0
"STUDY-0647","Causal","Missing data","miss_exposure","reporting","OK",TRUE,"No",0
"STUDY-0647","Causal","Mentioning errors","err_disc","reporting","OK",TRUE,"Random error;Selection bias;Measurement bias;Confounding bias",0
"STUDY-0978","Causal","Random error","sample_size","reporting","REP",TRUE,"No",0
"STUDY-0978","Causal","Random error","acc_sampl","validity","NA",TRUE,"",0
"STUDY-0978","Causal","Random error","sample_ach","validity","NA",TRUE,"",0
"STUDY-0978","Causal","Selection bias","base_sel","validity","VAL",TRUE,"No",1
"STUDY-0978","Causal","Selection bias","comp_dis","reporting","REP",TRUE,"No",0
"STUDY-0978","Causal","Measurement bias","val_outcome","validity","VAL",TRUE,"Yes, the authors conducted content/face validity or cited the content/face validity from other studies",0.5
"STUDY-0978","Causal","Measurement bias","out_bias_acc","validity","VAL",TRUE,"No",1
"STUDY-0978","Causal","Measurement bias","diff_or_nondiff_out","validity","OK",TRUE,"Non-differential with respect to the exposure",0
"STUDY-0978","Causal","Measurement bias","val_exposure","validity","NA",TRUE,"This type of objective measurement does not usually require validation (e.g., surgical intervention)",0
"STUDY-0978","Causal","Measurement bias","exp_bias_acc","validity","VAL",TRUE,"No",1
"STUDY-0978","Causal","Measurement bias","diff_or_nondiff_exp","validity","VAL",TRUE,"Differential with respect to the outcome",1
"STUDY-0978","Causal","Measurement bias","dep_or_indep_misc","validity","OK",TRUE,"Independent",0
"STUDY-0978","Causal","Confounding bias","base_conf_meth","validity","VAL",TRUE,"No adjustment for baseline confounding was done",1
"STUDY-0978","Causal","Confounding bias","conf_var_det","validity","NA",TRUE,"No adjustment for baseline and time-varying confounding was done",0
"STUDY-0978","Causal","Confounding bias","tv_conf_meth","validity","NA",TRUE,"No || ",0
"STUDY-0978","Causal","Missing data","miss_outcome","reporting","OK",TRUE,"No",0
"STUDY-0978","Causal","Missing data","miss_exposure","reporting","OK",TRUE,"No",0
"STUDY-0978","Causal","Mentioning errors","err_disc","reporting","OK",TRUE,"Confounding bias",0
"STUDY-0188","Causal","Random error","sample_size","reporting","REP",TRUE,"No",0
"STUDY-0188","Causal","Random error","acc_sampl","validity","NA",TRUE,"",0
"STUDY-0188","Causal","Random error","sample_ach","validity","NA",TRUE,"",0
"STUDY-0188","Causal","Selection bias","base_sel","validity","VAL",TRUE,"No",1
"STUDY-0188","Causal","Selection bias","comp_dis","reporting","REP",TRUE,"No",0
"STUDY-0188","Causal","Measurement bias","val_outcome","validity","VAL",TRUE,"Yes, the authors conducted content/face validity or cited the content/face validity from other studies",0.5
"STUDY-0188","Causal","Measurement bias","out_bias_acc","validity","VAL",TRUE,"No",1
"STUDY-0188","Causal","Measurement bias","diff_or_nondiff_out","validity","OK",TRUE,"Non-differential with respect to the exposure",0
"STUDY-0188","Causal","Measurement bias","val_exposure","validity","VAL",TRUE,"Yes, the authors conducted content/face validity or cited the content/face validity from other studies",0.5
"STUDY-0188","Causal","Measurement bias","exp_bias_acc","validity","VAL",TRUE,"No",1
"STUDY-0188","Causal","Measurement bias","diff_or_nondiff_exp","validity","OK",TRUE,"Non-differential with respect to the outcome",0
"STUDY-0188","Causal","Measurement bias","dep_or_indep_misc","validity","OK",TRUE,"Independent",0
"STUDY-0188","Causal","Confounding bias","base_conf_meth","validity","VAL",TRUE,"No adjustment for baseline confounding was done",1
"STUDY-0188","Causal","Confounding bias","conf_var_det","validity","NA",TRUE,"No adjustment for baseline and time-varying confounding was done",0
"STUDY-0188","Causal","Confounding bias","tv_conf_meth","validity","NA",TRUE,"No || ",0
"STUDY-0188","Causal","Missing data","miss_outcome","reporting","OK",TRUE,"No",0
"STUDY-0188","Causal","Missing data","miss_exposure","reporting","OK",TRUE,"No",0
"STUDY-0188","Causal","Mentioning errors","err_disc","reporting","OK",TRUE,"Measurement bias;Confounding bias",0
"STUDY-0940","Causal","Random error","sample_size","reporting","OK",TRUE,"Yes",0
"STUDY-0940","Causal","Random error","acc_sampl","validity","OK",TRUE,"Yes",0
"STUDY-0940","Causal","Random error","sample_ach","validity","OK",TRUE,"Yes",0
"STUDY-0940","Causal","Selection bias","base_sel","validity","VAL",TRUE,"No",1
"STUDY-0940","Causal","Selection bias","comp_dis","reporting","REP",TRUE,"No",0
"STUDY-0940","Causal","Measurement bias","val_outcome","validity","VAL",TRUE,"Yes, the authors conducted content/face validity or cited the content/face validity from other studies",0.5
"STUDY-0940","Causal","Measurement bias","out_bias_acc","validity","VAL",TRUE,"No",1
"STUDY-0940","Causal","Measurement bias","diff_or_nondiff_out","validity","VAL",TRUE,"Differential with respect to the exposure",1
"STUDY-0940","Causal","Measurement bias","val_exposure","validity","NA",TRUE,"This type of objective measurement does not usually require validation (e.g., surgical intervention)",0
"STUDY-0940","Causal","Measurement bias","exp_bias_acc","validity","VAL",TRUE,"No",1
"STUDY-0940","Causal","Measurement bias","diff_or_nondiff_exp","validity","OK",TRUE,"Non-differential with respect to the outcome",0
"STUDY-0940","Causal","Measurement bias","dep_or_indep_misc","validity","VAL",TRUE,"Dependent",1
"STUDY-0940","Causal","Confounding bias","base_conf_meth","validity","VAL",TRUE,"No adjustment for baseline confounding was done",1
"STUDY-0940","Causal","Confounding bias","conf_var_det","validity","NA",TRUE,"No adjustment for baseline and time-varying confounding was done",0
"STUDY-0940","Causal","Confounding bias","tv_conf_meth","validity","NA",TRUE,"No || ",0
"STUDY-0940","Causal","Missing data","miss_outcome","reporting","OK",TRUE,"No",0
"STUDY-0940","Causal","Missing data","miss_exposure","reporting","OK",TRUE,"No",0
"STUDY-0940","Causal","Mentioning errors","err_disc","reporting","OK",TRUE,"Measurement bias",0
"STUDY-0605","Causal","Random error","sample_size","reporting","REP",TRUE,"No",0
"STUDY-0605","Causal","Random error","acc_sampl","validity","NA",TRUE,"",0
"STUDY-0605","Causal","Random error","sample_ach","validity","NA",TRUE,"",0
"STUDY-0605","Causal","Selection bias","base_sel","validity","VAL",TRUE,"No",1
"STUDY-0605","Causal","Selection bias","comp_dis","reporting","REP",TRUE,"No",0
"STUDY-0605","Causal","Selection bias","ltfu_bias","reporting","REP",TRUE,"Not reported or unknown",0
"STUDY-0605","Causal","Measurement bias","val_outcome","validity","VAL",TRUE,"Yes, the authors conducted content/face validity or cited the content/face validity from other studies",0.5
"STUDY-0605","Causal","Measurement bias","out_bias_acc","validity","VAL",TRUE,"No",1
"STUDY-0605","Causal","Measurement bias","diff_or_nondiff_out","validity","OK",TRUE,"Non-differential with respect to the exposure",0
"STUDY-0605","Causal","Measurement bias","val_exposure","validity","NA",TRUE,"This type of objective measurement does not usually require validation (e.g., surgical intervention)",0
"STUDY-0605","Causal","Measurement bias","exp_bias_acc","validity","VAL",TRUE,"No",1
"STUDY-0605","Causal","Measurement bias","diff_or_nondiff_exp","validity","OK",TRUE,"Non-differential with respect to the outcome",0
"STUDY-0605","Causal","Measurement bias","dep_or_indep_misc","validity","OK",TRUE,"Independent",0
"STUDY-0605","Causal","Confounding bias","base_conf_meth","validity","VAL",TRUE,"No adjustment for baseline confounding was done",1
"STUDY-0605","Causal","Confounding bias","conf_var_det","validity","NA",TRUE,"No adjustment for baseline and time-varying confounding was done",0
"STUDY-0605","Causal","Confounding bias","tv_conf_meth","validity","NA",TRUE,"No || ",0
"STUDY-0605","Causal","Missing data","miss_outcome","reporting","REP",TRUE,"Not reported or unknown",0
"STUDY-0605","Causal","Missing data","miss_exposure","reporting","OK",TRUE,"No",0
"STUDY-0605","Causal","Mentioning errors","err_disc","reporting","REP",TRUE,"None of the above",0
"STUDY-0084","Causal","Random error","sample_size","reporting","OK",TRUE,"Yes",0
"STUDY-0084","Causal","Random error","acc_sampl","validity","VAL",TRUE,"No",1
"STUDY-0084","Causal","Random error","sample_ach","validity","OK",TRUE,"Yes",0
"STUDY-0084","Causal","Selection bias","base_sel","validity","OK",TRUE,"No baseline selection bias from investigator",0
"STUDY-0084","Causal","Selection bias","comp_dis","reporting","NA",TRUE,"skipped",0
"STUDY-0084","Causal","Selection bias","ltfu_bias","reporting","REP",TRUE,"Not reported or unknown",0
"STUDY-0084","Causal","Measurement bias","val_outcome","validity","VAL",TRUE,"No",1
"STUDY-0084","Causal","Measurement bias","out_bias_acc","validity","VAL",TRUE,"No",1
"STUDY-0084","Causal","Measurement bias","diff_or_nondiff_out","validity","OK",TRUE,"Non-differential with respect to the exposure",0
"STUDY-0084","Causal","Measurement bias","val_exposure","validity","NA",TRUE,"This type of objective measurement does not usually require validation (e.g., surgical intervention)",0
"STUDY-0084","Causal","Measurement bias","exp_bias_acc","validity","VAL",TRUE,"No",1
"STUDY-0084","Causal","Measurement bias","diff_or_nondiff_exp","validity","OK",TRUE,"Non-differential with respect to the outcome",0
"STUDY-0084","Causal","Measurement bias","dep_or_indep_misc","validity","OK",TRUE,"Independent",0
"STUDY-0084","Causal","Confounding bias","base_conf_meth","validity","OK",TRUE,"Randomization;Stratification;Regression",0
"STUDY-0084","Causal","Confounding bias","conf_var_det","validity","VAL",TRUE,"Based on none of the above",0.6666667
"STUDY-0084","Causal","Confounding bias","tv_conf_meth","validity","OK",TRUE,"Yes || Regression",0
"STUDY-0084","Causal","Missing data","miss_outcome","reporting","OK",TRUE,"Yes",0
"STUDY-0084","Causal","Missing data","hand_miss_outcom","validity","VAL",TRUE,"No",1
"STUDY-0084","Causal","Missing data","miss_exposure","reporting","OK",TRUE,"No",0
"STUDY-0084","Causal","Mentioning errors","err_disc","reporting","OK",TRUE,"Measurement bias",0
"STUDY-0415","Causal","Random error","sample_size","reporting","REP",TRUE,"No",0
"STUDY-0415","Causal","Random error","acc_sampl","validity","NA",TRUE,"",0
"STUDY-0415","Causal","Random error","sample_ach","validity","NA",TRUE,"",0
"STUDY-0415","Causal","Selection bias","base_sel","validity","VAL",TRUE,"No",1
"STUDY-0415","Causal","Selection bias","comp_dis","reporting","REP",TRUE,"No",0
"STUDY-0415","Causal","Measurement bias","val_outcome","validity","VAL",TRUE,"Yes, the authors conducted content/face validity or cited the content/face validity from other studies",0.5
"STUDY-0415","Causal","Measurement bias","out_bias_acc","validity","VAL",TRUE,"No",1
"STUDY-0415","Causal","Measurement bias","diff_or_nondiff_out","validity","VAL",TRUE,"Differential with respect to the exposure",1
"STUDY-0415","Causal","Measurement bias","val_exposure","validity","VAL",TRUE,"Yes, the authors conducted content/face validity or cited the content/face validity from other studies",0.5
"STUDY-0415","Causal","Measurement bias","exp_bias_acc","validity","VAL",TRUE,"No",1
"STUDY-0415","Causal","Measurement bias","diff_or_nondiff_exp","validity","VAL",TRUE,"Differential with respect to the outcome",1
"STUDY-0415","Causal","Measurement bias","dep_or_indep_misc","validity","VAL",TRUE,"Dependent",1
"STUDY-0415","Causal","Confounding bias","base_conf_meth","validity","OK",TRUE,"Regression",0
"STUDY-0415","Causal","Confounding bias","conf_var_det","validity","VAL",TRUE,"Based on none of the above",0.6666667
"STUDY-0415","Causal","Confounding bias","tv_conf_meth","validity","NA",TRUE,"No || ",0
"STUDY-0415","Causal","Missing data","miss_outcome","reporting","REP",TRUE,"Not reported or unknown",0
"STUDY-0415","Causal","Missing data","miss_exposure","reporting","REP",TRUE,"Not reported or unknown",0
"STUDY-0415","Causal","Mentioning errors","err_disc","reporting","REP",TRUE,"None of the above",0
"STUDY-0426","Causal","Selection bias","base_sel","validity","OK",TRUE,"No baseline selection bias from investigator",0
"STUDY-0426","Causal","Selection bias","comp_dis","reporting","NA",TRUE,"skipped",0
"STUDY-0426","Causal","Selection bias","ltfu_bias","reporting","REP",TRUE,"Not reported or unknown",0
"STUDY-0426","Causal","Measurement bias","val_outcome","validity","VAL",TRUE,"No",1
"STUDY-0426","Causal","Measurement bias","out_bias_acc","validity","VAL",TRUE,"No",1
"STUDY-0426","Causal","Measurement bias","diff_or_nondiff_out","validity","OK",TRUE,"Non-differential with respect to the exposure",0
"STUDY-0426","Causal","Measurement bias","val_exposure","validity","NA",TRUE,"This type of objective measurement does not usually require validation (e.g., surgical intervention)",0
"STUDY-0426","Causal","Measurement bias","exp_bias_acc","validity","VAL",TRUE,"No",1
"STUDY-0426","Causal","Measurement bias","diff_or_nondiff_exp","validity","OK",TRUE,"Non-differential with respect to the outcome",0
"STUDY-0426","Causal","Measurement bias","dep_or_indep_misc","validity","VAL",TRUE,"Dependent",1
"STUDY-0426","Causal","Confounding bias","base_conf_meth","validity","VAL",TRUE,"No adjustment for baseline confounding was done",1
"STUDY-0426","Causal","Confounding bias","conf_var_det","validity","NA",TRUE,"No adjustment for baseline and time-varying confounding was done",0
"STUDY-0426","Causal","Confounding bias","tv_conf_meth","validity","NA",TRUE,"No || skipped",0
"STUDY-0426","Causal","Missing data","miss_outcome","reporting","REP",TRUE,"Not reported or unknown",0
"STUDY-0426","Causal","Missing data","miss_exposure","reporting","OK",TRUE,"No",0
"STUDY-0426","Causal","Mentioning errors","err_disc","reporting","OK",TRUE,"Random error;Confounding bias",0
"STUDY-0824","Descriptive","Random error","sample_size","reporting","REP",TRUE,"No",0
"STUDY-0824","Descriptive","Random error","acc_sampl","validity","NA",TRUE,"",0
"STUDY-0824","Descriptive","Random error","sample_ach","validity","NA",TRUE,"",0
"STUDY-0824","Descriptive","Selection bias","base_sel","validity","VAL",TRUE,"No",1
"STUDY-0824","Descriptive","Measurement bias","val_outcome","validity","VAL",TRUE,"No",1
"STUDY-0824","Descriptive","Measurement bias","out_bias_acc","validity","VAL",TRUE,"No",1
"STUDY-0824","Descriptive","Missing data","miss_outcome","reporting","REP",TRUE,"Not reported or unknown",0
"STUDY-0824","Descriptive","Mentioning errors","err_disc","reporting","OK",TRUE,"Measurement bias",0
"STUDY-0824","Descriptive","Conflating task","confl_task","validity","OK",TRUE,"No",0
"STUDY-0974","Descriptive","Selection bias","base_sel","validity","OK",TRUE,"No baseline selection bias from investigator",0
"STUDY-0974","Descriptive","Measurement bias","val_outcome","validity","OK",TRUE,"Yes, the authors conducted criterion validity or cited the criterion validity from other studies",0
"STUDY-0974","Descriptive","Measurement bias","out_bias_acc","validity","VAL",TRUE,"No",1
"STUDY-0974","Descriptive","Missing data","miss_outcome","reporting","OK",TRUE,"No",0
"STUDY-0974","Descriptive","Mentioning errors","err_disc","reporting","REP",TRUE,"None of the above",0
"STUDY-0974","Descriptive","Conflating task","confl_task","validity","VAL",TRUE,"Yes",1
"STUDY-0679","Causal","Random error","sample_size","reporting","REP",TRUE,"No",0
"STUDY-0679","Causal","Random error","acc_sampl","validity","NA",TRUE,"",0
"STUDY-0679","Causal","Random error","sample_ach","validity","NA",TRUE,"",0
"STUDY-0679","Causal","Selection bias","base_sel","validity","VAL",TRUE,"No",1
"STUDY-0679","Causal","Selection bias","comp_dis","reporting","REP",TRUE,"No",0
"STUDY-0679","Causal","Measurement bias","val_outcome","validity","OK",TRUE,"Yes, the authors conducted criterion validity or cited the criterion validity from other studies",0
"STUDY-0679","Causal","Measurement bias","out_bias_acc","validity","VAL",TRUE,"No",1
"STUDY-0679","Causal","Measurement bias","diff_or_nondiff_out","validity","OK",TRUE,"Non-differential with respect to the exposure",0
"STUDY-0679","Causal","Measurement bias","val_exposure","validity","VAL",TRUE,"No",1
"STUDY-0679","Causal","Measurement bias","exp_bias_acc","validity","VAL",TRUE,"No",1
"STUDY-0679","Causal","Measurement bias","diff_or_nondiff_exp","validity","OK",TRUE,"Non-differential with respect to the outcome",0
"STUDY-0679","Causal","Measurement bias","dep_or_indep_misc","validity","OK",TRUE,"Independent",0
"STUDY-0679","Causal","Confounding bias","base_conf_meth","validity","VAL",TRUE,"No adjustment for baseline confounding was done",1
"STUDY-0679","Causal","Confounding bias","conf_var_det","validity","NA",TRUE,"No adjustment for baseline and time-varying confounding was done",0
"STUDY-0679","Causal","Confounding bias","tv_conf_meth","validity","NA",TRUE,"No || ",0
"STUDY-0679","Causal","Missing data","miss_outcome","reporting","OK",TRUE,"No",0
"STUDY-0679","Causal","Missing data","miss_exposure","reporting","OK",TRUE,"No",0
"STUDY-0679","Causal","Mentioning errors","err_disc","reporting","OK",TRUE,"Random error;Measurement bias;Confounding bias",0
"STUDY-0115","Causal","Random error","sample_size","reporting","OK",TRUE,"Yes",0
"STUDY-0115","Causal","Random error","acc_sampl","validity","VAL",TRUE,"No",1
"STUDY-0115","Causal","Random error","sample_ach","validity","OK",TRUE,"Yes",0
"STUDY-0115","Causal","Selection bias","base_sel","validity","VAL",TRUE,"No",1
"STUDY-0115","Causal","Selection bias","comp_dis","reporting","REP",TRUE,"No",0
"STUDY-0115","Causal","Measurement bias","val_outcome","validity","VAL",TRUE,"Yes, the authors conducted content/face validity or cited the content/face validity from other studies",0.5
"STUDY-0115","Causal","Measurement bias","out_bias_acc","validity","VAL",TRUE,"No",1
"STUDY-0115","Causal","Measurement bias","diff_or_nondiff_out","validity","OK",TRUE,"Non-differential with respect to the exposure",0
"STUDY-0115","Causal","Measurement bias","val_exposure","validity","VAL",TRUE,"Yes, the authors conducted content/face validity or cited the content/face validity from other studies",0.5
"STUDY-0115","Causal","Measurement bias","exp_bias_acc","validity","VAL",TRUE,"No",1
"STUDY-0115","Causal","Measurement bias","diff_or_nondiff_exp","validity","OK",TRUE,"Non-differential with respect to the outcome",0
"STUDY-0115","Causal","Measurement bias","dep_or_indep_misc","validity","VAL",TRUE,"Dependent",1
"STUDY-0115","Causal","Confounding bias","base_conf_meth","validity","VAL",TRUE,"No adjustment for baseline confounding was done",1
"STUDY-0115","Causal","Confounding bias","conf_var_det","validity","NA",TRUE,"No adjustment for baseline and time-varying confounding was done",0
"STUDY-0115","Causal","Confounding bias","tv_conf_meth","validity","NA",TRUE,"No || ",0
"STUDY-0115","Causal","Missing data","miss_outcome","reporting","OK",TRUE,"No",0
"STUDY-0115","Causal","Missing data","miss_exposure","reporting","OK",TRUE,"No",0
"STUDY-0115","Causal","Mentioning errors","err_disc","reporting","OK",TRUE,"Selection bias;Measurement bias",0
"STUDY-0764","Causal","Random error","sample_size","reporting","OK",TRUE,"Yes",0
"STUDY-0764","Causal","Random error","acc_sampl","validity","OK",TRUE,"Yes",0
"STUDY-0764","Causal","Random error","sample_ach","validity","OK",TRUE,"Yes",0
"STUDY-0764","Causal","Selection bias","base_sel","validity","OK",TRUE,"No baseline selection bias from investigator",0
"STUDY-0764","Causal","Selection bias","comp_dis","reporting","NA",TRUE,"",0
"STUDY-0764","Causal","Selection bias","ltfu_bias","reporting","OK",TRUE,"Yes",0
"STUDY-0764","Causal","Selection bias","ltfu_acc","validity","VAL",TRUE,"No",1
"STUDY-0764","Causal","Measurement bias","val_outcome","validity","VAL",TRUE,"Yes, the authors conducted content/face validity or cited the content/face validity from other studies",0.5
"STUDY-0764","Causal","Measurement bias","out_bias_acc","validity","VAL",TRUE,"No",1
"STUDY-0764","Causal","Measurement bias","diff_or_nondiff_out","validity","OK",TRUE,"Non-differential with respect to the exposure",0
"STUDY-0764","Causal","Measurement bias","val_exposure","validity","NA",TRUE,"This type of objective measurement does not usually require validation (e.g., surgical intervention)",0
"STUDY-0764","Causal","Measurement bias","exp_bias_acc","validity","VAL",TRUE,"No",1
"STUDY-0764","Causal","Measurement bias","diff_or_nondiff_exp","validity","OK",TRUE,"Non-differential with respect to the outcome",0
"STUDY-0764","Causal","Measurement bias","dep_or_indep_misc","validity","OK",TRUE,"Independent",0
"STUDY-0764","Causal","Confounding bias","base_conf_meth","validity","OK",TRUE,"Randomization",0
"STUDY-0764","Causal","Confounding bias","conf_var_det","validity","NA",TRUE,"No adjustment for baseline and time-varying confounding was done",0
"STUDY-0764","Causal","Confounding bias","tv_conf_meth","validity","NA",TRUE,"No || skipped",0
"STUDY-0764","Causal","Missing data","miss_outcome","reporting","OK",TRUE,"Yes",0
"STUDY-0764","Causal","Missing data","hand_miss_outcom","validity","VAL",TRUE,"No",1
"STUDY-0764","Causal","Missing data","miss_exposure","reporting","OK",TRUE,"No",0
"STUDY-0764","Causal","Mentioning errors","err_disc","reporting","OK",TRUE,"Measurement bias",0
"STUDY-0677","Causal","Random error","sample_size","reporting","REP",TRUE,"No",0
"STUDY-0677","Causal","Random error","acc_sampl","validity","NA",TRUE,"",0
"STUDY-0677","Causal","Random error","sample_ach","validity","NA",TRUE,"",0
"STUDY-0677","Causal","Selection bias","base_sel","validity","VAL",TRUE,"No",1
"STUDY-0677","Causal","Selection bias","comp_dis","reporting","REP",TRUE,"No",0
"STUDY-0677","Causal","Measurement bias","val_outcome","validity","VAL",TRUE,"Yes, the authors conducted content/face validity or cited the content/face validity from other studies",0.5
"STUDY-0677","Causal","Measurement bias","out_bias_acc","validity","VAL",TRUE,"No",1
"STUDY-0677","Causal","Measurement bias","diff_or_nondiff_out","validity","VAL",TRUE,"Differential with respect to the exposure",1
"STUDY-0677","Causal","Measurement bias","val_exposure","validity","NA",TRUE,"This type of objective measurement does not usually require validation (e.g., surgical intervention)",0
"STUDY-0677","Causal","Measurement bias","exp_bias_acc","validity","VAL",TRUE,"No",1
"STUDY-0677","Causal","Measurement bias","diff_or_nondiff_exp","validity","OK",TRUE,"Non-differential with respect to the outcome",0
"STUDY-0677","Causal","Measurement bias","dep_or_indep_misc","validity","VAL",TRUE,"Dependent",1
"STUDY-0677","Causal","Confounding bias","base_conf_meth","validity","VAL",TRUE,"No adjustment for baseline confounding was done",1
"STUDY-0677","Causal","Confounding bias","conf_var_det","validity","NA",TRUE,"No adjustment for baseline and time-varying confounding was done",0
"STUDY-0677","Causal","Confounding bias","tv_conf_meth","validity","NA",TRUE,"No || ",0
"STUDY-0677","Causal","Missing data","miss_outcome","reporting","OK",TRUE,"No",0
"STUDY-0677","Causal","Missing data","miss_exposure","reporting","OK",TRUE,"No",0
"STUDY-0677","Causal","Mentioning errors","err_disc","reporting","REP",TRUE,"None of the above",0
"STUDY-0320","Causal","Random error","sample_size","reporting","OK",TRUE,"Yes",0
"STUDY-0320","Causal","Random error","acc_sampl","validity","OK",TRUE,"Yes",0
"STUDY-0320","Causal","Random error","sample_ach","validity","OK",TRUE,"Yes",0
"STUDY-0320","Causal","Selection bias","base_sel","validity","OK",TRUE,"No baseline selection bias from investigator",0
"STUDY-0320","Causal","Selection bias","comp_dis","reporting","NA",TRUE,"",0
"STUDY-0320","Causal","Measurement bias","val_outcome","validity","VAL",TRUE,"No",1
"STUDY-0320","Causal","Measurement bias","out_bias_acc","validity","VAL",TRUE,"No",1
"STUDY-0320","Causal","Measurement bias","diff_or_nondiff_out","validity","OK",TRUE,"Non-differential with respect to the exposure",0
"STUDY-0320","Causal","Measurement bias","val_exposure","validity","NA",TRUE,"This type of objective measurement does not usually require validation (e.g., surgical intervention)",0
"STUDY-0320","Causal","Measurement bias","exp_bias_acc","validity","VAL",TRUE,"No",1
"STUDY-0320","Causal","Measurement bias","diff_or_nondiff_exp","validity","OK",TRUE,"Non-differential with respect to the outcome",0
"STUDY-0320","Causal","Measurement bias","dep_or_indep_misc","validity","OK",TRUE,"Independent",0
"STUDY-0320","Causal","Confounding bias","base_conf_meth","validity","OK",TRUE,"Regression",0
"STUDY-0320","Causal","Confounding bias","conf_var_det","validity","VAL",TRUE,"Based on none of the above",0.6666667
"STUDY-0320","Causal","Confounding bias","tv_conf_meth","validity","NA",TRUE,"No || ",0
"STUDY-0320","Causal","Missing data","miss_outcome","reporting","OK",TRUE,"No",0
"STUDY-0320","Causal","Missing data","miss_exposure","reporting","OK",TRUE,"No",0
"STUDY-0320","Causal","Mentioning errors","err_disc","reporting","OK",TRUE,"Selection bias;Confounding bias;Missing data",0
"STUDY-0280","Descriptive","Selection bias","base_sel","validity","OK",TRUE,"No baseline selection bias from investigator",0
"STUDY-0280","Descriptive","Measurement bias","val_outcome","validity","VAL",TRUE,"No",1
"STUDY-0280","Descriptive","Measurement bias","out_bias_acc","validity","VAL",TRUE,"No",1
"STUDY-0280","Descriptive","Missing data","miss_outcome","reporting","OK",TRUE,"No",0
"STUDY-0280","Descriptive","Mentioning errors","err_disc","reporting","OK",TRUE,"Selection bias;Confounding bias;Missing data",0
"STUDY-0280","Descriptive","Conflating task","confl_task","validity","VAL",TRUE,"Yes",1
"STUDY-0434","Causal","Random error","sample_size","reporting","OK",TRUE,"Yes",0
"STUDY-0434","Causal","Random error","acc_sampl","validity","VAL",TRUE,"No",1
"STUDY-0434","Causal","Random error","sample_ach","validity","OK",TRUE,"Yes",0
"STUDY-0434","Causal","Selection bias","base_sel","validity","VAL",TRUE,"No",1
"STUDY-0434","Causal","Selection bias","comp_dis","reporting","REP",TRUE,"No",0
"STUDY-0434","Causal","Measurement bias","val_outcome","validity","OK",TRUE,"Yes, the authors conducted criterion validity or cited the criterion validity from other studies",0
"STUDY-0434","Causal","Measurement bias","out_bias_acc","validity","VAL",TRUE,"No",1
"STUDY-0434","Causal","Measurement bias","diff_or_nondiff_out","validity","OK",TRUE,"Non-differential with respect to the exposure",0
"STUDY-0434","Causal","Measurement bias","val_exposure","validity","OK",TRUE,"Yes, the authors conducted criterion validity or cited the criterion validity from other studies",0
"STUDY-0434","Causal","Measurement bias","exp_bias_acc","validity","VAL",TRUE,"No",1
"STUDY-0434","Causal","Measurement bias","diff_or_nondiff_exp","validity","OK",TRUE,"Non-differential with respect to the outcome",0
"STUDY-0434","Causal","Measurement bias","dep_or_indep_misc","validity","OK",TRUE,"Independent",0
"STUDY-0434","Causal","Confounding bias","base_conf_meth","validity","VAL",TRUE,"No adjustment for baseline confounding was done",1
"STUDY-0434","Causal","Confounding bias","conf_var_det","validity","NA",TRUE,"No adjustment for baseline and time-varying confounding was done",0
"STUDY-0434","Causal","Confounding bias","tv_conf_meth","validity","NA",TRUE,"No || ",0
"STUDY-0434","Causal","Missing data","miss_outcome","reporting","OK",TRUE,"No",0
"STUDY-0434","Causal","Missing data","miss_exposure","reporting","REP",TRUE,"Not reported or unknown",0
"STUDY-0434","Causal","Mentioning errors","err_disc","reporting","OK",TRUE,"Random error;Confounding bias;Missing data",0
"STUDY-0237","Causal","Random error","sample_size","reporting","REP",TRUE,"No",0
"STUDY-0237","Causal","Random error","acc_sampl","validity","NA",TRUE,"",0
"STUDY-0237","Causal","Random error","sample_ach","validity","NA",TRUE,"",0
"STUDY-0237","Causal","Selection bias","base_sel","validity","VAL",TRUE,"No",1
"STUDY-0237","Causal","Selection bias","comp_dis","reporting","REP",TRUE,"No",0
"STUDY-0237","Causal","Selection bias","ltfu_bias","reporting","REP",TRUE,"Not reported or unknown",0
"STUDY-0237","Causal","Measurement bias","val_outcome","validity","NA",TRUE,"This type of objective measurement does not usually require validation (e.g., surgical intervention)",0
"STUDY-0237","Causal","Measurement bias","out_bias_acc","validity","VAL",TRUE,"No",1
"STUDY-0237","Causal","Measurement bias","diff_or_nondiff_out","validity","OK",TRUE,"Non-differential with respect to the exposure",0
"STUDY-0237","Causal","Measurement bias","val_exposure","validity","NA",TRUE,"This type of objective measurement does not usually require validation (e.g., surgical intervention)",0
"STUDY-0237","Causal","Measurement bias","exp_bias_acc","validity","VAL",TRUE,"No",1
"STUDY-0237","Causal","Measurement bias","diff_or_nondiff_exp","validity","OK",TRUE,"Non-differential with respect to the outcome",0
"STUDY-0237","Causal","Measurement bias","dep_or_indep_misc","validity","OK",TRUE,"Independent",0
"STUDY-0237","Causal","Confounding bias","base_conf_meth","validity","OK",TRUE,"Regression",0
"STUDY-0237","Causal","Confounding bias","conf_var_det","validity","VAL",TRUE,"Based on none of the above",0.6666667
"STUDY-0237","Causal","Confounding bias","tv_conf_meth","validity","NA",TRUE,"No || ",0
"STUDY-0237","Causal","Missing data","miss_outcome","reporting","OK",TRUE,"Yes",0
"STUDY-0237","Causal","Missing data","hand_miss_outcom","validity","VAL",TRUE,"No",1
"STUDY-0237","Causal","Missing data","miss_exposure","reporting","OK",TRUE,"Yes",0
"STUDY-0237","Causal","Missing data","hand_miss_exposure","validity","VAL",TRUE,"No",1
"STUDY-0237","Causal","Mentioning errors","err_disc","reporting","OK",TRUE,"Selection bias",0
"STUDY-0329","Causal","Random error","sample_size","reporting","REP",TRUE,"No",0
"STUDY-0329","Causal","Random error","acc_sampl","validity","NA",TRUE,"",0
"STUDY-0329","Causal","Random error","sample_ach","validity","NA",TRUE,"",0
"STUDY-0329","Causal","Selection bias","base_sel","validity","VAL",TRUE,"No",1
"STUDY-0329","Causal","Selection bias","comp_dis","reporting","REP",TRUE,"No",0
"STUDY-0329","Causal","Measurement bias","val_outcome","validity","OK",TRUE,"Yes, the authors conducted criterion validity or cited the criterion validity from other studies",0
"STUDY-0329","Causal","Measurement bias","out_bias_acc","validity","VAL",TRUE,"No",1
"STUDY-0329","Causal","Measurement bias","diff_or_nondiff_out","validity","OK",TRUE,"Non-differential with respect to the exposure",0
"STUDY-0329","Causal","Measurement bias","val_exposure","validity","NA",TRUE,"This type of objective measurement does not usually require validation (e.g., surgical intervention)",0
"STUDY-0329","Causal","Measurement bias","exp_bias_acc","validity","VAL",TRUE,"No",1
"STUDY-0329","Causal","Measurement bias","diff_or_nondiff_exp","validity","OK",TRUE,"Non-differential with respect to the outcome",0
"STUDY-0329","Causal","Measurement bias","dep_or_indep_misc","validity","OK",TRUE,"Independent",0
"STUDY-0329","Causal","Confounding bias","base_conf_meth","validity","VAL",TRUE,"No adjustment for baseline confounding was done",1
"STUDY-0329","Causal","Confounding bias","conf_var_det","validity","NA",TRUE,"No adjustment for baseline and time-varying confounding was done",0
"STUDY-0329","Causal","Confounding bias","tv_conf_meth","validity","NA",TRUE,"No || ",0
"STUDY-0329","Causal","Missing data","miss_outcome","reporting","REP",TRUE,"Not reported or unknown",0
"STUDY-0329","Causal","Missing data","miss_exposure","reporting","OK",TRUE,"No",0
"STUDY-0329","Causal","Mentioning errors","err_disc","reporting","OK",TRUE,"Selection bias;Measurement bias",0
"STUDY-0561","Causal","Random error","sample_size","reporting","OK",TRUE,"Yes",0
"STUDY-0561","Causal","Random error","acc_sampl","validity","VAL",TRUE,"No",1
"STUDY-0561","Causal","Random error","sample_ach","validity","OK",TRUE,"Yes",0
"STUDY-0561","Causal","Selection bias","base_sel","validity","OK",TRUE,"No baseline selection bias from investigator",0
"STUDY-0561","Causal","Selection bias","comp_dis","reporting","NA",TRUE,"",0
"STUDY-0561","Causal","Selection bias","ltfu_bias","reporting","OK",TRUE,"No",0
"STUDY-0561","Causal","Measurement bias","val_outcome","validity","NA",TRUE,"This type of objective measurement does not usually require validation (e.g., surgical intervention)",0
"STUDY-0561","Causal","Measurement bias","out_bias_acc","validity","VAL",TRUE,"No",1
"STUDY-0561","Causal","Measurement bias","diff_or_nondiff_out","validity","OK",TRUE,"Non-differential with respect to the exposure",0
"STUDY-0561","Causal","Measurement bias","val_exposure","validity","NA",TRUE,"This type of objective measurement does not usually require validation (e.g., surgical intervention)",0
"STUDY-0561","Causal","Measurement bias","exp_bias_acc","validity","VAL",TRUE,"No",1
"STUDY-0561","Causal","Measurement bias","diff_or_nondiff_exp","validity","OK",TRUE,"Non-differential with respect to the outcome",0
"STUDY-0561","Causal","Measurement bias","dep_or_indep_misc","validity","OK",TRUE,"Independent",0
"STUDY-0561","Causal","Confounding bias","base_conf_meth","validity","OK",TRUE,"Randomization",0
"STUDY-0561","Causal","Confounding bias","conf_var_det","validity","VAL",TRUE,"Based on previous literature",0.3333333
"STUDY-0561","Causal","Confounding bias","tv_conf_meth","validity","NA",TRUE,"No || ",0
"STUDY-0561","Causal","Missing data","miss_outcome","reporting","OK",TRUE,"No",0
"STUDY-0561","Causal","Missing data","miss_exposure","reporting","OK",TRUE,"No",0
"STUDY-0561","Causal","Mentioning errors","err_disc","reporting","OK",TRUE,"Random error",0
"STUDY-0130","Descriptive","Random error","sample_size","reporting","OK",TRUE,"Yes",0
"STUDY-0130","Descriptive","Random error","acc_sampl","validity","VAL",TRUE,"No",1
"STUDY-0130","Descriptive","Random error","sample_ach","validity","OK",TRUE,"Yes",0
"STUDY-0130","Descriptive","Selection bias","base_sel","validity","VAL",TRUE,"No",1
"STUDY-0130","Descriptive","Measurement bias","val_outcome","validity","VAL",TRUE,"Yes, the authors conducted content/face validity or cited the content/face validity from other studies",0.5
"STUDY-0130","Descriptive","Measurement bias","out_bias_acc","validity","VAL",TRUE,"No",1
"STUDY-0130","Descriptive","Missing data","miss_outcome","reporting","OK",TRUE,"No",0
"STUDY-0130","Descriptive","Mentioning errors","err_disc","reporting","REP",TRUE,"None of the above",0
"STUDY-0130","Descriptive","Conflating task","confl_task","validity","OK",TRUE,"No",0
"STUDY-0083","Causal","Random error","sample_size","reporting","REP",TRUE,"No",0
"STUDY-0083","Causal","Random error","acc_sampl","validity","NA",TRUE,"",0
"STUDY-0083","Causal","Random error","sample_ach","validity","NA",TRUE,"",0
"STUDY-0083","Causal","Selection bias","base_sel","validity","VAL",TRUE,"No",1
"STUDY-0083","Causal","Selection bias","comp_dis","reporting","REP",TRUE,"No",0
"STUDY-0083","Causal","Selection bias","ltfu_bias","reporting","REP",TRUE,"Not reported or unknown",0
"STUDY-0083","Causal","Measurement bias","val_outcome","validity","VAL",TRUE,"No",1
"STUDY-0083","Causal","Measurement bias","out_bias_acc","validity","VAL",TRUE,"No",1
"STUDY-0083","Causal","Measurement bias","diff_or_nondiff_out","validity","OK",TRUE,"Non-differential with respect to the exposure",0
"STUDY-0083","Causal","Measurement bias","val_exposure","validity","NA",TRUE,"This type of objective measurement does not usually require validation (e.g., surgical intervention)",0
"STUDY-0083","Causal","Measurement bias","exp_bias_acc","validity","VAL",TRUE,"No",1
"STUDY-0083","Causal","Measurement bias","diff_or_nondiff_exp","validity","OK",TRUE,"Non-differential with respect to the outcome",0
"STUDY-0083","Causal","Measurement bias","dep_or_indep_misc","validity","OK",TRUE,"Independent",0
"STUDY-0083","Causal","Confounding bias","base_conf_meth","validity","OK",TRUE,"Regression",0
"STUDY-0083","Causal","Confounding bias","conf_var_det","validity","VAL",TRUE,"Based on none of the above",0.6666667
"STUDY-0083","Causal","Confounding bias","tv_conf_meth","validity","NA",TRUE,"No || skipped",0
"STUDY-0083","Causal","Missing data","miss_outcome","reporting","REP",TRUE,"Not reported or unknown",0
"STUDY-0083","Causal","Missing data","miss_exposure","reporting","OK",TRUE,"No",0
"STUDY-0083","Causal","Mentioning errors","err_disc","reporting","REP",TRUE,"None of the above",0
"STUDY-0633","Causal","Random error","sample_size","reporting","REP",TRUE,"No",0
"STUDY-0633","Causal","Random error","acc_sampl","validity","NA",TRUE,"",0
"STUDY-0633","Causal","Random error","sample_ach","validity","NA",TRUE,"",0
"STUDY-0633","Causal","Selection bias","base_sel","validity","VAL",TRUE,"No",1
"STUDY-0633","Causal","Selection bias","comp_dis","reporting","REP",TRUE,"No",0
"STUDY-0633","Causal","Measurement bias","val_outcome","validity","VAL",TRUE,"Yes, the authors conducted content/face validity or cited the content/face validity from other studies",0.5
"STUDY-0633","Causal","Measurement bias","out_bias_acc","validity","VAL",TRUE,"No",1
"STUDY-0633","Causal","Measurement bias","diff_or_nondiff_out","validity","OK",TRUE,"Non-differential with respect to the exposure",0
"STUDY-0633","Causal","Measurement bias","val_exposure","validity","VAL",TRUE,"Yes, the authors conducted content/face validity or cited the content/face validity from other studies",0.5
"STUDY-0633","Causal","Measurement bias","exp_bias_acc","validity","VAL",TRUE,"No",1
"STUDY-0633","Causal","Measurement bias","diff_or_nondiff_exp","validity","OK",TRUE,"Non-differential with respect to the outcome",0
"STUDY-0633","Causal","Measurement bias","dep_or_indep_misc","validity","VAL",TRUE,"Dependent",1
"STUDY-0633","Causal","Confounding bias","base_conf_meth","validity","OK",TRUE,"Regression",0
"STUDY-0633","Causal","Confounding bias","conf_var_det","validity","VAL",TRUE,"Based on previous literature",0.3333333
"STUDY-0633","Causal","Confounding bias","tv_conf_meth","validity","NA",TRUE,"No || ",0
"STUDY-0633","Causal","Missing data","miss_outcome","reporting","OK",TRUE,"No",0
"STUDY-0633","Causal","Missing data","miss_exposure","reporting","OK",TRUE,"No",0
"STUDY-0633","Causal","Mentioning errors","err_disc","reporting","OK",TRUE,"Selection bias",0
"STUDY-0876","Causal","Random error","sample_size","reporting","REP",TRUE,"No",0
"STUDY-0876","Causal","Random error","acc_sampl","validity","NA",TRUE,"",0
"STUDY-0876","Causal","Random error","sample_ach","validity","NA",TRUE,"",0
"STUDY-0876","Causal","Selection bias","base_sel","validity","VAL",TRUE,"No",1
"STUDY-0876","Causal","Selection bias","comp_dis","reporting","REP",TRUE,"No",0
"STUDY-0876","Causal","Measurement bias","val_outcome","validity","VAL",TRUE,"Yes, the authors conducted content/face validity or cited the content/face validity from other studies",0.5
"STUDY-0876","Causal","Measurement bias","out_bias_acc","validity","VAL",TRUE,"No",1
"STUDY-0876","Causal","Measurement bias","diff_or_nondiff_out","validity","OK",TRUE,"Non-differential with respect to the exposure",0
"STUDY-0876","Causal","Measurement bias","val_exposure","validity","VAL",TRUE,"No",1
"STUDY-0876","Causal","Measurement bias","exp_bias_acc","validity","VAL",TRUE,"No",1
"STUDY-0876","Causal","Measurement bias","diff_or_nondiff_exp","validity","OK",TRUE,"Non-differential with respect to the outcome",0
"STUDY-0876","Causal","Measurement bias","dep_or_indep_misc","validity","VAL",TRUE,"Dependent",1
"STUDY-0876","Causal","Confounding bias","base_conf_meth","validity","VAL",TRUE,"No adjustment for baseline confounding was done",1
"STUDY-0876","Causal","Confounding bias","conf_var_det","validity","NA",TRUE,"No adjustment for baseline and time-varying confounding was done",0
"STUDY-0876","Causal","Confounding bias","tv_conf_meth","validity","NA",TRUE,"No || ",0
"STUDY-0876","Causal","Missing data","miss_outcome","reporting","OK",TRUE,"No",0
"STUDY-0876","Causal","Missing data","miss_exposure","reporting","OK",TRUE,"No",0
"STUDY-0876","Causal","Mentioning errors","err_disc","reporting","OK",TRUE,"Selection bias;Confounding bias",0
"STUDY-0669","Causal","Random error","sample_size","reporting","OK",TRUE,"Yes",0
"STUDY-0669","Causal","Random error","acc_sampl","validity","OK",TRUE,"Yes",0
"STUDY-0669","Causal","Random error","sample_ach","validity","VAL",TRUE,"No",1
"STUDY-0669","Causal","Selection bias","base_sel","validity","VAL",TRUE,"No",1
"STUDY-0669","Causal","Selection bias","comp_dis","reporting","REP",TRUE,"No",0
"STUDY-0669","Causal","Selection bias","ltfu_bias","reporting","OK",TRUE,"Yes",0
"STUDY-0669","Causal","Selection bias","ltfu_acc","validity","VAL",TRUE,"No",1
"STUDY-0669","Causal","Measurement bias","val_outcome","validity","OK",TRUE,"Yes, the authors conducted criterion validity or cited the criterion validity from other studies",0
"STUDY-0669","Causal","Measurement bias","out_bias_acc","validity","VAL",TRUE,"No",1
"STUDY-0669","Causal","Measurement bias","diff_or_nondiff_out","validity","VAL",TRUE,"Differential with respect to the exposure",1
"STUDY-0669","Causal","Measurement bias","val_exposure","validity","NA",TRUE,"This type of objective measurement does not usually require validation (e.g., surgical intervention)",0
"STUDY-0669","Causal","Measurement bias","exp_bias_acc","validity","VAL",TRUE,"No",1
"STUDY-0669","Causal","Measurement bias","diff_or_nondiff_exp","validity","OK",TRUE,"Non-differential with respect to the outcome",0
"STUDY-0669","Causal","Measurement bias","dep_or_indep_misc","validity","OK",TRUE,"Independent",0
"STUDY-0669","Causal","Confounding bias","base_conf_meth","validity","OK",TRUE,"Randomization",0
"STUDY-0669","Causal","Confounding bias","conf_var_det","validity","NA",TRUE,"No adjustment for baseline and time-varying confounding was done",0
"STUDY-0669","Causal","Confounding bias","tv_conf_meth","validity","NA",TRUE,"No || ",0
"STUDY-0669","Causal","Missing data","miss_outcome","reporting","OK",TRUE,"Yes",0
"STUDY-0669","Causal","Missing data","hand_miss_outcom","validity","VAL",TRUE,"No",1
"STUDY-0669","Causal","Missing data","miss_exposure","reporting","OK",TRUE,"No",0
"STUDY-0669","Causal","Mentioning errors","err_disc","reporting","OK",TRUE,"Measurement bias",0
"STUDY-0074","Descriptive","Selection bias","base_sel","validity","OK",TRUE,"No baseline selection bias from investigator",0
"STUDY-0074","Descriptive","Measurement bias","val_outcome","validity","VAL",TRUE,"No",1
"STUDY-0074","Descriptive","Measurement bias","out_bias_acc","validity","VAL",TRUE,"No",1
"STUDY-0074","Descriptive","Missing data","miss_outcome","reporting","OK",TRUE,"No",0
"STUDY-0074","Descriptive","Mentioning errors","err_disc","reporting","OK",TRUE,"Random error;Selection bias",0
"STUDY-0074","Descriptive","Conflating task","confl_task","validity","VAL",TRUE,"Yes",1
"STUDY-0055","Descriptive","Random error","sample_size","reporting","REP",TRUE,"No",0
"STUDY-0055","Descriptive","Random error","acc_sampl","validity","NA",TRUE,"",0
"STUDY-0055","Descriptive","Random error","sample_ach","validity","NA",TRUE,"",0
"STUDY-0055","Descriptive","Selection bias","base_sel","validity","VAL",TRUE,"No",1
"STUDY-0055","Descriptive","Measurement bias","val_outcome","validity","OK",TRUE,"Yes, the authors conducted criterion validity or cited the criterion validity from other studies",0
"STUDY-0055","Descriptive","Measurement bias","out_bias_acc","validity","VAL",TRUE,"No",1
"STUDY-0055","Descriptive","Missing data","miss_outcome","reporting","OK",TRUE,"No",0
"STUDY-0055","Descriptive","Mentioning errors","err_disc","reporting","OK",TRUE,"Selection bias;Measurement bias",0
"STUDY-0055","Descriptive","Conflating task","confl_task","validity","VAL",TRUE,"Yes",1
"STUDY-0722","Descriptive","Random error","sample_size","reporting","REP",TRUE,"No",0
"STUDY-0722","Descriptive","Random error","acc_sampl","validity","NA",TRUE,"",0
"STUDY-0722","Descriptive","Random error","sample_ach","validity","NA",TRUE,"",0
"STUDY-0722","Descriptive","Selection bias","base_sel","validity","VAL",TRUE,"No",1
"STUDY-0722","Descriptive","Measurement bias","val_outcome","validity","VAL",TRUE,"Yes, the authors conducted content/face validity or cited the content/face validity from other studies",0.5
"STUDY-0722","Descriptive","Measurement bias","out_bias_acc","validity","VAL",TRUE,"No",1
"STUDY-0722","Descriptive","Missing data","miss_outcome","reporting","OK",TRUE,"No",0
"STUDY-0722","Descriptive","Mentioning errors","err_disc","reporting","REP",TRUE,"None of the above",0
"STUDY-0722","Descriptive","Conflating task","confl_task","validity","VAL",TRUE,"Yes",1
"STUDY-0947","Descriptive","Random error","sample_size","reporting","REP",TRUE,"No",0
"STUDY-0947","Descriptive","Random error","acc_sampl","validity","NA",TRUE,"",0
"STUDY-0947","Descriptive","Random error","sample_ach","validity","NA",TRUE,"",0
"STUDY-0947","Descriptive","Selection bias","base_sel","validity","VAL",TRUE,"No",1
"STUDY-0947","Descriptive","Measurement bias","val_outcome","validity","OK",TRUE,"Yes, the authors conducted criterion validity or cited the criterion validity from other studies",0
"STUDY-0947","Descriptive","Measurement bias","out_bias_acc","validity","VAL",TRUE,"No",1
"STUDY-0947","Descriptive","Missing data","miss_outcome","reporting","OK",TRUE,"No",0
"STUDY-0947","Descriptive","Mentioning errors","err_disc","reporting","REP",TRUE,"None of the above",0
"STUDY-0947","Descriptive","Conflating task","confl_task","validity","OK",TRUE,"No",0
"STUDY-0245","Descriptive","Selection bias","base_sel","validity","VAL",TRUE,"No",1
"STUDY-0245","Descriptive","Measurement bias","val_outcome","validity","VAL",TRUE,"No",1
"STUDY-0245","Descriptive","Measurement bias","out_bias_acc","validity","VAL",TRUE,"No",1
"STUDY-0245","Descriptive","Missing data","miss_outcome","reporting","OK",TRUE,"No",0
"STUDY-0245","Descriptive","Mentioning errors","err_disc","reporting","REP",TRUE,"None of the above",0
"STUDY-0245","Descriptive","Conflating task","confl_task","validity","VAL",TRUE,"Yes",1
"STUDY-0379","Causal","Random error","sample_size","reporting","OK",TRUE,"Yes",0
"STUDY-0379","Causal","Random error","acc_sampl","validity","OK",TRUE,"Yes",0
"STUDY-0379","Causal","Random error","sample_ach","validity","OK",TRUE,"Yes",0
"STUDY-0379","Causal","Selection bias","base_sel","validity","VAL",TRUE,"No",1
"STUDY-0379","Causal","Selection bias","comp_dis","reporting","REP",TRUE,"No",0
"STUDY-0379","Causal","Measurement bias","val_outcome","validity","OK",TRUE,"Yes, the authors conducted criterion validity or cited the criterion validity from other studies",0
"STUDY-0379","Causal","Measurement bias","out_bias_acc","validity","VAL",TRUE,"No",1
"STUDY-0379","Causal","Measurement bias","diff_or_nondiff_out","validity","OK",TRUE,"Non-differential with respect to the exposure",0
"STUDY-0379","Causal","Measurement bias","val_exposure","validity","NA",TRUE,"This type of objective measurement does not usually require validation (e.g., surgical intervention)",0
"STUDY-0379","Causal","Measurement bias","exp_bias_acc","validity","VAL",TRUE,"No",1
"STUDY-0379","Causal","Measurement bias","diff_or_nondiff_exp","validity","OK",TRUE,"Non-differential with respect to the outcome",0
"STUDY-0379","Causal","Measurement bias","dep_or_indep_misc","validity","OK",TRUE,"Independent",0
"STUDY-0379","Causal","Confounding bias","base_conf_meth","validity","VAL",TRUE,"No adjustment for baseline confounding was done",1
"STUDY-0379","Causal","Confounding bias","conf_var_det","validity","NA",TRUE,"No adjustment for baseline and time-varying confounding was done",0
"STUDY-0379","Causal","Confounding bias","tv_conf_meth","validity","NA",TRUE,"No || ",0
"STUDY-0379","Causal","Missing data","miss_outcome","reporting","OK",TRUE,"No",0
"STUDY-0379","Causal","Missing data","miss_exposure","reporting","OK",TRUE,"Yes",0
"STUDY-0379","Causal","Missing data","hand_miss_exposure","validity","VAL",TRUE,"Yes, single imputation with mean value",0.5
"STUDY-0379","Causal","Mentioning errors","err_disc","reporting","OK",TRUE,"Measurement bias",0
"STUDY-0887","Causal","Random error","sample_size","reporting","REP",TRUE,"No",0
"STUDY-0887","Causal","Random error","acc_sampl","validity","NA",TRUE,"",0
"STUDY-0887","Causal","Random error","sample_ach","validity","NA",TRUE,"",0
"STUDY-0887","Causal","Selection bias","base_sel","validity","VAL",TRUE,"No",1
"STUDY-0887","Causal","Selection bias","comp_dis","reporting","REP",TRUE,"No",0
"STUDY-0887","Causal","Measurement bias","val_outcome","validity","VAL",TRUE,"Yes, the authors conducted content/face validity or cited the content/face validity from other studies",0.5
"STUDY-0887","Causal","Measurement bias","out_bias_acc","validity","VAL",TRUE,"No",1
"STUDY-0887","Causal","Measurement bias","diff_or_nondiff_out","validity","VAL",TRUE,"Differential with respect to the exposure",1
"STUDY-0887","Causal","Measurement bias","val_exposure","validity","NA",TRUE,"This type of objective measurement does not usually require validation (e.g., surgical intervention)",0
"STUDY-0887","Causal","Measurement bias","exp_bias_acc","validity","VAL",TRUE,"No",1
"STUDY-0887","Causal","Measurement bias","diff_or_nondiff_exp","validity","VAL",TRUE,"Differential with respect to the outcome",1
"STUDY-0887","Causal","Measurement bias","dep_or_indep_misc","validity","OK",TRUE,"Independent",0
"STUDY-0887","Causal","Confounding bias","base_conf_meth","validity","VAL",TRUE,"No adjustment for baseline confounding was done",1
"STUDY-0887","Causal","Confounding bias","conf_var_det","validity","NA",TRUE,"No adjustment for baseline and time-varying confounding was done",0
"STUDY-0887","Causal","Confounding bias","tv_conf_meth","validity","NA",TRUE,"No || ",0
"STUDY-0887","Causal","Missing data","miss_outcome","reporting","OK",TRUE,"No",0
"STUDY-0887","Causal","Missing data","miss_exposure","reporting","OK",TRUE,"No",0
"STUDY-0887","Causal","Mentioning errors","err_disc","reporting","OK",TRUE,"Random error;Selection bias;Measurement bias;Missing data",0
"STUDY-0695","Causal","Random error","sample_size","reporting","REP",TRUE,"No",0
"STUDY-0695","Causal","Random error","acc_sampl","validity","NA",TRUE,"",0
"STUDY-0695","Causal","Random error","sample_ach","validity","NA",TRUE,"",0
"STUDY-0695","Causal","Selection bias","base_sel","validity","VAL",TRUE,"No",1
"STUDY-0695","Causal","Selection bias","comp_dis","reporting","REP",TRUE,"No",0
"STUDY-0695","Causal","Measurement bias","val_outcome","validity","OK",TRUE,"Yes, the authors conducted criterion validity or cited the criterion validity from other studies",0
"STUDY-0695","Causal","Measurement bias","out_bias_acc","validity","VAL",TRUE,"No",1
"STUDY-0695","Causal","Measurement bias","diff_or_nondiff_out","validity","OK",TRUE,"Non-differential with respect to the exposure",0
"STUDY-0695","Causal","Measurement bias","val_exposure","validity","OK",TRUE,"Yes, the authors conducted criterion validity or cited the criterion validity from other studies",0
"STUDY-0695","Causal","Measurement bias","exp_bias_acc","validity","VAL",TRUE,"No",1
"STUDY-0695","Causal","Measurement bias","diff_or_nondiff_exp","validity","OK",TRUE,"Non-differential with respect to the outcome",0
"STUDY-0695","Causal","Measurement bias","dep_or_indep_misc","validity","OK",TRUE,"Independent",0
"STUDY-0695","Causal","Confounding bias","base_conf_meth","validity","OK",TRUE,"Regression",0
"STUDY-0695","Causal","Confounding bias","conf_var_det","validity","VAL",TRUE,"Based on none of the above",0.6666667
"STUDY-0695","Causal","Confounding bias","tv_conf_meth","validity","NA",TRUE,"No || ",0
"STUDY-0695","Causal","Missing data","miss_outcome","reporting","REP",TRUE,"Not reported or unknown",0
"STUDY-0695","Causal","Missing data","miss_exposure","reporting","REP",TRUE,"Not reported or unknown",0
"STUDY-0695","Causal","Mentioning errors","err_disc","reporting","OK",TRUE,"Measurement bias",0
"STUDY-0762","Causal","Selection bias","base_sel","validity","OK",TRUE,"No baseline selection bias from investigator",0
"STUDY-0762","Causal","Selection bias","comp_dis","reporting","NA",TRUE,"",0
"STUDY-0762","Causal","Measurement bias","val_outcome","validity","VAL",TRUE,"Yes, the authors conducted content/face validity or cited the content/face validity from other studies",0.5
"STUDY-0762","Causal","Measurement bias","out_bias_acc","validity","VAL",TRUE,"No",1
"STUDY-0762","Causal","Measurement bias","diff_or_nondiff_out","validity","VAL",TRUE,"Differential with respect to the exposure",1
"STUDY-0762","Causal","Measurement bias","val_exposure","validity","VAL",TRUE,"No",1
"STUDY-0762","Causal","Measurement bias","exp_bias_acc","validity","VAL",TRUE,"No",1
"STUDY-0762","Causal","Measurement bias","diff_or_nondiff_exp","validity","OK",TRUE,"Non-differential with respect to the outcome",0
"STUDY-0762","Causal","Measurement bias","dep_or_indep_misc","validity","VAL",TRUE,"Dependent",1
"STUDY-0762","Causal","Confounding bias","base_conf_meth","validity","OK",TRUE,"Regression",0
"STUDY-0762","Causal","Confounding bias","conf_var_det","validity","VAL",TRUE,"Based on none of the above",0.6666667
"STUDY-0762","Causal","Confounding bias","tv_conf_meth","validity","NA",TRUE,"No || ",0
"STUDY-0762","Causal","Missing data","miss_outcome","reporting","OK",TRUE,"No",0
"STUDY-0762","Causal","Missing data","miss_exposure","reporting","OK",TRUE,"No",0
"STUDY-0762","Causal","Mentioning errors","err_disc","reporting","REP",TRUE,"None of the above",0
"STUDY-0823","Causal","Random error","sample_size","reporting","REP",TRUE,"No",0
"STUDY-0823","Causal","Random error","acc_sampl","validity","NA",TRUE,"",0
"STUDY-0823","Causal","Random error","sample_ach","validity","NA",TRUE,"",0
"STUDY-0823","Causal","Selection bias","base_sel","validity","VAL",TRUE,"No",1
"STUDY-0823","Causal","Selection bias","comp_dis","reporting","REP",TRUE,"No",0
"STUDY-0823","Causal","Measurement bias","val_outcome","validity","VAL",TRUE,"Yes, the authors conducted content/face validity or cited the content/face validity from other studies",0.5
"STUDY-0823","Causal","Measurement bias","out_bias_acc","validity","VAL",TRUE,"No",1
"STUDY-0823","Causal","Measurement bias","diff_or_nondiff_out","validity","OK",TRUE,"Non-differential with respect to the exposure",0
"STUDY-0823","Causal","Measurement bias","val_exposure","validity","VAL",TRUE,"Yes, the authors conducted content/face validity or cited the content/face validity from other studies",0.5
"STUDY-0823","Causal","Measurement bias","exp_bias_acc","validity","VAL",TRUE,"No",1
"STUDY-0823","Causal","Measurement bias","diff_or_nondiff_exp","validity","OK",TRUE,"Non-differential with respect to the outcome",0
"STUDY-0823","Causal","Measurement bias","dep_or_indep_misc","validity","VAL",TRUE,"Dependent",1
"STUDY-0823","Causal","Confounding bias","base_conf_meth","validity","OK",TRUE,"Regression",0
"STUDY-0823","Causal","Confounding bias","conf_var_det","validity","VAL",TRUE,"Based on statistical criteria",0.6666667
"STUDY-0823","Causal","Confounding bias","tv_conf_meth","validity","NA",TRUE,"No || ",0
"STUDY-0823","Causal","Missing data","miss_outcome","reporting","REP",TRUE,"Not reported or unknown",0
"STUDY-0823","Causal","Missing data","miss_exposure","reporting","REP",TRUE,"Not reported or unknown",0
"STUDY-0823","Causal","Mentioning errors","err_disc","reporting","REP",TRUE,"None of the above",0
"STUDY-0536","Causal","Random error","sample_size","reporting","OK",TRUE,"Yes",0
"STUDY-0536","Causal","Random error","acc_sampl","validity","VAL",TRUE,"No",1
"STUDY-0536","Causal","Random error","sample_ach","validity","OK",TRUE,"Yes",0
"STUDY-0536","Causal","Selection bias","base_sel","validity","VAL",TRUE,"No",1
"STUDY-0536","Causal","Selection bias","comp_dis","reporting","REP",TRUE,"No",0
"STUDY-0536","Causal","Measurement bias","val_outcome","validity","OK",TRUE,"Yes, the authors conducted criterion validity or cited the criterion validity from other studies",0
"STUDY-0536","Causal","Measurement bias","out_bias_acc","validity","VAL",TRUE,"No",1
"STUDY-0536","Causal","Measurement bias","diff_or_nondiff_out","validity","OK",TRUE,"Non-differential with respect to the exposure",0
"STUDY-0536","Causal","Measurement bias","val_exposure","validity","NA",TRUE,"This type of objective measurement does not usually require validation (e.g., surgical intervention)",0
"STUDY-0536","Causal","Measurement bias","exp_bias_acc","validity","VAL",TRUE,"No",1
"STUDY-0536","Causal","Measurement bias","diff_or_nondiff_exp","validity","OK",TRUE,"Non-differential with respect to the outcome",0
"STUDY-0536","Causal","Measurement bias","dep_or_indep_misc","validity","VAL",TRUE,"Dependent",1
"STUDY-0536","Causal","Confounding bias","base_conf_meth","validity","OK",TRUE,"Regression",0
"STUDY-0536","Causal","Confounding bias","conf_var_det","validity","VAL",TRUE,"Based on none of the above",0.6666667
"STUDY-0536","Causal","Confounding bias","tv_conf_meth","validity","NA",TRUE,"No || ",0
"STUDY-0536","Causal","Missing data","miss_outcome","reporting","OK",TRUE,"No",0
"STUDY-0536","Causal","Missing data","miss_exposure","reporting","OK",TRUE,"No",0
"STUDY-0536","Causal","Mentioning errors","err_disc","reporting","REP",TRUE,"None of the above",0
"STUDY-0650","Causal","Selection bias","base_sel","validity","VAL",TRUE,"No",1
"STUDY-0650","Causal","Selection bias","comp_dis","reporting","REP",TRUE,"No",0
"STUDY-0650","Causal","Measurement bias","val_outcome","validity","OK",TRUE,"Yes, the authors conducted criterion validity or cited the criterion validity from other studies",0
"STUDY-0650","Causal","Measurement bias","out_bias_acc","validity","VAL",TRUE,"No",1
"STUDY-0650","Causal","Measurement bias","diff_or_nondiff_out","validity","OK",TRUE,"Non-differential with respect to the exposure",0
"STUDY-0650","Causal","Measurement bias","val_exposure","validity","NA",TRUE,"This type of objective measurement does not usually require validation (e.g., surgical intervention)",0
"STUDY-0650","Causal","Measurement bias","exp_bias_acc","validity","VAL",TRUE,"No",1
"STUDY-0650","Causal","Measurement bias","diff_or_nondiff_exp","validity","OK",TRUE,"Non-differential with respect to the outcome",0
"STUDY-0650","Causal","Measurement bias","dep_or_indep_misc","validity","OK",TRUE,"Independent",0
"STUDY-0650","Causal","Confounding bias","base_conf_meth","validity","VAL",TRUE,"No adjustment for baseline confounding was done",1
"STUDY-0650","Causal","Confounding bias","conf_var_det","validity","NA",TRUE,"No adjustment for baseline and time-varying confounding was done",0
"STUDY-0650","Causal","Confounding bias","tv_conf_meth","validity","NA",TRUE,"No || ",0
"STUDY-0650","Causal","Missing data","miss_outcome","reporting","REP",TRUE,"Not reported or unknown",0
"STUDY-0650","Causal","Missing data","miss_exposure","reporting","OK",TRUE,"No",0
"STUDY-0650","Causal","Mentioning errors","err_disc","reporting","OK",TRUE,"Selection bias;Measurement bias",0
"STUDY-0273","Causal","Random error","sample_size","reporting","OK",TRUE,"Yes",0
"STUDY-0273","Causal","Random error","acc_sampl","validity","VAL",TRUE,"No",1
"STUDY-0273","Causal","Random error","sample_ach","validity","OK",TRUE,"Yes",0
"STUDY-0273","Causal","Selection bias","base_sel","validity","VAL",TRUE,"No",1
"STUDY-0273","Causal","Selection bias","comp_dis","reporting","REP",TRUE,"No",0
"STUDY-0273","Causal","Measurement bias","val_outcome","validity","VAL",TRUE,"Yes, the authors conducted content/face validity or cited the content/face validity from other studies",0.5
"STUDY-0273","Causal","Measurement bias","out_bias_acc","validity","VAL",TRUE,"No",1
"STUDY-0273","Causal","Measurement bias","diff_or_nondiff_out","validity","OK",TRUE,"Non-differential with respect to the exposure",0
"STUDY-0273","Causal","Measurement bias","val_exposure","validity","VAL",TRUE,"Yes, the authors conducted content/face validity or cited the content/face validity from other studies",0.5
"STUDY-0273","Causal","Measurement bias","exp_bias_acc","validity","VAL",TRUE,"No",1
"STUDY-0273","Causal","Measurement bias","diff_or_nondiff_exp","validity","OK",TRUE,"Non-differential with respect to the outcome",0
"STUDY-0273","Causal","Measurement bias","dep_or_indep_misc","validity","VAL",TRUE,"Dependent",1
"STUDY-0273","Causal","Confounding bias","base_conf_meth","validity","OK",TRUE,"Regression",0
"STUDY-0273","Causal","Confounding bias","conf_var_det","validity","VAL",TRUE,"Based on previous literature",0.3333333
"STUDY-0273","Causal","Confounding bias","tv_conf_meth","validity","NA",TRUE,"No || ",0
"STUDY-0273","Causal","Missing data","miss_outcome","reporting","REP",TRUE,"Not reported or unknown",0
"STUDY-0273","Causal","Missing data","miss_exposure","reporting","OK",TRUE,"Yes",0
"STUDY-0273","Causal","Missing data","hand_miss_exposure","validity","VAL",TRUE,"No",1
"STUDY-0273","Causal","Mentioning errors","err_disc","reporting","OK",TRUE,"Selection bias;Measurement bias",0
"STUDY-0961","Causal","Random error","sample_size","reporting","REP",TRUE,"No",0
"STUDY-0961","Causal","Random error","acc_sampl","validity","NA",TRUE,"",0
"STUDY-0961","Causal","Random error","sample_ach","validity","NA",TRUE,"",0
"STUDY-0961","Causal","Selection bias","base_sel","validity","VAL",TRUE,"No",1
"STUDY-0961","Causal","Selection bias","comp_dis","reporting","REP",TRUE,"No",0
"STUDY-0961","Causal","Measurement bias","val_outcome","validity","VAL",TRUE,"Yes, the authors conducted content/face validity or cited the content/face validity from other studies",0.5
"STUDY-0961","Causal","Measurement bias","out_bias_acc","validity","VAL",TRUE,"No",1
"STUDY-0961","Causal","Measurement bias","diff_or_nondiff_out","validity","OK",TRUE,"Non-differential with respect to the exposure",0
"STUDY-0961","Causal","Measurement bias","val_exposure","validity","VAL",TRUE,"No",1
"STUDY-0961","Causal","Measurement bias","exp_bias_acc","validity","VAL",TRUE,"No",1
"STUDY-0961","Causal","Measurement bias","diff_or_nondiff_exp","validity","OK",TRUE,"Non-differential with respect to the outcome",0
"STUDY-0961","Causal","Measurement bias","dep_or_indep_misc","validity","VAL",TRUE,"Dependent",1
"STUDY-0961","Causal","Confounding bias","base_conf_meth","validity","VAL",TRUE,"No adjustment for baseline confounding was done",1
"STUDY-0961","Causal","Confounding bias","conf_var_det","validity","NA",TRUE,"No adjustment for baseline and time-varying confounding was done",0
"STUDY-0961","Causal","Confounding bias","tv_conf_meth","validity","NA",TRUE,"No || ",0
"STUDY-0961","Causal","Missing data","miss_outcome","reporting","OK",TRUE,"No",0
"STUDY-0961","Causal","Missing data","miss_exposure","reporting","OK",TRUE,"No",0
"STUDY-0961","Causal","Mentioning errors","err_disc","reporting","OK",TRUE,"Measurement bias",0
"STUDY-0609","Causal","Random error","sample_size","reporting","OK",TRUE,"Yes",0
"STUDY-0609","Causal","Random error","acc_sampl","validity","VAL",TRUE,"No",1
"STUDY-0609","Causal","Random error","sample_ach","validity","OK",TRUE,"Yes",0
"STUDY-0609","Causal","Selection bias","base_sel","validity","VAL",TRUE,"No",1
"STUDY-0609","Causal","Selection bias","comp_dis","reporting","REP",TRUE,"No",0
"STUDY-0609","Causal","Measurement bias","val_outcome","validity","VAL",TRUE,"Yes, the authors conducted content/face validity or cited the content/face validity from other studies",0.5
"STUDY-0609","Causal","Measurement bias","out_bias_acc","validity","VAL",TRUE,"No",1
"STUDY-0609","Causal","Measurement bias","diff_or_nondiff_out","validity","VAL",TRUE,"Differential with respect to the exposure",1
"STUDY-0609","Causal","Measurement bias","val_exposure","validity","VAL",TRUE,"Yes, the authors conducted content/face validity or cited the content/face validity from other studies",0.5
"STUDY-0609","Causal","Measurement bias","exp_bias_acc","validity","VAL",TRUE,"No",1
"STUDY-0609","Causal","Measurement bias","diff_or_nondiff_exp","validity","VAL",TRUE,"Differential with respect to the outcome",1
"STUDY-0609","Causal","Measurement bias","dep_or_indep_misc","validity","VAL",TRUE,"Dependent",1
"STUDY-0609","Causal","Confounding bias","base_conf_meth","validity","VAL",TRUE,"No adjustment for baseline confounding was done",1
"STUDY-0609","Causal","Confounding bias","conf_var_det","validity","NA",TRUE,"No adjustment for baseline and time-varying confounding was done",0
"STUDY-0609","Causal","Confounding bias","tv_conf_meth","validity","NA",TRUE,"No || ",0
"STUDY-0609","Causal","Missing data","miss_outcome","reporting","OK",TRUE,"Yes",0
"STUDY-0609","Causal","Missing data","hand_miss_outcom","validity","VAL",TRUE,"No",1
"STUDY-0609","Causal","Missing data","miss_exposure","reporting","OK",TRUE,"No",0
"STUDY-0609","Causal","Mentioning errors","err_disc","reporting","OK",TRUE,"Measurement bias",0
"STUDY-0976","Causal","Random error","sample_size","reporting","REP",TRUE,"No",0
"STUDY-0976","Causal","Random error","acc_sampl","validity","NA",TRUE,"",0
"STUDY-0976","Causal","Random error","sample_ach","validity","NA",TRUE,"",0
"STUDY-0976","Causal","Selection bias","base_sel","validity","VAL",TRUE,"No",1
"STUDY-0976","Causal","Selection bias","comp_dis","reporting","REP",TRUE,"No",0
"STUDY-0976","Causal","Measurement bias","val_outcome","validity","VAL",TRUE,"Yes, the authors conducted content/face validity or cited the content/face validity from other studies",0.5
"STUDY-0976","Causal","Measurement bias","out_bias_acc","validity","VAL",TRUE,"No",1
"STUDY-0976","Causal","Measurement bias","diff_or_nondiff_out","validity","VAL",TRUE,"Differential with respect to the exposure",1
"STUDY-0976","Causal","Measurement bias","val_exposure","validity","NA",TRUE,"This type of objective measurement does not usually require validation (e.g., surgical intervention)",0
"STUDY-0976","Causal","Measurement bias","exp_bias_acc","validity","VAL",TRUE,"No",1
"STUDY-0976","Causal","Measurement bias","diff_or_nondiff_exp","validity","OK",TRUE,"Non-differential with respect to the outcome",0
"STUDY-0976","Causal","Measurement bias","dep_or_indep_misc","validity","VAL",TRUE,"Dependent",1
"STUDY-0976","Causal","Confounding bias","base_conf_meth","validity","VAL",TRUE,"No adjustment for baseline confounding was done",1
"STUDY-0976","Causal","Confounding bias","conf_var_det","validity","NA",TRUE,"No adjustment for baseline and time-varying confounding was done",0
"STUDY-0976","Causal","Confounding bias","tv_conf_meth","validity","NA",TRUE,"No || ",0
"STUDY-0976","Causal","Missing data","miss_outcome","reporting","OK",TRUE,"Yes",0
"STUDY-0976","Causal","Missing data","hand_miss_outcom","validity","VAL",TRUE,"No",1
"STUDY-0976","Causal","Missing data","miss_exposure","reporting","OK",TRUE,"No",0
"STUDY-0976","Causal","Mentioning errors","err_disc","reporting","OK",TRUE,"Selection bias",0
"STUDY-0282","Causal","Random error","sample_size","reporting","OK",TRUE,"Yes",0
"STUDY-0282","Causal","Random error","acc_sampl","validity","VAL",TRUE,"No",1
"STUDY-0282","Causal","Random error","sample_ach","validity","OK",TRUE,"Yes",0
"STUDY-0282","Causal","Selection bias","base_sel","validity","VAL",TRUE,"No",1
"STUDY-0282","Causal","Selection bias","comp_dis","reporting","REP",TRUE,"No",0
"STUDY-0282","Causal","Measurement bias","val_outcome","validity","NA",TRUE,"This type of objective measurement does not usually require validation (e.g., surgical intervention)",0
"STUDY-0282","Causal","Measurement bias","out_bias_acc","validity","VAL",TRUE,"No",1
"STUDY-0282","Causal","Measurement bias","diff_or_nondiff_out","validity","OK",TRUE,"Non-differential with respect to the exposure",0
"STUDY-0282","Causal","Measurement bias","val_exposure","validity","NA",TRUE,"This type of objective measurement does not usually require validation (e.g., surgical intervention)",0
"STUDY-0282","Causal","Measurement bias","exp_bias_acc","validity","VAL",TRUE,"No",1
"STUDY-0282","Causal","Measurement bias","diff_or_nondiff_exp","validity","OK",TRUE,"Non-differential with respect to the outcome",0
"STUDY-0282","Causal","Measurement bias","dep_or_indep_misc","validity","OK",TRUE,"Independent",0
"STUDY-0282","Causal","Confounding bias","base_conf_meth","validity","OK",TRUE,"Matching",0
"STUDY-0282","Causal","Confounding bias","conf_var_det","validity","VAL",TRUE,"Based on none of the above",0.6666667
"STUDY-0282","Causal","Confounding bias","tv_conf_meth","validity","NA",TRUE,"No || ",0
"STUDY-0282","Causal","Missing data","miss_outcome","reporting","OK",TRUE,"No",0
"STUDY-0282","Causal","Missing data","miss_exposure","reporting","OK",TRUE,"No",0
"STUDY-0282","Causal","Mentioning errors","err_disc","reporting","REP",TRUE,"None of the above",0
"STUDY-0867","Descriptive","Random error","sample_size","reporting","REP",TRUE,"No",0
"STUDY-0867","Descriptive","Random error","acc_sampl","validity","NA",TRUE,"",0
"STUDY-0867","Descriptive","Random error","sample_ach","validity","NA",TRUE,"",0
"STUDY-0867","Descriptive","Selection bias","base_sel","validity","VAL",TRUE,"No",1
"STUDY-0867","Descriptive","Measurement bias","val_outcome","validity","OK",TRUE,"Yes, the authors conducted criterion validity or cited the criterion validity from other studies",0
"STUDY-0867","Descriptive","Measurement bias","out_bias_acc","validity","VAL",TRUE,"No",1
"STUDY-0867","Descriptive","Missing data","miss_outcome","reporting","OK",TRUE,"No",0
"STUDY-0867","Descriptive","Mentioning errors","err_disc","reporting","OK",TRUE,"Random error",0
"STUDY-0867","Descriptive","Conflating task","confl_task","validity","VAL",TRUE,"Yes",1
"STUDY-0794","Descriptive","Random error","sample_size","reporting","REP",TRUE,"No",0
"STUDY-0794","Descriptive","Random error","acc_sampl","validity","NA",TRUE,"",0
"STUDY-0794","Descriptive","Random error","sample_ach","validity","NA",TRUE,"",0
"STUDY-0794","Descriptive","Selection bias","base_sel","validity","VAL",TRUE,"No",1
"STUDY-0794","Descriptive","Measurement bias","val_outcome","validity","OK",TRUE,"Yes, the authors conducted criterion validity or cited the criterion validity from other studies",0
"STUDY-0794","Descriptive","Measurement bias","out_bias_acc","validity","VAL",TRUE,"No",1
"STUDY-0794","Descriptive","Missing data","miss_outcome","reporting","OK",TRUE,"No",0
"STUDY-0794","Descriptive","Mentioning errors","err_disc","reporting","REP",TRUE,"None of the above",0
"STUDY-0794","Descriptive","Conflating task","confl_task","validity","OK",TRUE,"No",0
"STUDY-0829","Causal","Random error","sample_size","reporting","OK",TRUE,"Yes",0
"STUDY-0829","Causal","Random error","acc_sampl","validity","VAL",TRUE,"No",1
"STUDY-0829","Causal","Random error","sample_ach","validity","OK",TRUE,"Yes",0
"STUDY-0829","Causal","Selection bias","base_sel","validity","OK",TRUE,"No baseline selection bias from investigator",0
"STUDY-0829","Causal","Selection bias","comp_dis","reporting","NA",TRUE,"",0
"STUDY-0829","Causal","Selection bias","ltfu_bias","reporting","OK",TRUE,"No",0
"STUDY-0829","Causal","Measurement bias","val_outcome","validity","NA",TRUE,"This type of objective measurement does not usually require validation (e.g., surgical intervention)",0
"STUDY-0829","Causal","Measurement bias","out_bias_acc","validity","VAL",TRUE,"No",1
"STUDY-0829","Causal","Measurement bias","diff_or_nondiff_out","validity","OK",TRUE,"Non-differential with respect to the exposure",0
"STUDY-0829","Causal","Measurement bias","val_exposure","validity","NA",TRUE,"This type of objective measurement does not usually require validation (e.g., surgical intervention)",0
"STUDY-0829","Causal","Measurement bias","exp_bias_acc","validity","VAL",TRUE,"No",1
"STUDY-0829","Causal","Measurement bias","diff_or_nondiff_exp","validity","OK",TRUE,"Non-differential with respect to the outcome",0
"STUDY-0829","Causal","Measurement bias","dep_or_indep_misc","validity","OK",TRUE,"Independent",0
"STUDY-0829","Causal","Confounding bias","base_conf_meth","validity","OK",TRUE,"Randomization",0
"STUDY-0829","Causal","Confounding bias","conf_var_det","validity","VAL",TRUE,"Based on statistical criteria",0.6666667
"STUDY-0829","Causal","Confounding bias","tv_conf_meth","validity","NA",TRUE,"No || ",0
"STUDY-0829","Causal","Missing data","miss_outcome","reporting","OK",TRUE,"No",0
"STUDY-0829","Causal","Missing data","miss_exposure","reporting","OK",TRUE,"No",0
"STUDY-0829","Causal","Mentioning errors","err_disc","reporting","REP",TRUE,"None of the above",0
"STUDY-0875","Descriptive","Random error","sample_size","reporting","OK",TRUE,"Yes",0
"STUDY-0875","Descriptive","Random error","acc_sampl","validity","VAL",TRUE,"No",1
"STUDY-0875","Descriptive","Random error","sample_ach","validity","OK",TRUE,"Yes",0
"STUDY-0875","Descriptive","Selection bias","base_sel","validity","VAL",TRUE,"No",1
"STUDY-0875","Descriptive","Measurement bias","val_outcome","validity","VAL",TRUE,"Yes, the authors conducted content/face validity or cited the content/face validity from other studies",0.5
"STUDY-0875","Descriptive","Measurement bias","out_bias_acc","validity","VAL",TRUE,"No",1
"STUDY-0875","Descriptive","Missing data","miss_outcome","reporting","OK",TRUE,"No",0
"STUDY-0875","Descriptive","Mentioning errors","err_disc","reporting","OK",TRUE,"Random error;Selection bias;Measurement bias",0
"STUDY-0875","Descriptive","Conflating task","confl_task","validity","VAL",TRUE,"Yes",1
"STUDY-0443","Causal","Random error","sample_size","reporting","REP",TRUE,"No",0
"STUDY-0443","Causal","Random error","acc_sampl","validity","NA",TRUE,"",0
"STUDY-0443","Causal","Random error","sample_ach","validity","NA",TRUE,"",0
"STUDY-0443","Causal","Selection bias","base_sel","validity","VAL",TRUE,"No",1
"STUDY-0443","Causal","Selection bias","comp_dis","reporting","REP",TRUE,"No",0
"STUDY-0443","Causal","Selection bias","ltfu_bias","reporting","REP",TRUE,"Not reported or unknown",0
"STUDY-0443","Causal","Measurement bias","val_outcome","validity","VAL",TRUE,"No",1
"STUDY-0443","Causal","Measurement bias","out_bias_acc","validity","VAL",TRUE,"No",1
"STUDY-0443","Causal","Measurement bias","diff_or_nondiff_out","validity","OK",TRUE,"Non-differential with respect to the exposure",0
"STUDY-0443","Causal","Measurement bias","val_exposure","validity","VAL",TRUE,"No",1
"STUDY-0443","Causal","Measurement bias","exp_bias_acc","validity","VAL",TRUE,"No",1
"STUDY-0443","Causal","Measurement bias","diff_or_nondiff_exp","validity","OK",TRUE,"Non-differential with respect to the outcome",0
"STUDY-0443","Causal","Measurement bias","dep_or_indep_misc","validity","OK",TRUE,"Independent",0
"STUDY-0443","Causal","Confounding bias","base_conf_meth","validity","VAL",TRUE,"No adjustment for baseline confounding was done",1
"STUDY-0443","Causal","Confounding bias","conf_var_det","validity","NA",TRUE,"No adjustment for baseline and time-varying confounding was done",0
"STUDY-0443","Causal","Confounding bias","tv_conf_meth","validity","NA",TRUE,"No || ",0
"STUDY-0443","Causal","Missing data","miss_outcome","reporting","OK",TRUE,"No",0
"STUDY-0443","Causal","Missing data","miss_exposure","reporting","OK",TRUE,"No",0
"STUDY-0443","Causal","Mentioning errors","err_disc","reporting","OK",TRUE,"Random error",0
"STUDY-0269","Causal","Selection bias","base_sel","validity","OK",TRUE,"No baseline selection bias from investigator",0
"STUDY-0269","Causal","Selection bias","comp_dis","reporting","NA",TRUE,"",0
"STUDY-0269","Causal","Selection bias","ltfu_bias","reporting","REP",TRUE,"Not reported or unknown",0
"STUDY-0269","Causal","Measurement bias","val_outcome","validity","NA",TRUE,"This type of objective measurement does not usually require validation (e.g., surgical intervention)",0
"STUDY-0269","Causal","Measurement bias","out_bias_acc","validity","VAL",TRUE,"No",1
"STUDY-0269","Causal","Measurement bias","diff_or_nondiff_out","validity","OK",TRUE,"Non-differential with respect to the exposure",0
"STUDY-0269","Causal","Measurement bias","val_exposure","validity","NA",TRUE,"This type of objective measurement does not usually require validation (e.g., surgical intervention)",0
"STUDY-0269","Causal","Measurement bias","exp_bias_acc","validity","VAL",TRUE,"No",1
"STUDY-0269","Causal","Measurement bias","diff_or_nondiff_exp","validity","OK",TRUE,"Non-differential with respect to the outcome",0
"STUDY-0269","Causal","Measurement bias","dep_or_indep_misc","validity","OK",TRUE,"Independent",0
"STUDY-0269","Causal","Confounding bias","base_conf_meth","validity","OK",TRUE,"Regression",0
"STUDY-0269","Causal","Confounding bias","conf_var_det","validity","VAL",TRUE,"Based on previous literature",0.3333333
"STUDY-0269","Causal","Confounding bias","tv_conf_meth","validity","NA",TRUE,"No || ",0
"STUDY-0269","Causal","Missing data","miss_outcome","reporting","OK",TRUE,"No",0
"STUDY-0269","Causal","Missing data","miss_exposure","reporting","OK",TRUE,"No",0
"STUDY-0269","Causal","Mentioning errors","err_disc","reporting","REP",TRUE,"None of the above",0
"STUDY-0241","Causal","Random error","sample_size","reporting","REP",TRUE,"No",0
"STUDY-0241","Causal","Random error","acc_sampl","validity","NA",TRUE,"",0
"STUDY-0241","Causal","Random error","sample_ach","validity","NA",TRUE,"",0
"STUDY-0241","Causal","Selection bias","base_sel","validity","VAL",TRUE,"No",1
"STUDY-0241","Causal","Selection bias","comp_dis","reporting","REP",TRUE,"No",0
"STUDY-0241","Causal","Selection bias","ltfu_bias","reporting","REP",TRUE,"Not reported or unknown",0
"STUDY-0241","Causal","Measurement bias","val_outcome","validity","NA",TRUE,"This type of objective measurement does not usually require validation (e.g., surgical intervention)",0
"STUDY-0241","Causal","Measurement bias","out_bias_acc","validity","VAL",TRUE,"No",1
"STUDY-0241","Causal","Measurement bias","diff_or_nondiff_out","validity","OK",TRUE,"Non-differential with respect to the exposure",0
"STUDY-0241","Causal","Measurement bias","val_exposure","validity","NA",TRUE,"This type of objective measurement does not usually require validation (e.g., surgical intervention)",0
"STUDY-0241","Causal","Measurement bias","exp_bias_acc","validity","VAL",TRUE,"No",1
"STUDY-0241","Causal","Measurement bias","diff_or_nondiff_exp","validity","OK",TRUE,"Non-differential with respect to the outcome",0
"STUDY-0241","Causal","Measurement bias","dep_or_indep_misc","validity","OK",TRUE,"Independent",0
"STUDY-0241","Causal","Confounding bias","base_conf_meth","validity","VAL",TRUE,"No adjustment for baseline confounding was done",1
"STUDY-0241","Causal","Confounding bias","conf_var_det","validity","NA",TRUE,"No adjustment for baseline and time-varying confounding was done",0
"STUDY-0241","Causal","Confounding bias","tv_conf_meth","validity","NA",TRUE,"No || ",0
"STUDY-0241","Causal","Missing data","miss_outcome","reporting","REP",TRUE,"Not reported or unknown",0
"STUDY-0241","Causal","Missing data","miss_exposure","reporting","REP",TRUE,"Not reported or unknown",0
"STUDY-0241","Causal","Mentioning errors","err_disc","reporting","OK",TRUE,"Confounding bias",0
"STUDY-0336","Causal","Random error","sample_size","reporting","OK",TRUE,"Yes",0
"STUDY-0336","Causal","Random error","acc_sampl","validity","VAL",TRUE,"No",1
"STUDY-0336","Causal","Random error","sample_ach","validity","OK",TRUE,"Yes",0
"STUDY-0336","Causal","Selection bias","base_sel","validity","OK",TRUE,"No baseline selection bias from investigator",0
"STUDY-0336","Causal","Selection bias","comp_dis","reporting","NA",TRUE,"skipped",0
"STUDY-0336","Causal","Selection bias","ltfu_bias","reporting","OK",TRUE,"No",0
"STUDY-0336","Causal","Measurement bias","val_outcome","validity","VAL",TRUE,"Yes, the authors conducted content/face validity or cited the content/face validity from other studies",0.5
"STUDY-0336","Causal","Measurement bias","out_bias_acc","validity","VAL",TRUE,"No",1
"STUDY-0336","Causal","Measurement bias","diff_or_nondiff_out","validity","OK",TRUE,"Non-differential with respect to the exposure",0
"STUDY-0336","Causal","Measurement bias","val_exposure","validity","NA",TRUE,"This type of objective measurement does not usually require validation (e.g., surgical intervention)",0
"STUDY-0336","Causal","Measurement bias","exp_bias_acc","validity","VAL",TRUE,"No",1
"STUDY-0336","Causal","Measurement bias","diff_or_nondiff_exp","validity","OK",TRUE,"Non-differential with respect to the outcome",0
"STUDY-0336","Causal","Measurement bias","dep_or_indep_misc","validity","OK",TRUE,"Independent",0
"STUDY-0336","Causal","Confounding bias","base_conf_meth","validity","OK",TRUE,"Randomization",0
"STUDY-0336","Causal","Confounding bias","conf_var_det","validity","NA",TRUE,"No adjustment for baseline and time-varying confounding was done",0
"STUDY-0336","Causal","Confounding bias","tv_conf_meth","validity","NA",TRUE,"No || ",0
"STUDY-0336","Causal","Missing data","miss_outcome","reporting","OK",TRUE,"No",0
"STUDY-0336","Causal","Missing data","miss_exposure","reporting","OK",TRUE,"No",0
"STUDY-0336","Causal","Mentioning errors","err_disc","reporting","REP",TRUE,"None of the above",0
"STUDY-0812","Causal","Random error","sample_size","reporting","OK",TRUE,"Yes",0
"STUDY-0812","Causal","Random error","acc_sampl","validity","VAL",TRUE,"No",1
"STUDY-0812","Causal","Random error","sample_ach","validity","OK",TRUE,"Yes",0
"STUDY-0812","Causal","Selection bias","base_sel","validity","VAL",TRUE,"No",1
"STUDY-0812","Causal","Selection bias","comp_dis","reporting","REP",TRUE,"No",0
"STUDY-0812","Causal","Measurement bias","val_outcome","validity","VAL",TRUE,"Yes, the authors conducted content/face validity or cited the content/face validity from other studies",0.5
"STUDY-0812","Causal","Measurement bias","out_bias_acc","validity","VAL",TRUE,"No",1
"STUDY-0812","Causal","Measurement bias","diff_or_nondiff_out","validity","OK",TRUE,"Non-differential with respect to the exposure",0
"STUDY-0812","Causal","Measurement bias","val_exposure","validity","NA",TRUE,"This type of objective measurement does not usually require validation (e.g., surgical intervention)",0
"STUDY-0812","Causal","Measurement bias","exp_bias_acc","validity","VAL",TRUE,"No",1
"STUDY-0812","Causal","Measurement bias","diff_or_nondiff_exp","validity","OK",TRUE,"Non-differential with respect to the outcome",0
"STUDY-0812","Causal","Measurement bias","dep_or_indep_misc","validity","OK",TRUE,"Independent",0
"STUDY-0812","Causal","Confounding bias","base_conf_meth","validity","VAL",TRUE,"No adjustment for baseline confounding was done",1
"STUDY-0812","Causal","Confounding bias","conf_var_det","validity","NA",TRUE,"No adjustment for baseline and time-varying confounding was done",0
"STUDY-0812","Causal","Confounding bias","tv_conf_meth","validity","NA",TRUE,"No || ",0
"STUDY-0812","Causal","Missing data","miss_outcome","reporting","OK",TRUE,"No",0
"STUDY-0812","Causal","Missing data","miss_exposure","reporting","OK",TRUE,"No",0
"STUDY-0812","Causal","Mentioning errors","err_disc","reporting","REP",TRUE,"None of the above",0
"STUDY-0567","Causal","Selection bias","base_sel","validity","VAL",TRUE,"No",1
"STUDY-0567","Causal","Selection bias","comp_dis","reporting","REP",TRUE,"No",0
"STUDY-0567","Causal","Selection bias","ltfu_bias","reporting","REP",TRUE,"Not reported or unknown",0
"STUDY-0567","Causal","Measurement bias","val_outcome","validity","VAL",TRUE,"No",1
"STUDY-0567","Causal","Measurement bias","out_bias_acc","validity","VAL",TRUE,"No",1
"STUDY-0567","Causal","Measurement bias","diff_or_nondiff_out","validity","OK",TRUE,"Non-differential with respect to the exposure",0
"STUDY-0567","Causal","Measurement bias","val_exposure","validity","NA",TRUE,"This type of objective measurement does not usually require validation (e.g., surgical intervention)",0
"STUDY-0567","Causal","Measurement bias","exp_bias_acc","validity","VAL",TRUE,"No",1
"STUDY-0567","Causal","Measurement bias","diff_or_nondiff_exp","validity","OK",TRUE,"Non-differential with respect to the outcome",0
"STUDY-0567","Causal","Measurement bias","dep_or_indep_misc","validity","OK",TRUE,"Independent",0
"STUDY-0567","Causal","Confounding bias","base_conf_meth","validity","OK",TRUE,"Randomization",0
"STUDY-0567","Causal","Confounding bias","conf_var_det","validity","NA",TRUE,"No adjustment for baseline and time-varying confounding was done",0
"STUDY-0567","Causal","Confounding bias","tv_conf_meth","validity","NA",TRUE,"No || skipped",0
"STUDY-0567","Causal","Missing data","miss_outcome","reporting","REP",TRUE,"Not reported or unknown",0
"STUDY-0567","Causal","Missing data","miss_exposure","reporting","REP",TRUE,"Not reported or unknown",0
"STUDY-0567","Causal","Mentioning errors","err_disc","reporting","OK",TRUE,"Random error",0
"STUDY-0232","Descriptive","Selection bias","base_sel","validity","OK",TRUE,"No baseline selection bias from investigator",0
"STUDY-0232","Descriptive","Measurement bias","val_outcome","validity","NA",TRUE,"This type of objective measurement does not usually require validation (e.g., surgical intervention)",0
"STUDY-0232","Descriptive","Measurement bias","out_bias_acc","validity","VAL",TRUE,"No",1
"STUDY-0232","Descriptive","Missing data","miss_outcome","reporting","OK",TRUE,"No",0
"STUDY-0232","Descriptive","Mentioning errors","err_disc","reporting","OK",TRUE,"Random error;Measurement bias",0
"STUDY-0232","Descriptive","Conflating task","confl_task","validity","VAL",TRUE,"Yes",1
"STUDY-0648","Descriptive","Random error","sample_size","reporting","REP",TRUE,"No",0
"STUDY-0648","Descriptive","Random error","acc_sampl","validity","NA",TRUE,"",0
"STUDY-0648","Descriptive","Random error","sample_ach","validity","NA",TRUE,"",0
"STUDY-0648","Descriptive","Selection bias","base_sel","validity","VAL",TRUE,"No",1
"STUDY-0648","Descriptive","Measurement bias","val_outcome","validity","VAL",TRUE,"No",1
"STUDY-0648","Descriptive","Measurement bias","out_bias_acc","validity","VAL",TRUE,"No",1
"STUDY-0648","Descriptive","Missing data","miss_outcome","reporting","REP",TRUE,"Not reported or unknown",0
"STUDY-0648","Descriptive","Mentioning errors","err_disc","reporting","OK",TRUE,"Random error;Selection bias;Measurement bias",0
"STUDY-0648","Descriptive","Conflating task","confl_task","validity","VAL",TRUE,"Yes",1
"STUDY-0656","Causal","Random error","sample_size","reporting","OK",TRUE,"Yes",0
"STUDY-0656","Causal","Random error","acc_sampl","validity","VAL",TRUE,"No",1
"STUDY-0656","Causal","Random error","sample_ach","validity","OK",TRUE,"Yes",0
"STUDY-0656","Causal","Selection bias","base_sel","validity","VAL",TRUE,"No",1
"STUDY-0656","Causal","Selection bias","comp_dis","reporting","REP",TRUE,"No",0
"STUDY-0656","Causal","Measurement bias","val_outcome","validity","NA",TRUE,"This type of objective measurement does not usually require validation (e.g., surgical intervention)",0
"STUDY-0656","Causal","Measurement bias","out_bias_acc","validity","VAL",TRUE,"No",1
"STUDY-0656","Causal","Measurement bias","diff_or_nondiff_out","validity","VAL",TRUE,"Differential with respect to the exposure",1
"STUDY-0656","Causal","Measurement bias","val_exposure","validity","VAL",TRUE,"Yes, the authors conducted content/face validity or cited the content/face validity from other studies",0.5
"STUDY-0656","Causal","Measurement bias","exp_bias_acc","validity","VAL",TRUE,"No",1
"STUDY-0656","Causal","Measurement bias","diff_or_nondiff_exp","validity","VAL",TRUE,"Differential with respect to the outcome",1
"STUDY-0656","Causal","Measurement bias","dep_or_indep_misc","validity","VAL",TRUE,"Dependent",1
"STUDY-0656","Causal","Confounding bias","base_conf_meth","validity","OK",TRUE,"Regression",0
"STUDY-0656","Causal","Confounding bias","conf_var_det","validity","VAL",TRUE,"Based on change of estimate",0.6666667
"STUDY-0656","Causal","Confounding bias","tv_conf_meth","validity","NA",TRUE,"No || ",0
"STUDY-0656","Causal","Missing data","miss_outcome","reporting","OK",TRUE,"No",0
"STUDY-0656","Causal","Missing data","miss_exposure","reporting","OK",TRUE,"No",0
"STUDY-0656","Causal","Mentioning errors","err_disc","reporting","OK",TRUE,"Measurement bias",0
"STUDY-0185","Descriptive","Random error","sample_size","reporting","REP",TRUE,"No",0
"STUDY-0185","Descriptive","Random error","acc_sampl","validity","NA",TRUE,"",0
"STUDY-0185","Descriptive","Random error","sample_ach","validity","NA",TRUE,"",0
"STUDY-0185","Descriptive","Selection bias","base_sel","validity","VAL",TRUE,"No",1
"STUDY-0185","Descriptive","Measurement bias","val_outcome","validity","VAL",TRUE,"No",1
"STUDY-0185","Descriptive","Measurement bias","out_bias_acc","validity","VAL",TRUE,"No",1
"STUDY-0185","Descriptive","Missing data","miss_outcome","reporting","REP",TRUE,"Not reported or unknown",0
"STUDY-0185","Descriptive","Mentioning errors","err_disc","reporting","OK",TRUE,"Selection bias;Measurement bias",0
"STUDY-0185","Descriptive","Conflating task","confl_task","validity","VAL",TRUE,"Yes",1
"STUDY-0991","Causal","Random error","sample_size","reporting","OK",TRUE,"Yes",0
"STUDY-0991","Causal","Random error","acc_sampl","validity","VAL",TRUE,"No",1
"STUDY-0991","Causal","Random error","sample_ach","validity","VAL",TRUE,"No",1
"STUDY-0991","Causal","Selection bias","base_sel","validity","VAL",TRUE,"No",1
"STUDY-0991","Causal","Selection bias","comp_dis","reporting","REP",TRUE,"No",0
"STUDY-0991","Causal","Measurement bias","val_outcome","validity","VAL",TRUE,"Yes, the authors conducted content/face validity or cited the content/face validity from other studies",0.5
"STUDY-0991","Causal","Measurement bias","out_bias_acc","validity","VAL",TRUE,"No",1
"STUDY-0991","Causal","Measurement bias","diff_or_nondiff_out","validity","VAL",TRUE,"Differential with respect to the exposure",1
"STUDY-0991","Causal","Measurement bias","val_exposure","validity","OK",TRUE,"Yes, the authors conducted criterion validity or cited the criterion validity from other studies",0
"STUDY-0991","Causal","Measurement bias","exp_bias_acc","validity","VAL",TRUE,"No",1
"STUDY-0991","Causal","Measurement bias","diff_or_nondiff_exp","validity","VAL",TRUE,"Differential with respect to the outcome",1
"STUDY-0991","Causal","Measurement bias","dep_or_indep_misc","validity","OK",TRUE,"Independent",0
"STUDY-0991","Causal","Confounding bias","base_conf_meth","validity","VAL",TRUE,"No adjustment for baseline confounding was done",1
"STUDY-0991","Causal","Confounding bias","conf_var_det","validity","NA",TRUE,"No adjustment for baseline and time-varying confounding was done",0
"STUDY-0991","Causal","Confounding bias","tv_conf_meth","validity","NA",TRUE,"No || ",0
"STUDY-0991","Causal","Missing data","miss_outcome","reporting","OK",TRUE,"No",0
"STUDY-0991","Causal","Missing data","miss_exposure","reporting","OK",TRUE,"No",0
"STUDY-0991","Causal","Mentioning errors","err_disc","reporting","REP",TRUE,"None of the above",0
"STUDY-0047","Descriptive","Random error","sample_size","reporting","REP",TRUE,"No",0
"STUDY-0047","Descriptive","Random error","acc_sampl","validity","NA",TRUE,"",0
"STUDY-0047","Descriptive","Random error","sample_ach","validity","NA",TRUE,"",0
"STUDY-0047","Descriptive","Selection bias","base_sel","validity","VAL",TRUE,"No",1
"STUDY-0047","Descriptive","Measurement bias","val_outcome","validity","NA",TRUE,"This type of objective measurement does not usually require validation (e.g., surgical intervention)",0
"STUDY-0047","Descriptive","Measurement bias","out_bias_acc","validity","VAL",TRUE,"No",1
"STUDY-0047","Descriptive","Missing data","miss_outcome","reporting","OK",TRUE,"No",0
"STUDY-0047","Descriptive","Mentioning errors","err_disc","reporting","REP",TRUE,"None of the above",0
"STUDY-0047","Descriptive","Conflating task","confl_task","validity","VAL",TRUE,"Yes",1
"STUDY-0186","Descriptive","Random error","sample_size","reporting","OK",TRUE,"Yes",0
"STUDY-0186","Descriptive","Random error","acc_sampl","validity","OK",TRUE,"Yes",0
"STUDY-0186","Descriptive","Random error","sample_ach","validity","OK",TRUE,"Yes",0
"STUDY-0186","Descriptive","Selection bias","base_sel","validity","VAL",TRUE,"No",1
"STUDY-0186","Descriptive","Measurement bias","val_outcome","validity","VAL",TRUE,"Yes, the authors conducted content/face validity or cited the content/face validity from other studies",0.5
"STUDY-0186","Descriptive","Measurement bias","out_bias_acc","validity","VAL",TRUE,"No",1
"STUDY-0186","Descriptive","Missing data","miss_outcome","reporting","OK",TRUE,"No",0
"STUDY-0186","Descriptive","Mentioning errors","err_disc","reporting","OK",TRUE,"Selection bias;Measurement bias",0
"STUDY-0186","Descriptive","Conflating task","confl_task","validity","VAL",TRUE,"Yes",1
"STUDY-0713","Causal","Random error","sample_size","reporting","OK",TRUE,"Yes",0
"STUDY-0713","Causal","Random error","acc_sampl","validity","OK",TRUE,"Yes",0
"STUDY-0713","Causal","Random error","sample_ach","validity","OK",TRUE,"Yes",0
"STUDY-0713","Causal","Selection bias","base_sel","validity","VAL",TRUE,"No",1
"STUDY-0713","Causal","Selection bias","comp_dis","reporting","REP",TRUE,"No",0
"STUDY-0713","Causal","Measurement bias","val_outcome","validity","OK",TRUE,"Yes, the authors conducted criterion validity or cited the criterion validity from other studies",0
"STUDY-0713","Causal","Measurement bias","out_bias_acc","validity","VAL",TRUE,"No",1
"STUDY-0713","Causal","Measurement bias","diff_or_nondiff_out","validity","OK",TRUE,"Non-differential with respect to the exposure",0
"STUDY-0713","Causal","Measurement bias","val_exposure","validity","VAL",TRUE,"Yes, the authors conducted content/face validity or cited the content/face validity from other studies",0.5
"STUDY-0713","Causal","Measurement bias","exp_bias_acc","validity","VAL",TRUE,"No",1
"STUDY-0713","Causal","Measurement bias","diff_or_nondiff_exp","validity","OK",TRUE,"Non-differential with respect to the outcome",0
"STUDY-0713","Causal","Measurement bias","dep_or_indep_misc","validity","OK",TRUE,"Independent",0
"STUDY-0713","Causal","Confounding bias","base_conf_meth","validity","OK",TRUE,"Regression",0
"STUDY-0713","Causal","Confounding bias","conf_var_det","validity","VAL",TRUE,"Based on none of the above",0.6666667
"STUDY-0713","Causal","Confounding bias","tv_conf_meth","validity","NA",TRUE,"No || ",0
"STUDY-0713","Causal","Missing data","miss_outcome","reporting","REP",TRUE,"Not reported or unknown",0
"STUDY-0713","Causal","Missing data","miss_exposure","reporting","OK",TRUE,"No",0
"STUDY-0713","Causal","Mentioning errors","err_disc","reporting","OK",TRUE,"Selection bias",0
"STUDY-0710","Causal","Random error","sample_size","reporting","REP",TRUE,"No",0
"STUDY-0710","Causal","Random error","acc_sampl","validity","NA",TRUE,"",0
"STUDY-0710","Causal","Random error","sample_ach","validity","NA",TRUE,"",0
"STUDY-0710","Causal","Selection bias","base_sel","validity","VAL",TRUE,"No",1
"STUDY-0710","Causal","Selection bias","comp_dis","reporting","REP",TRUE,"No",0
"STUDY-0710","Causal","Selection bias","ltfu_bias","reporting","OK",TRUE,"No",0
"STUDY-0710","Causal","Measurement bias","val_outcome","validity","VAL",TRUE,"Yes, the authors conducted content/face validity or cited the content/face validity from other studies",0.5
"STUDY-0710","Causal","Measurement bias","out_bias_acc","validity","VAL",TRUE,"No",1
"STUDY-0710","Causal","Measurement bias","diff_or_nondiff_out","validity","VAL",TRUE,"Differential with respect to the exposure",1
"STUDY-0710","Causal","Measurement bias","val_exposure","validity","NA",TRUE,"This type of objective measurement does not usually require validation (e.g., surgical intervention)",0
"STUDY-0710","Causal","Measurement bias","exp_bias_acc","validity","VAL",TRUE,"No",1
"STUDY-0710","Causal","Measurement bias","diff_or_nondiff_exp","validity","OK",TRUE,"Non-differential with respect to the outcome",0
"STUDY-0710","Causal","Measurement bias","dep_or_indep_misc","validity","OK",TRUE,"Independent",0
"STUDY-0710","Causal","Confounding bias","base_conf_meth","validity","OK",TRUE,"Randomization",0
"STUDY-0710","Causal","Confounding bias","conf_var_det","validity","NA",TRUE,"No adjustment for baseline and time-varying confounding was done",0
"STUDY-0710","Causal","Confounding bias","tv_conf_meth","validity","NA",TRUE,"No || ",0
"STUDY-0710","Causal","Missing data","miss_outcome","reporting","OK",TRUE,"No",0
"STUDY-0710","Causal","Missing data","miss_exposure","reporting","OK",TRUE,"No",0
"STUDY-0710","Causal","Mentioning errors","err_disc","reporting","OK",TRUE,"Random error",0
"STUDY-0520","Descriptive","Random error","sample_size","reporting","REP",TRUE,"No",0
"STUDY-0520","Descriptive","Random error","acc_sampl","validity","NA",TRUE,"",0
"STUDY-0520","Descriptive","Random error","sample_ach","validity","NA",TRUE,"",0
"STUDY-0520","Descriptive","Selection bias","base_sel","validity","OK",TRUE,"No baseline selection bias from investigator",0
"STUDY-0520","Descriptive","Measurement bias","val_outcome","validity","OK",TRUE,"Yes, the authors conducted criterion validity or cited the criterion validity from other studies",0
"STUDY-0520","Descriptive","Measurement bias","out_bias_acc","validity","VAL",TRUE,"No",1
"STUDY-0520","Descriptive","Missing data","miss_outcome","reporting","OK",TRUE,"No",0
"STUDY-0520","Descriptive","Mentioning errors","err_disc","reporting","REP",TRUE,"None of the above",0
"STUDY-0520","Descriptive","Conflating task","confl_task","validity","VAL",TRUE,"Yes",1
"STUDY-0156","Descriptive","Random error","sample_size","reporting","REP",TRUE,"No",0
"STUDY-0156","Descriptive","Random error","acc_sampl","validity","NA",TRUE,"",0
"STUDY-0156","Descriptive","Random error","sample_ach","validity","NA",TRUE,"",0
"STUDY-0156","Descriptive","Selection bias","base_sel","validity","VAL",TRUE,"No",1
"STUDY-0156","Descriptive","Measurement bias","val_outcome","validity","VAL",TRUE,"Yes, the authors conducted content/face validity or cited the content/face validity from other studies",0.5
"STUDY-0156","Descriptive","Measurement bias","out_bias_acc","validity","VAL",TRUE,"No",1
"STUDY-0156","Descriptive","Missing data","miss_outcome","reporting","OK",TRUE,"No",0
"STUDY-0156","Descriptive","Mentioning errors","err_disc","reporting","REP",TRUE,"None of the above",0
"STUDY-0156","Descriptive","Conflating task","confl_task","validity","OK",TRUE,"No",0
"STUDY-0944","Descriptive","Random error","sample_size","reporting","REP",TRUE,"No",0
"STUDY-0944","Descriptive","Random error","acc_sampl","validity","NA",TRUE,"",0
"STUDY-0944","Descriptive","Random error","sample_ach","validity","NA",TRUE,"",0
"STUDY-0944","Descriptive","Selection bias","base_sel","validity","VAL",TRUE,"No",1
"STUDY-0944","Descriptive","Measurement bias","val_outcome","validity","VAL",TRUE,"Yes, the authors conducted content/face validity or cited the content/face validity from other studies",0.5
"STUDY-0944","Descriptive","Measurement bias","out_bias_acc","validity","VAL",TRUE,"No",1
"STUDY-0944","Descriptive","Missing data","miss_outcome","reporting","OK",TRUE,"No",0
"STUDY-0944","Descriptive","Mentioning errors","err_disc","reporting","REP",TRUE,"None of the above",0
"STUDY-0944","Descriptive","Conflating task","confl_task","validity","VAL",TRUE,"Yes",1
"STUDY-0305","Causal","Random error","sample_size","reporting","OK",TRUE,"Yes",0
"STUDY-0305","Causal","Random error","acc_sampl","validity","VAL",TRUE,"No",1
"STUDY-0305","Causal","Random error","sample_ach","validity","OK",TRUE,"Yes",0
"STUDY-0305","Causal","Selection bias","base_sel","validity","VAL",TRUE,"No",1
"STUDY-0305","Causal","Selection bias","comp_dis","reporting","REP",TRUE,"No",0
"STUDY-0305","Causal","Measurement bias","val_outcome","validity","OK",TRUE,"Yes, the authors conducted criterion validity or cited the criterion validity from other studies",0
"STUDY-0305","Causal","Measurement bias","out_bias_acc","validity","VAL",TRUE,"No",1
"STUDY-0305","Causal","Measurement bias","diff_or_nondiff_out","validity","VAL",TRUE,"Differential with respect to the exposure",1
"STUDY-0305","Causal","Measurement bias","val_exposure","validity","VAL",TRUE,"Yes, the authors conducted content/face validity or cited the content/face validity from other studies",0.5
"STUDY-0305","Causal","Measurement bias","exp_bias_acc","validity","VAL",TRUE,"No",1
"STUDY-0305","Causal","Measurement bias","diff_or_nondiff_exp","validity","VAL",TRUE,"Differential with respect to the outcome",1
"STUDY-0305","Causal","Measurement bias","dep_or_indep_misc","validity","VAL",TRUE,"Dependent",1
"STUDY-0305","Causal","Confounding bias","base_conf_meth","validity","OK",TRUE,"Regression",0
"STUDY-0305","Causal","Confounding bias","conf_var_det","validity","VAL",TRUE,"Based on previous literature",0.3333333
"STUDY-0305","Causal","Confounding bias","tv_conf_meth","validity","NA",TRUE,"No || ",0
"STUDY-0305","Causal","Missing data","miss_outcome","reporting","OK",TRUE,"Yes",0
"STUDY-0305","Causal","Missing data","hand_miss_outcom","validity","VAL",TRUE,"No",1
"STUDY-0305","Causal","Missing data","miss_exposure","reporting","OK",TRUE,"Yes",0
"STUDY-0305","Causal","Missing data","hand_miss_exposure","validity","VAL",TRUE,"No",1
"STUDY-0305","Causal","Mentioning errors","err_disc","reporting","REP",TRUE,"None of the above",0
"STUDY-0676","Causal","Random error","sample_size","reporting","REP",TRUE,"No",0
"STUDY-0676","Causal","Random error","acc_sampl","validity","NA",TRUE,"",0
"STUDY-0676","Causal","Random error","sample_ach","validity","NA",TRUE,"",0
"STUDY-0676","Causal","Selection bias","base_sel","validity","VAL",TRUE,"No",1
"STUDY-0676","Causal","Selection bias","comp_dis","reporting","REP",TRUE,"No",0
"STUDY-0676","Causal","Measurement bias","val_outcome","validity","VAL",TRUE,"No",1
"STUDY-0676","Causal","Measurement bias","out_bias_acc","validity","VAL",TRUE,"No",1
"STUDY-0676","Causal","Measurement bias","diff_or_nondiff_out","validity","VAL",TRUE,"Differential with respect to the exposure",1
"STUDY-0676","Causal","Measurement bias","val_exposure","validity","VAL",TRUE,"Yes, the authors conducted content/face validity or cited the content/face validity from other studies",0.5
"STUDY-0676","Causal","Measurement bias","exp_bias_acc","validity","VAL",TRUE,"No",1
"STUDY-0676","Causal","Measurement bias","diff_or_nondiff_exp","validity","VAL",TRUE,"Differential with respect to the outcome",1
"STUDY-0676","Causal","Measurement bias","dep_or_indep_misc","validity","VAL",TRUE,"Dependent",1
"STUDY-0676","Causal","Confounding bias","base_conf_meth","validity","VAL",TRUE,"No adjustment for baseline confounding was done",1
"STUDY-0676","Causal","Confounding bias","conf_var_det","validity","NA",TRUE,"No adjustment for baseline and time-varying confounding was done",0
"STUDY-0676","Causal","Confounding bias","tv_conf_meth","validity","NA",TRUE,"No || ",0
"STUDY-0676","Causal","Missing data","miss_outcome","reporting","OK",TRUE,"No",0
"STUDY-0676","Causal","Missing data","miss_exposure","reporting","REP",TRUE,"Not reported or unknown",0
"STUDY-0676","Causal","Mentioning errors","err_disc","reporting","REP",TRUE,"None of the above",0
"STUDY-0927","Causal","Random error","sample_size","reporting","OK",TRUE,"Yes",0
"STUDY-0927","Causal","Random error","acc_sampl","validity","OK",TRUE,"Yes",0
"STUDY-0927","Causal","Random error","sample_ach","validity","OK",TRUE,"Yes",0
"STUDY-0927","Causal","Selection bias","base_sel","validity","VAL",TRUE,"No",1
"STUDY-0927","Causal","Selection bias","comp_dis","reporting","REP",TRUE,"No",0
"STUDY-0927","Causal","Measurement bias","val_outcome","validity","VAL",TRUE,"Yes, the authors conducted content/face validity or cited the content/face validity from other studies",0.5
"STUDY-0927","Causal","Measurement bias","out_bias_acc","validity","VAL",TRUE,"No",1
"STUDY-0927","Causal","Measurement bias","diff_or_nondiff_out","validity","VAL",TRUE,"Differential with respect to the exposure",1
"STUDY-0927","Causal","Measurement bias","val_exposure","validity","VAL",TRUE,"Yes, the authors conducted content/face validity or cited the content/face validity from other studies",0.5
"STUDY-0927","Causal","Measurement bias","exp_bias_acc","validity","VAL",TRUE,"No",1
"STUDY-0927","Causal","Measurement bias","diff_or_nondiff_exp","validity","VAL",TRUE,"Differential with respect to the outcome",1
"STUDY-0927","Causal","Measurement bias","dep_or_indep_misc","validity","VAL",TRUE,"Dependent",1
"STUDY-0927","Causal","Confounding bias","base_conf_meth","validity","VAL",TRUE,"No adjustment for baseline confounding was done",1
"STUDY-0927","Causal","Confounding bias","conf_var_det","validity","NA",TRUE,"No adjustment for baseline and time-varying confounding was done",0
"STUDY-0927","Causal","Confounding bias","tv_conf_meth","validity","NA",TRUE,"No || ",0
"STUDY-0927","Causal","Missing data","miss_outcome","reporting","OK",TRUE,"No",0
"STUDY-0927","Causal","Missing data","miss_exposure","reporting","OK",TRUE,"No",0
"STUDY-0927","Causal","Mentioning errors","err_disc","reporting","OK",TRUE,"Selection bias;Measurement bias",0
"STUDY-0906","Causal","Selection bias","base_sel","validity","OK",TRUE,"No baseline selection bias from investigator",0
"STUDY-0906","Causal","Selection bias","comp_dis","reporting","NA",TRUE,"skipped",0
"STUDY-0906","Causal","Selection bias","ltfu_bias","reporting","REP",TRUE,"Not reported or unknown",0
"STUDY-0906","Causal","Measurement bias","val_outcome","validity","VAL",TRUE,"No",1
"STUDY-0906","Causal","Measurement bias","out_bias_acc","validity","VAL",TRUE,"No",1
"STUDY-0906","Causal","Measurement bias","diff_or_nondiff_out","validity","VAL",TRUE,"Differential with respect to the exposure",1
"STUDY-0906","Causal","Measurement bias","val_exposure","validity","NA",TRUE,"This type of objective measurement does not usually require validation (e.g., surgical intervention)",0
"STUDY-0906","Causal","Measurement bias","exp_bias_acc","validity","VAL",TRUE,"No",1
"STUDY-0906","Causal","Measurement bias","diff_or_nondiff_exp","validity","OK",TRUE,"Non-differential with respect to the outcome",0
"STUDY-0906","Causal","Measurement bias","dep_or_indep_misc","validity","OK",TRUE,"Independent",0
"STUDY-0906","Causal","Confounding bias","base_conf_meth","validity","OK",TRUE,"Regression",0
"STUDY-0906","Causal","Confounding bias","conf_var_det","validity","VAL",TRUE,"Based on statistical criteria",0.6666667
"STUDY-0906","Causal","Confounding bias","tv_conf_meth","validity","NA",TRUE,"No || ",0
"STUDY-0906","Causal","Missing data","miss_outcome","reporting","REP",TRUE,"Not reported or unknown",0
"STUDY-0906","Causal","Missing data","miss_exposure","reporting","OK",TRUE,"No",0
"STUDY-0906","Causal","Mentioning errors","err_disc","reporting","OK",TRUE,"Measurement bias",0
"STUDY-0501","Causal","Random error","sample_size","reporting","OK",TRUE,"Yes",0
"STUDY-0501","Causal","Random error","acc_sampl","validity","VAL",TRUE,"No",1
"STUDY-0501","Causal","Random error","sample_ach","validity","OK",TRUE,"Yes",0
"STUDY-0501","Causal","Selection bias","base_sel","validity","VAL",TRUE,"No",1
"STUDY-0501","Causal","Selection bias","comp_dis","reporting","REP",TRUE,"No",0
"STUDY-0501","Causal","Measurement bias","val_outcome","validity","VAL",TRUE,"Yes, the authors conducted content/face validity or cited the content/face validity from other studies",0.5
"STUDY-0501","Causal","Measurement bias","out_bias_acc","validity","VAL",TRUE,"No",1
"STUDY-0501","Causal","Measurement bias","diff_or_nondiff_out","validity","VAL",TRUE,"Differential with respect to the exposure",1
"STUDY-0501","Causal","Measurement bias","val_exposure","validity","VAL",TRUE,"Yes, the authors conducted content/face validity or cited the content/face validity from other studies",0.5
"STUDY-0501","Causal","Measurement bias","exp_bias_acc","validity","VAL",TRUE,"No",1
"STUDY-0501","Causal","Measurement bias","diff_or_nondiff_exp","validity","VAL",TRUE,"Differential with respect to the outcome",1
"STUDY-0501","Causal","Measurement bias","dep_or_indep_misc","validity","VAL",TRUE,"Dependent",1
"STUDY-0501","Causal","Confounding bias","base_conf_meth","validity","OK",TRUE,"Regression",0
"STUDY-0501","Causal","Confounding bias","conf_var_det","validity","VAL",TRUE,"Based on previous literature",0.3333333
"STUDY-0501","Causal","Confounding bias","tv_conf_meth","validity","NA",TRUE,"No || ",0
"STUDY-0501","Causal","Missing data","miss_outcome","reporting","OK",TRUE,"No",0
"STUDY-0501","Causal","Missing data","miss_exposure","reporting","OK",TRUE,"No",0
"STUDY-0501","Causal","Mentioning errors","err_disc","reporting","OK",TRUE,"Selection bias",0
"STUDY-0868","Causal","Selection bias","base_sel","validity","OK",TRUE,"No baseline selection bias from investigator",0
"STUDY-0868","Causal","Selection bias","comp_dis","reporting","NA",TRUE,"",0
"STUDY-0868","Causal","Measurement bias","val_outcome","validity","VAL",TRUE,"No",1
"STUDY-0868","Causal","Measurement bias","out_bias_acc","validity","VAL",TRUE,"No",1
"STUDY-0868","Causal","Measurement bias","diff_or_nondiff_out","validity","OK",TRUE,"Non-differential with respect to the exposure",0
"STUDY-0868","Causal","Measurement bias","val_exposure","validity","VAL",TRUE,"Yes, the authors conducted content/face validity or cited the content/face validity from other studies",0.5
"STUDY-0868","Causal","Measurement bias","exp_bias_acc","validity","VAL",TRUE,"No",1
"STUDY-0868","Causal","Measurement bias","diff_or_nondiff_exp","validity","OK",TRUE,"Non-differential with respect to the outcome",0
"STUDY-0868","Causal","Measurement bias","dep_or_indep_misc","validity","OK",TRUE,"Independent",0
"STUDY-0868","Causal","Confounding bias","base_conf_meth","validity","OK",TRUE,"Stratification;Regression",0
"STUDY-0868","Causal","Confounding bias","conf_var_det","validity","OK",TRUE,"Based on Directed Acyclic Graphs (DAGs)/subject matter expertise",0
"STUDY-0868","Causal","Confounding bias","tv_conf_meth","validity","NA",TRUE,"No || ",0
"STUDY-0868","Causal","Missing data","miss_outcome","reporting","OK",TRUE,"Yes",0
"STUDY-0868","Causal","Missing data","hand_miss_outcom","validity","VAL",TRUE,"No",1
"STUDY-0868","Causal","Missing data","miss_exposure","reporting","OK",TRUE,"Yes",0
"STUDY-0868","Causal","Missing data","hand_miss_exposure","validity","VAL",TRUE,"No",1
"STUDY-0868","Causal","Mentioning errors","err_disc","reporting","OK",TRUE,"Measurement bias;Confounding bias",0
"STUDY-0183","Causal","Random error","sample_size","reporting","OK",TRUE,"Yes",0
"STUDY-0183","Causal","Random error","acc_sampl","validity","VAL",TRUE,"No",1
"STUDY-0183","Causal","Random error","sample_ach","validity","OK",TRUE,"Yes",0
"STUDY-0183","Causal","Selection bias","base_sel","validity","VAL",TRUE,"No",1
"STUDY-0183","Causal","Selection bias","comp_dis","reporting","REP",TRUE,"No",0
"STUDY-0183","Causal","Measurement bias","val_outcome","validity","VAL",TRUE,"Yes, the authors conducted content/face validity or cited the content/face validity from other studies",0.5
"STUDY-0183","Causal","Measurement bias","out_bias_acc","validity","VAL",TRUE,"No",1
"STUDY-0183","Causal","Measurement bias","diff_or_nondiff_out","validity","VAL",TRUE,"Differential with respect to the exposure",1
"STUDY-0183","Causal","Measurement bias","val_exposure","validity","VAL",TRUE,"Yes, the authors conducted content/face validity or cited the content/face validity from other studies",0.5
"STUDY-0183","Causal","Measurement bias","exp_bias_acc","validity","VAL",TRUE,"No",1
"STUDY-0183","Causal","Measurement bias","diff_or_nondiff_exp","validity","VAL",TRUE,"Differential with respect to the outcome",1
"STUDY-0183","Causal","Measurement bias","dep_or_indep_misc","validity","VAL",TRUE,"Dependent",1
"STUDY-0183","Causal","Confounding bias","base_conf_meth","validity","OK",TRUE,"Regression",0
"STUDY-0183","Causal","Confounding bias","conf_var_det","validity","OK",TRUE,"Based on Directed Acyclic Graphs (DAGs)/subject matter expertise",0
"STUDY-0183","Causal","Confounding bias","tv_conf_meth","validity","NA",TRUE,"No || ",0
"STUDY-0183","Causal","Missing data","miss_outcome","reporting","OK",TRUE,"No",0
"STUDY-0183","Causal","Missing data","miss_exposure","reporting","OK",TRUE,"No",0
"STUDY-0183","Causal","Mentioning errors","err_disc","reporting","OK",TRUE,"Selection bias;Measurement bias",0
"STUDY-0053","Descriptive","Random error","sample_size","reporting","REP",TRUE,"No",0
"STUDY-0053","Descriptive","Random error","acc_sampl","validity","NA",TRUE,"",0
"STUDY-0053","Descriptive","Random error","sample_ach","validity","NA",TRUE,"",0
"STUDY-0053","Descriptive","Selection bias","base_sel","validity","VAL",TRUE,"No",1
"STUDY-0053","Descriptive","Measurement bias","val_outcome","validity","OK",TRUE,"Yes, the authors conducted criterion validity or cited the criterion validity from other studies",0
"STUDY-0053","Descriptive","Measurement bias","out_bias_acc","validity","VAL",TRUE,"No",1
"STUDY-0053","Descriptive","Missing data","miss_outcome","reporting","REP",TRUE,"Not reported or unknown",0
"STUDY-0053","Descriptive","Mentioning errors","err_disc","reporting","REP",TRUE,"None of the above",0
"STUDY-0053","Descriptive","Conflating task","confl_task","validity","OK",TRUE,"No",0
"STUDY-0981","Causal","Random error","sample_size","reporting","REP",TRUE,"No",0
"STUDY-0981","Causal","Random error","acc_sampl","validity","NA",TRUE,"",0
"STUDY-0981","Causal","Random error","sample_ach","validity","NA",TRUE,"",0
"STUDY-0981","Causal","Selection bias","base_sel","validity","VAL",TRUE,"No",1
"STUDY-0981","Causal","Selection bias","comp_dis","reporting","REP",TRUE,"No",0
"STUDY-0981","Causal","Measurement bias","val_outcome","validity","VAL",TRUE,"Yes, the authors conducted content/face validity or cited the content/face validity from other studies",0.5
"STUDY-0981","Causal","Measurement bias","out_bias_acc","validity","VAL",TRUE,"No",1
"STUDY-0981","Causal","Measurement bias","diff_or_nondiff_out","validity","OK",TRUE,"Non-differential with respect to the exposure",0
"STUDY-0981","Causal","Measurement bias","val_exposure","validity","NA",TRUE,"This type of objective measurement does not usually require validation (e.g., surgical intervention)",0
"STUDY-0981","Causal","Measurement bias","exp_bias_acc","validity","VAL",TRUE,"No",1
"STUDY-0981","Causal","Measurement bias","diff_or_nondiff_exp","validity","OK",TRUE,"Non-differential with respect to the outcome",0
"STUDY-0981","Causal","Measurement bias","dep_or_indep_misc","validity","OK",TRUE,"Independent",0
"STUDY-0981","Causal","Confounding bias","base_conf_meth","validity","OK",TRUE,"Regression",0
"STUDY-0981","Causal","Confounding bias","conf_var_det","validity","VAL",TRUE,"Based on none of the above",0.6666667
"STUDY-0981","Causal","Confounding bias","tv_conf_meth","validity","NA",TRUE,"No || ",0
"STUDY-0981","Causal","Missing data","miss_outcome","reporting","OK",TRUE,"Yes",0
"STUDY-0981","Causal","Missing data","hand_miss_outcom","validity","VAL",TRUE,"No",1
"STUDY-0981","Causal","Missing data","miss_exposure","reporting","OK",TRUE,"No",0
"STUDY-0981","Causal","Mentioning errors","err_disc","reporting","OK",TRUE,"Random error;Selection bias;Measurement bias;Confounding bias;Missing data",0
"STUDY-0831","Causal","Selection bias","base_sel","validity","OK",TRUE,"No baseline selection bias from investigator",0
"STUDY-0831","Causal","Selection bias","comp_dis","reporting","NA",TRUE,"skipped",0
"STUDY-0831","Causal","Measurement bias","val_outcome","validity","VAL",TRUE,"No",1
"STUDY-0831","Causal","Measurement bias","out_bias_acc","validity","VAL",TRUE,"No",1
"STUDY-0831","Causal","Measurement bias","diff_or_nondiff_out","validity","OK",TRUE,"Non-differential with respect to the exposure",0
"STUDY-0831","Causal","Measurement bias","val_exposure","validity","VAL",TRUE,"No",1
"STUDY-0831","Causal","Measurement bias","exp_bias_acc","validity","VAL",TRUE,"No",1
"STUDY-0831","Causal","Measurement bias","diff_or_nondiff_exp","validity","OK",TRUE,"Non-differential with respect to the outcome",0
"STUDY-0831","Causal","Measurement bias","dep_or_indep_misc","validity","VAL",TRUE,"Dependent",1
"STUDY-0831","Causal","Confounding bias","base_conf_meth","validity","VAL",TRUE,"No adjustment for baseline confounding was done",1
"STUDY-0831","Causal","Confounding bias","conf_var_det","validity","NA",TRUE,"No adjustment for baseline and time-varying confounding was done",0
"STUDY-0831","Causal","Confounding bias","tv_conf_meth","validity","NA",TRUE,"No || ",0
"STUDY-0831","Causal","Missing data","miss_outcome","reporting","OK",TRUE,"No",0
"STUDY-0831","Causal","Missing data","miss_exposure","reporting","OK",TRUE,"No",0
"STUDY-0831","Causal","Mentioning errors","err_disc","reporting","REP",TRUE,"None of the above",0
"STUDY-0519","Causal","Random error","sample_size","reporting","OK",TRUE,"Yes",0
"STUDY-0519","Causal","Random error","acc_sampl","validity","VAL",TRUE,"No",1
"STUDY-0519","Causal","Random error","sample_ach","validity","OK",TRUE,"Yes",0
"STUDY-0519","Causal","Selection bias","base_sel","validity","VAL",TRUE,"No",1
"STUDY-0519","Causal","Selection bias","comp_dis","reporting","REP",TRUE,"No",0
"STUDY-0519","Causal","Measurement bias","val_outcome","validity","OK",TRUE,"Yes, the authors conducted criterion validity or cited the criterion validity from other studies",0
"STUDY-0519","Causal","Measurement bias","out_bias_acc","validity","VAL",TRUE,"No",1
"STUDY-0519","Causal","Measurement bias","diff_or_nondiff_out","validity","OK",TRUE,"Non-differential with respect to the exposure",0
"STUDY-0519","Causal","Measurement bias","val_exposure","validity","VAL",TRUE,"No",1
"STUDY-0519","Causal","Measurement bias","exp_bias_acc","validity","VAL",TRUE,"No",1
"STUDY-0519","Causal","Measurement bias","diff_or_nondiff_exp","validity","OK",TRUE,"Non-differential with respect to the outcome",0
"STUDY-0519","Causal","Measurement bias","dep_or_indep_misc","validity","VAL",TRUE,"Dependent",1
"STUDY-0519","Causal","Confounding bias","base_conf_meth","validity","OK",TRUE,"Regression",0
"STUDY-0519","Causal","Confounding bias","conf_var_det","validity","VAL",TRUE,"Based on none of the above",0.6666667
"STUDY-0519","Causal","Confounding bias","tv_conf_meth","validity","NA",TRUE,"No || ",0
"STUDY-0519","Causal","Missing data","miss_outcome","reporting","OK",TRUE,"No",0
"STUDY-0519","Causal","Missing data","miss_exposure","reporting","OK",TRUE,"No",0
"STUDY-0519","Causal","Mentioning errors","err_disc","reporting","OK",TRUE,"Confounding bias",0
"STUDY-0017","Causal","Random error","sample_size","reporting","REP",TRUE,"No",0
"STUDY-0017","Causal","Random error","acc_sampl","validity","NA",TRUE,"",0
"STUDY-0017","Causal","Random error","sample_ach","validity","NA",TRUE,"",0
"STUDY-0017","Causal","Selection bias","base_sel","validity","VAL",TRUE,"No",1
"STUDY-0017","Causal","Selection bias","comp_dis","reporting","REP",TRUE,"No",0
"STUDY-0017","Causal","Measurement bias","val_outcome","validity","VAL",TRUE,"Yes, the authors conducted content/face validity or cited the content/face validity from other studies",0.5
"STUDY-0017","Causal","Measurement bias","out_bias_acc","validity","VAL",TRUE,"No",1
"STUDY-0017","Causal","Measurement bias","diff_or_nondiff_out","validity","OK",TRUE,"Non-differential with respect to the exposure",0
"STUDY-0017","Causal","Measurement bias","val_exposure","validity","VAL",TRUE,"Yes, the authors conducted content/face validity or cited the content/face validity from other studies",0.5
"STUDY-0017","Causal","Measurement bias","exp_bias_acc","validity","VAL",TRUE,"No",1
"STUDY-0017","Causal","Measurement bias","diff_or_nondiff_exp","validity","VAL",TRUE,"Differential with respect to the outcome",1
"STUDY-0017","Causal","Measurement bias","dep_or_indep_misc","validity","OK",TRUE,"Independent",0
"STUDY-0017","Causal","Confounding bias","base_conf_meth","validity","OK",TRUE,"Stratification;Matching;Regression",0
"STUDY-0017","Causal","Confounding bias","conf_var_det","validity","VAL",TRUE,"Based on none of the above",0.6666667
"STUDY-0017","Causal","Confounding bias","tv_conf_meth","validity","NA",TRUE,"No || ",0
"STUDY-0017","Causal","Missing data","miss_outcome","reporting","REP",TRUE,"Not reported or unknown",0
"STUDY-0017","Causal","Missing data","miss_exposure","reporting","OK",TRUE,"Yes",0
"STUDY-0017","Causal","Missing data","hand_miss_exposure","validity","VAL",TRUE,"No",1
"STUDY-0017","Causal","Mentioning errors","err_disc","reporting","OK",TRUE,"Measurement bias",0
"STUDY-0621","Causal","Selection bias","base_sel","validity","VAL",TRUE,"No",1
"STUDY-0621","Causal","Selection bias","comp_dis","reporting","REP",TRUE,"No",0
"STUDY-0621","Causal","Measurement bias","val_outcome","validity","OK",TRUE,"Yes, the authors conducted criterion validity or cited the criterion validity from other studies",0
"STUDY-0621","Causal","Measurement bias","out_bias_acc","validity","VAL",TRUE,"No",1
"STUDY-0621","Causal","Measurement bias","diff_or_nondiff_out","validity","VAL",TRUE,"Differential with respect to the exposure",1
"STUDY-0621","Causal","Measurement bias","val_exposure","validity","OK",TRUE,"Yes, the authors conducted criterion validity or cited the criterion validity from other studies",0
"STUDY-0621","Causal","Measurement bias","exp_bias_acc","validity","VAL",TRUE,"No",1
"STUDY-0621","Causal","Measurement bias","diff_or_nondiff_exp","validity","OK",TRUE,"Non-differential with respect to the outcome",0
"STUDY-0621","Causal","Measurement bias","dep_or_indep_misc","validity","VAL",TRUE,"Dependent",1
"STUDY-0621","Causal","Confounding bias","base_conf_meth","validity","OK",TRUE,"Regression",0
"STUDY-0621","Causal","Confounding bias","conf_var_det","validity","OK",TRUE,"Based on Directed Acyclic Graphs (DAGs)/subject matter expertise;Based on previous literature",0
"STUDY-0621","Causal","Confounding bias","tv_conf_meth","validity","NA",TRUE,"No || ",0
"STUDY-0621","Causal","Missing data","miss_outcome","reporting","REP",TRUE,"Not reported or unknown",0
"STUDY-0621","Causal","Missing data","miss_exposure","reporting","REP",TRUE,"Not reported or unknown",0
"STUDY-0621","Causal","Mentioning errors","err_disc","reporting","REP",TRUE,"None of the above",0
"STUDY-0905","Descriptive","Random error","sample_size","reporting","OK",TRUE,"Yes",0
"STUDY-0905","Descriptive","Random error","acc_sampl","validity","VAL",TRUE,"No",1
"STUDY-0905","Descriptive","Random error","sample_ach","validity","OK",TRUE,"Yes",0
"STUDY-0905","Descriptive","Selection bias","base_sel","validity","VAL",TRUE,"No",1
"STUDY-0905","Descriptive","Measurement bias","val_outcome","validity","VAL",TRUE,"Yes, the authors conducted content/face validity or cited the content/face validity from other studies",0.5
"STUDY-0905","Descriptive","Measurement bias","out_bias_acc","validity","VAL",TRUE,"No",1
"STUDY-0905","Descriptive","Missing data","miss_outcome","reporting","OK",TRUE,"Yes",0
"STUDY-0905","Descriptive","Missing data","hand_miss_outcom","validity","VAL",TRUE,"No",1
"STUDY-0905","Descriptive","Mentioning errors","err_disc","reporting","OK",TRUE,"Measurement bias",0
"STUDY-0905","Descriptive","Conflating task","confl_task","validity","VAL",TRUE,"Yes",1
"STUDY-0143","Descriptive","Selection bias","base_sel","validity","OK",TRUE,"No baseline selection bias from investigator",0
"STUDY-0143","Descriptive","Measurement bias","val_outcome","validity","VAL",TRUE,"No",1
"STUDY-0143","Descriptive","Measurement bias","out_bias_acc","validity","VAL",TRUE,"No",1
"STUDY-0143","Descriptive","Missing data","miss_outcome","reporting","OK",TRUE,"No",0
"STUDY-0143","Descriptive","Mentioning errors","err_disc","reporting","OK",TRUE,"Selection bias;Measurement bias",0
"STUDY-0143","Descriptive","Conflating task","confl_task","validity","OK",TRUE,"No",0
"STUDY-0644","Causal","Random error","sample_size","reporting","REP",TRUE,"No",0
"STUDY-0644","Causal","Random error","acc_sampl","validity","NA",TRUE,"",0
"STUDY-0644","Causal","Random error","sample_ach","validity","NA",TRUE,"",0
"STUDY-0644","Causal","Selection bias","base_sel","validity","VAL",TRUE,"No",1
"STUDY-0644","Causal","Selection bias","comp_dis","reporting","REP",TRUE,"No",0
"STUDY-0644","Causal","Selection bias","ltfu_bias","reporting","REP",TRUE,"Not reported or unknown",0
"STUDY-0644","Causal","Measurement bias","val_outcome","validity","VAL",TRUE,"No",1
"STUDY-0644","Causal","Measurement bias","out_bias_acc","validity","VAL",TRUE,"No",1
"STUDY-0644","Causal","Measurement bias","diff_or_nondiff_out","validity","OK",TRUE,"Non-differential with respect to the exposure",0
"STUDY-0644","Causal","Measurement bias","val_exposure","validity","VAL",TRUE,"Yes, the authors conducted content/face validity or cited the content/face validity from other studies",0.5
"STUDY-0644","Causal","Measurement bias","exp_bias_acc","validity","VAL",TRUE,"No",1
"STUDY-0644","Causal","Measurement bias","diff_or_nondiff_exp","validity","OK",TRUE,"Non-differential with respect to the outcome",0
"STUDY-0644","Causal","Measurement bias","dep_or_indep_misc","validity","OK",TRUE,"Independent",0
"STUDY-0644","Causal","Confounding bias","base_conf_meth","validity","OK",TRUE,"Stratification;Regression",0
"STUDY-0644","Causal","Confounding bias","conf_var_det","validity","OK",TRUE,"Based on Directed Acyclic Graphs (DAGs)/subject matter expertise;Based on previous literature;Based on statistical criteria",0
"STUDY-0644","Causal","Confounding bias","tv_conf_meth","validity","NA",TRUE,"No || ",0
"STUDY-0644","Causal","Missing data","miss_outcome","reporting","OK",TRUE,"Yes",0
"STUDY-0644","Causal","Missing data","hand_miss_outcom","validity","VAL",TRUE,"No",1
"STUDY-0644","Causal","Missing data","miss_exposure","reporting","OK",TRUE,"No",0
"STUDY-0644","Causal","Mentioning errors","err_disc","reporting","OK",TRUE,"Measurement bias;Confounding bias",0
"STUDY-0441","Descriptive","Random error","sample_size","reporting","REP",TRUE,"No",0
"STUDY-0441","Descriptive","Random error","acc_sampl","validity","NA",TRUE,"",0
"STUDY-0441","Descriptive","Random error","sample_ach","validity","NA",TRUE,"",0
"STUDY-0441","Descriptive","Selection bias","base_sel","validity","VAL",TRUE,"No",1
"STUDY-0441","Descriptive","Measurement bias","val_outcome","validity","VAL",TRUE,"Yes, the authors conducted content/face validity or cited the content/face validity from other studies",0.5
"STUDY-0441","Descriptive","Measurement bias","out_bias_acc","validity","VAL",TRUE,"No",1
"STUDY-0441","Descriptive","Missing data","miss_outcome","reporting","REP",TRUE,"Not reported or unknown",0
"STUDY-0441","Descriptive","Mentioning errors","err_disc","reporting","OK",TRUE,"Selection bias;Measurement bias",0
"STUDY-0441","Descriptive","Conflating task","confl_task","validity","VAL",TRUE,"Yes",1
"STUDY-0030","Causal","Selection bias","base_sel","validity","OK",TRUE,"No baseline selection bias from investigator",0
"STUDY-0030","Causal","Selection bias","comp_dis","reporting","NA",TRUE,"",0
"STUDY-0030","Causal","Measurement bias","val_outcome","validity","VAL",TRUE,"No",1
"STUDY-0030","Causal","Measurement bias","out_bias_acc","validity","VAL",TRUE,"No",1
"STUDY-0030","Causal","Measurement bias","diff_or_nondiff_out","validity","OK",TRUE,"Non-differential with respect to the exposure",0
"STUDY-0030","Causal","Measurement bias","val_exposure","validity","VAL",TRUE,"Yes, the authors conducted content/face validity or cited the content/face validity from other studies",0.5
"STUDY-0030","Causal","Measurement bias","exp_bias_acc","validity","VAL",TRUE,"No",1
"STUDY-0030","Causal","Measurement bias","diff_or_nondiff_exp","validity","OK",TRUE,"Non-differential with respect to the outcome",0
"STUDY-0030","Causal","Measurement bias","dep_or_indep_misc","validity","OK",TRUE,"Independent",0
"STUDY-0030","Causal","Confounding bias","base_conf_meth","validity","OK",TRUE,"Regression",0
"STUDY-0030","Causal","Confounding bias","conf_var_det","validity","VAL",TRUE,"Based on none of the above",0.6666667
"STUDY-0030","Causal","Confounding bias","tv_conf_meth","validity","NA",TRUE,"No || ",0
"STUDY-0030","Causal","Missing data","miss_outcome","reporting","REP",TRUE,"Not reported or unknown",0
"STUDY-0030","Causal","Missing data","miss_exposure","reporting","REP",TRUE,"Not reported or unknown",0
"STUDY-0030","Causal","Mentioning errors","err_disc","reporting","REP",TRUE,"None of the above",0
"STUDY-0807","Causal","Random error","sample_size","reporting","REP",TRUE,"No",0
"STUDY-0807","Causal","Random error","acc_sampl","validity","NA",TRUE,"",0
"STUDY-0807","Causal","Random error","sample_ach","validity","NA",TRUE,"",0
"STUDY-0807","Causal","Selection bias","base_sel","validity","VAL",TRUE,"No",1
"STUDY-0807","Causal","Selection bias","comp_dis","reporting","REP",TRUE,"No",0
"STUDY-0807","Causal","Selection bias","ltfu_bias","reporting","REP",TRUE,"Not reported or unknown",0
"STUDY-0807","Causal","Measurement bias","val_outcome","validity","OK",TRUE,"Yes, the authors conducted criterion validity or cited the criterion validity from other studies",0
"STUDY-0807","Causal","Measurement bias","out_bias_acc","validity","VAL",TRUE,"No",1
"STUDY-0807","Causal","Measurement bias","diff_or_nondiff_out","validity","VAL",TRUE,"Differential with respect to the exposure",1
"STUDY-0807","Causal","Measurement bias","val_exposure","validity","OK",TRUE,"Yes, the authors conducted criterion validity or cited the criterion validity from other studies",0
"STUDY-0807","Causal","Measurement bias","exp_bias_acc","validity","VAL",TRUE,"No",1
"STUDY-0807","Causal","Measurement bias","diff_or_nondiff_exp","validity","OK",TRUE,"Non-differential with respect to the outcome",0
"STUDY-0807","Causal","Measurement bias","dep_or_indep_misc","validity","OK",TRUE,"Independent",0
"STUDY-0807","Causal","Confounding bias","base_conf_meth","validity","VAL",TRUE,"No adjustment for baseline confounding was done",1
"STUDY-0807","Causal","Confounding bias","conf_var_det","validity","NA",TRUE,"No adjustment for baseline and time-varying confounding was done",0
"STUDY-0807","Causal","Confounding bias","tv_conf_meth","validity","NA",TRUE,"No || ",0
"STUDY-0807","Causal","Missing data","miss_outcome","reporting","REP",TRUE,"Not reported or unknown",0
"STUDY-0807","Causal","Missing data","miss_exposure","reporting","OK",TRUE,"Yes",0
"STUDY-0807","Causal","Missing data","hand_miss_exposure","validity","VAL",TRUE,"No",1
"STUDY-0807","Causal","Mentioning errors","err_disc","reporting","REP",TRUE,"None of the above",0
"STUDY-0371","Causal","Random error","sample_size","reporting","REP",TRUE,"No",0
"STUDY-0371","Causal","Random error","acc_sampl","validity","NA",TRUE,"",0
"STUDY-0371","Causal","Random error","sample_ach","validity","NA",TRUE,"",0
"STUDY-0371","Causal","Selection bias","base_sel","validity","VAL",TRUE,"No",1
"STUDY-0371","Causal","Selection bias","comp_dis","reporting","REP",TRUE,"No",0
"STUDY-0371","Causal","Measurement bias","val_outcome","validity","VAL",TRUE,"No",1
"STUDY-0371","Causal","Measurement bias","out_bias_acc","validity","VAL",TRUE,"No",1
"STUDY-0371","Causal","Measurement bias","diff_or_nondiff_out","validity","OK",TRUE,"Non-differential with respect to the exposure",0
"STUDY-0371","Causal","Measurement bias","val_exposure","validity","VAL",TRUE,"No",1
"STUDY-0371","Causal","Measurement bias","exp_bias_acc","validity","VAL",TRUE,"No",1
"STUDY-0371","Causal","Measurement bias","diff_or_nondiff_exp","validity","OK",TRUE,"Non-differential with respect to the outcome",0
"STUDY-0371","Causal","Measurement bias","dep_or_indep_misc","validity","VAL",TRUE,"Dependent",1
"STUDY-0371","Causal","Confounding bias","base_conf_meth","validity","VAL",TRUE,"No adjustment for baseline confounding was done",1
"STUDY-0371","Causal","Confounding bias","conf_var_det","validity","NA",TRUE,"No adjustment for baseline and time-varying confounding was done",0
"STUDY-0371","Causal","Confounding bias","tv_conf_meth","validity","NA",TRUE,"No || ",0
"STUDY-0371","Causal","Missing data","miss_outcome","reporting","REP",TRUE,"Not reported or unknown",0
"STUDY-0371","Causal","Missing data","miss_exposure","reporting","OK",TRUE,"No",0
"STUDY-0371","Causal","Mentioning errors","err_disc","reporting","OK",TRUE,"Random error;Measurement bias",0
"STUDY-0911","Causal","Random error","sample_size","reporting","OK",TRUE,"Yes",0
"STUDY-0911","Causal","Random error","acc_sampl","validity","VAL",TRUE,"No",1
"STUDY-0911","Causal","Random error","sample_ach","validity","OK",TRUE,"Yes",0
"STUDY-0911","Causal","Selection bias","base_sel","validity","VAL",TRUE,"No",1
"STUDY-0911","Causal","Selection bias","comp_dis","reporting","REP",TRUE,"No",0
"STUDY-0911","Causal","Measurement bias","val_outcome","validity","OK",TRUE,"Yes, the authors conducted criterion validity or cited the criterion validity from other studies",0
"STUDY-0911","Causal","Measurement bias","out_bias_acc","validity","VAL",TRUE,"No",1
"STUDY-0911","Causal","Measurement bias","diff_or_nondiff_out","validity","OK",TRUE,"Non-differential with respect to the exposure",0
"STUDY-0911","Causal","Measurement bias","val_exposure","validity","OK",TRUE,"Yes, the authors conducted criterion validity or cited the criterion validity from other studies",0
"STUDY-0911","Causal","Measurement bias","exp_bias_acc","validity","VAL",TRUE,"No",1
"STUDY-0911","Causal","Measurement bias","diff_or_nondiff_exp","validity","OK",TRUE,"Non-differential with respect to the outcome",0
"STUDY-0911","Causal","Measurement bias","dep_or_indep_misc","validity","OK",TRUE,"Independent",0
"STUDY-0911","Causal","Confounding bias","base_conf_meth","validity","VAL",TRUE,"No adjustment for baseline confounding was done",1
"STUDY-0911","Causal","Confounding bias","conf_var_det","validity","NA",TRUE,"No adjustment for baseline and time-varying confounding was done",0
"STUDY-0911","Causal","Confounding bias","tv_conf_meth","validity","NA",TRUE,"No || ",0
"STUDY-0911","Causal","Missing data","miss_outcome","reporting","OK",TRUE,"No",0
"STUDY-0911","Causal","Missing data","miss_exposure","reporting","OK",TRUE,"No",0
"STUDY-0911","Causal","Mentioning errors","err_disc","reporting","REP",TRUE,"None of the above",0
"STUDY-0430","Causal","Random error","sample_size","reporting","REP",TRUE,"No",0
"STUDY-0430","Causal","Random error","acc_sampl","validity","NA",TRUE,"",0
"STUDY-0430","Causal","Random error","sample_ach","validity","NA",TRUE,"",0
"STUDY-0430","Causal","Selection bias","base_sel","validity","VAL",TRUE,"No",1
"STUDY-0430","Causal","Selection bias","comp_dis","reporting","REP",TRUE,"No",0
"STUDY-0430","Causal","Measurement bias","val_outcome","validity","VAL",TRUE,"Yes, the authors conducted content/face validity or cited the content/face validity from other studies",0.5
"STUDY-0430","Causal","Measurement bias","out_bias_acc","validity","VAL",TRUE,"No",1
"STUDY-0430","Causal","Measurement bias","diff_or_nondiff_out","validity","VAL",TRUE,"Differential with respect to the exposure",1
"STUDY-0430","Causal","Measurement bias","val_exposure","validity","VAL",TRUE,"No",1
"STUDY-0430","Causal","Measurement bias","exp_bias_acc","validity","VAL",TRUE,"No",1
"STUDY-0430","Causal","Measurement bias","diff_or_nondiff_exp","validity","VAL",TRUE,"Differential with respect to the outcome",1
"STUDY-0430","Causal","Measurement bias","dep_or_indep_misc","validity","VAL",TRUE,"Dependent",1
"STUDY-0430","Causal","Confounding bias","base_conf_meth","validity","VAL",TRUE,"No adjustment for baseline confounding was done",1
"STUDY-0430","Causal","Confounding bias","conf_var_det","validity","NA",TRUE,"No adjustment for baseline and time-varying confounding was done",0
"STUDY-0430","Causal","Confounding bias","tv_conf_meth","validity","NA",TRUE,"No || ",0
"STUDY-0430","Causal","Missing data","miss_outcome","reporting","OK",TRUE,"Yes",0
"STUDY-0430","Causal","Missing data","hand_miss_outcom","validity","VAL",TRUE,"No",1
"STUDY-0430","Causal","Missing data","miss_exposure","reporting","OK",TRUE,"No",0
"STUDY-0430","Causal","Mentioning errors","err_disc","reporting","OK",TRUE,"Random error;Selection bias;Measurement bias",0
"STUDY-0968","Causal","Selection bias","base_sel","validity","VAL",TRUE,"No",1
"STUDY-0968","Causal","Selection bias","comp_dis","reporting","REP",TRUE,"No",0
"STUDY-0968","Causal","Measurement bias","val_outcome","validity","OK",TRUE,"Yes, the authors conducted criterion validity or cited the criterion validity from other studies",0
"STUDY-0968","Causal","Measurement bias","out_bias_acc","validity","VAL",TRUE,"No",1
"STUDY-0968","Causal","Measurement bias","diff_or_nondiff_out","validity","OK",TRUE,"Non-differential with respect to the exposure",0
"STUDY-0968","Causal","Measurement bias","val_exposure","validity","VAL",TRUE,"No",1
"STUDY-0968","Causal","Measurement bias","exp_bias_acc","validity","VAL",TRUE,"No",1
"STUDY-0968","Causal","Measurement bias","diff_or_nondiff_exp","validity","OK",TRUE,"Non-differential with respect to the outcome",0
"STUDY-0968","Causal","Measurement bias","dep_or_indep_misc","validity","OK",TRUE,"Independent",0
"STUDY-0968","Causal","Confounding bias","base_conf_meth","validity","OK",TRUE,"Stratification;Regression",0
"STUDY-0968","Causal","Confounding bias","conf_var_det","validity","VAL",TRUE,"Based on none of the above",0.6666667
"STUDY-0968","Causal","Confounding bias","tv_conf_meth","validity","NA",TRUE,"No || ",0
"STUDY-0968","Causal","Missing data","miss_outcome","reporting","OK",TRUE,"No",0
"STUDY-0968","Causal","Missing data","miss_exposure","reporting","OK",TRUE,"No",0
"STUDY-0968","Causal","Mentioning errors","err_disc","reporting","OK",TRUE,"Selection bias;Measurement bias",0
"STUDY-0919","Causal","Random error","sample_size","reporting","REP",TRUE,"No",0
"STUDY-0919","Causal","Random error","acc_sampl","validity","NA",TRUE,"",0
"STUDY-0919","Causal","Random error","sample_ach","validity","NA",TRUE,"",0
"STUDY-0919","Causal","Selection bias","base_sel","validity","VAL",TRUE,"No",1
"STUDY-0919","Causal","Selection bias","comp_dis","reporting","REP",TRUE,"No",0
"STUDY-0919","Causal","Measurement bias","val_outcome","validity","VAL",TRUE,"No",1
"STUDY-0919","Causal","Measurement bias","out_bias_acc","validity","VAL",TRUE,"No",1
"STUDY-0919","Causal","Measurement bias","diff_or_nondiff_out","validity","OK",TRUE,"Non-differential with respect to the exposure",0
"STUDY-0919","Causal","Measurement bias","val_exposure","validity","VAL",TRUE,"No",1
"STUDY-0919","Causal","Measurement bias","exp_bias_acc","validity","VAL",TRUE,"No",1
"STUDY-0919","Causal","Measurement bias","diff_or_nondiff_exp","validity","OK",TRUE,"Non-differential with respect to the outcome",0
"STUDY-0919","Causal","Measurement bias","dep_or_indep_misc","validity","VAL",TRUE,"Dependent",1
"STUDY-0919","Causal","Confounding bias","base_conf_meth","validity","OK",TRUE,"Regression",0
"STUDY-0919","Causal","Confounding bias","conf_var_det","validity","VAL",TRUE,"Based on none of the above",0.6666667
"STUDY-0919","Causal","Confounding bias","tv_conf_meth","validity","NA",TRUE,"No || ",0
"STUDY-0919","Causal","Missing data","miss_outcome","reporting","REP",TRUE,"Not reported or unknown",0
"STUDY-0919","Causal","Missing data","miss_exposure","reporting","REP",TRUE,"Not reported or unknown",0
"STUDY-0919","Causal","Mentioning errors","err_disc","reporting","REP",TRUE,"None of the above",0
"STUDY-0460","Causal","Random error","sample_size","reporting","REP",TRUE,"No",0
"STUDY-0460","Causal","Random error","acc_sampl","validity","NA",TRUE,"",0
"STUDY-0460","Causal","Random error","sample_ach","validity","NA",TRUE,"",0
"STUDY-0460","Causal","Selection bias","base_sel","validity","VAL",TRUE,"No",1
"STUDY-0460","Causal","Selection bias","comp_dis","reporting","REP",TRUE,"No",0
"STUDY-0460","Causal","Measurement bias","val_outcome","validity","OK",TRUE,"Yes, the authors conducted criterion validity or cited the criterion validity from other studies",0
"STUDY-0460","Causal","Measurement bias","out_bias_acc","validity","VAL",TRUE,"No",1
"STUDY-0460","Causal","Measurement bias","diff_or_nondiff_out","validity","OK",TRUE,"Non-differential with respect to the exposure",0
"STUDY-0460","Causal","Measurement bias","val_exposure","validity","OK",TRUE,"Yes, the authors conducted criterion validity or cited the criterion validity from other studies",0
"STUDY-0460","Causal","Measurement bias","exp_bias_acc","validity","VAL",TRUE,"No",1
"STUDY-0460","Causal","Measurement bias","diff_or_nondiff_exp","validity","OK",TRUE,"Non-differential with respect to the outcome",0
"STUDY-0460","Causal","Measurement bias","dep_or_indep_misc","validity","OK",TRUE,"Independent",0
"STUDY-0460","Causal","Confounding bias","base_conf_meth","validity","VAL",TRUE,"No adjustment for baseline confounding was done",1
"STUDY-0460","Causal","Confounding bias","conf_var_det","validity","NA",TRUE,"No adjustment for baseline and time-varying confounding was done",0
"STUDY-0460","Causal","Confounding bias","tv_conf_meth","validity","NA",TRUE,"No || ",0
"STUDY-0460","Causal","Missing data","miss_outcome","reporting","OK",TRUE,"No",0
"STUDY-0460","Causal","Missing data","miss_exposure","reporting","REP",TRUE,"Not reported or unknown",0
"STUDY-0460","Causal","Mentioning errors","err_disc","reporting","REP",TRUE,"None of the above",0
"STUDY-0617","Descriptive","Selection bias","base_sel","validity","OK",TRUE,"No baseline selection bias from investigator",0
"STUDY-0617","Descriptive","Measurement bias","val_outcome","validity","NA",TRUE,"This type of objective measurement does not usually require validation (e.g., surgical intervention)",0
"STUDY-0617","Descriptive","Measurement bias","out_bias_acc","validity","VAL",TRUE,"No",1
"STUDY-0617","Descriptive","Missing data","miss_outcome","reporting","REP",TRUE,"Not reported or unknown",0
"STUDY-0617","Descriptive","Mentioning errors","err_disc","reporting","REP",TRUE,"None of the above",0
"STUDY-0617","Descriptive","Conflating task","confl_task","validity","VAL",TRUE,"Yes",1
"STUDY-0674","Causal","Selection bias","base_sel","validity","OK",TRUE,"No baseline selection bias from investigator",0
"STUDY-0674","Causal","Selection bias","comp_dis","reporting","NA",TRUE,"",0
"STUDY-0674","Causal","Selection bias","ltfu_bias","reporting","REP",TRUE,"Not reported or unknown",0
"STUDY-0674","Causal","Measurement bias","val_outcome","validity","NA",TRUE,"This type of objective measurement does not usually require validation (e.g., surgical intervention)",0
"STUDY-0674","Causal","Measurement bias","out_bias_acc","validity","VAL",TRUE,"No",1
"STUDY-0674","Causal","Measurement bias","diff_or_nondiff_out","validity","VAL",TRUE,"Differential with respect to the exposure",1
"STUDY-0674","Causal","Measurement bias","val_exposure","validity","NA",TRUE,"This type of objective measurement does not usually require validation (e.g., surgical intervention)",0
"STUDY-0674","Causal","Measurement bias","exp_bias_acc","validity","VAL",TRUE,"No",1
"STUDY-0674","Causal","Measurement bias","diff_or_nondiff_exp","validity","OK",TRUE,"Non-differential with respect to the outcome",0
"STUDY-0674","Causal","Measurement bias","dep_or_indep_misc","validity","VAL",TRUE,"Dependent",1
"STUDY-0674","Causal","Confounding bias","base_conf_meth","validity","OK",TRUE,"Regression",0
"STUDY-0674","Causal","Confounding bias","conf_var_det","validity","VAL",TRUE,"Based on statistical criteria",0.6666667
"STUDY-0674","Causal","Confounding bias","tv_conf_meth","validity","NA",TRUE,"No || skipped",0
"STUDY-0674","Causal","Missing data","miss_outcome","reporting","REP",TRUE,"Not reported or unknown",0
"STUDY-0674","Causal","Missing data","miss_exposure","reporting","OK",TRUE,"No",0
"STUDY-0674","Causal","Mentioning errors","err_disc","reporting","OK",TRUE,"Random error;Measurement bias",0
"STUDY-0299","Causal","Random error","sample_size","reporting","REP",TRUE,"No",0
"STUDY-0299","Causal","Random error","acc_sampl","validity","NA",TRUE,"",0
"STUDY-0299","Causal","Random error","sample_ach","validity","NA",TRUE,"",0
"STUDY-0299","Causal","Selection bias","base_sel","validity","VAL",TRUE,"No",1
"STUDY-0299","Causal","Selection bias","comp_dis","reporting","REP",TRUE,"No",0
"STUDY-0299","Causal","Selection bias","ltfu_bias","reporting","OK",TRUE,"Yes",0
"STUDY-0299","Causal","Selection bias","ltfu_acc","validity","OK",TRUE,"Yes",0
"STUDY-0299","Causal","Measurement bias","val_outcome","validity","OK",TRUE,"Yes, the authors conducted criterion validity or cited the criterion validity from other studies",0
"STUDY-0299","Causal","Measurement bias","out_bias_acc","validity","VAL",TRUE,"No",1
"STUDY-0299","Causal","Measurement bias","diff_or_nondiff_out","validity","OK",TRUE,"Non-differential with respect to the outcome",0
"STUDY-0299","Causal","Measurement bias","val_exposure","validity","NA",TRUE,"This type of objective measurement does not usually require validation (e.g., surgical intervention)",0
"STUDY-0299","Causal","Measurement bias","exp_bias_acc","validity","VAL",TRUE,"No",1
"STUDY-0299","Causal","Measurement bias","diff_or_nondiff_exp","validity","OK",TRUE,"Non-differential with respect to the outcome",0
"STUDY-0299","Causal","Measurement bias","dep_or_indep_misc","validity","OK",TRUE,"Independent",0
"STUDY-0299","Causal","Confounding bias","base_conf_meth","validity","VAL",TRUE,"No adjustment for baseline confounding was done",1
"STUDY-0299","Causal","Confounding bias","conf_var_det","validity","NA",TRUE,"No adjustment for baseline and time-varying confounding was done",0
"STUDY-0299","Causal","Confounding bias","tv_conf_meth","validity","NA",TRUE,"No || ",0
"STUDY-0299","Causal","Missing data","miss_outcome","reporting","OK",TRUE,"Yes",0
"STUDY-0299","Causal","Missing data","hand_miss_outcom","validity","VAL",TRUE,"No",1
"STUDY-0299","Causal","Missing data","miss_exposure","reporting","OK",TRUE,"No",0
"STUDY-0299","Causal","Mentioning errors","err_disc","reporting","OK",TRUE,"Selection bias;Missing data",0
"STUDY-0580","Descriptive","Random error","sample_size","reporting","OK",TRUE,"Yes",0
"STUDY-0580","Descriptive","Random error","acc_sampl","validity","OK",TRUE,"Yes",0
"STUDY-0580","Descriptive","Random error","sample_ach","validity","OK",TRUE,"Yes",0
"STUDY-0580","Descriptive","Selection bias","base_sel","validity","VAL",TRUE,"No",1
"STUDY-0580","Descriptive","Measurement bias","val_outcome","validity","VAL",TRUE,"Yes, the authors conducted content/face validity or cited the content/face validity from other studies",0.5
"STUDY-0580","Descriptive","Measurement bias","out_bias_acc","validity","VAL",TRUE,"No",1
"STUDY-0580","Descriptive","Missing data","miss_outcome","reporting","REP",TRUE,"Not reported or unknown",0
"STUDY-0580","Descriptive","Mentioning errors","err_disc","reporting","OK",TRUE,"Selection bias",0
"STUDY-0580","Descriptive","Conflating task","confl_task","validity","VAL",TRUE,"Yes",1
"STUDY-0425","Causal","Random error","sample_size","reporting","REP",TRUE,"No",0
"STUDY-0425","Causal","Random error","acc_sampl","validity","NA",TRUE,"",0
"STUDY-0425","Causal","Random error","sample_ach","validity","NA",TRUE,"",0
"STUDY-0425","Causal","Selection bias","base_sel","validity","VAL",TRUE,"No",1
"STUDY-0425","Causal","Selection bias","comp_dis","reporting","REP",TRUE,"No",0
"STUDY-0425","Causal","Measurement bias","val_outcome","validity","VAL",TRUE,"Yes, the authors conducted content/face validity or cited the content/face validity from other studies",0.5
"STUDY-0425","Causal","Measurement bias","out_bias_acc","validity","VAL",TRUE,"No",1
"STUDY-0425","Causal","Measurement bias","diff_or_nondiff_out","validity","VAL",TRUE,"Differential with respect to the exposure",1
"STUDY-0425","Causal","Measurement bias","val_exposure","validity","VAL",TRUE,"No",1
"STUDY-0425","Causal","Measurement bias","exp_bias_acc","validity","VAL",TRUE,"No",1
"STUDY-0425","Causal","Measurement bias","diff_or_nondiff_exp","validity","OK",TRUE,"Non-differential with respect to the outcome",0
"STUDY-0425","Causal","Measurement bias","dep_or_indep_misc","validity","VAL",TRUE,"Dependent",1
"STUDY-0425","Causal","Confounding bias","base_conf_meth","validity","VAL",TRUE,"No adjustment for baseline confounding was done",1
"STUDY-0425","Causal","Confounding bias","conf_var_det","validity","NA",TRUE,"No adjustment for baseline and time-varying confounding was done",0
"STUDY-0425","Causal","Confounding bias","tv_conf_meth","validity","NA",TRUE,"No || ",0
"STUDY-0425","Causal","Missing data","miss_outcome","reporting","OK",TRUE,"No",0
"STUDY-0425","Causal","Missing data","miss_exposure","reporting","OK",TRUE,"No",0
"STUDY-0425","Causal","Mentioning errors","err_disc","reporting","OK",TRUE,"Measurement bias",0
"STUDY-0783","Causal","Random error","sample_size","reporting","OK",TRUE,"Yes",0
"STUDY-0783","Causal","Random error","acc_sampl","validity","OK",TRUE,"Yes",0
"STUDY-0783","Causal","Random error","sample_ach","validity","OK",TRUE,"Yes",0
"STUDY-0783","Causal","Selection bias","base_sel","validity","OK",TRUE,"No baseline selection bias from investigator",0
"STUDY-0783","Causal","Selection bias","comp_dis","reporting","NA",TRUE,"",0
"STUDY-0783","Causal","Selection bias","ltfu_bias","reporting","OK",TRUE,"No",0
"STUDY-0783","Causal","Measurement bias","val_outcome","validity","NA",TRUE,"This type of objective measurement does not usually require validation (e.g., surgical intervention)",0
"STUDY-0783","Causal","Measurement bias","out_bias_acc","validity","VAL",TRUE,"No",1
"STUDY-0783","Causal","Measurement bias","diff_or_nondiff_out","validity","OK",TRUE,"Non-differential with respect to the exposure",0
"STUDY-0783","Causal","Measurement bias","val_exposure","validity","NA",TRUE,"This type of objective measurement does not usually require validation (e.g., surgical intervention)",0
"STUDY-0783","Causal","Measurement bias","exp_bias_acc","validity","VAL",TRUE,"No",1
"STUDY-0783","Causal","Measurement bias","diff_or_nondiff_exp","validity","OK",TRUE,"Non-differential with respect to the outcome",0
"STUDY-0783","Causal","Measurement bias","dep_or_indep_misc","validity","OK",TRUE,"Independent",0
"STUDY-0783","Causal","Confounding bias","base_conf_meth","validity","OK",TRUE,"Randomization",0
"STUDY-0783","Causal","Confounding bias","conf_var_det","validity","VAL",TRUE,"Based on none of the above",0.6666667
"STUDY-0783","Causal","Confounding bias","tv_conf_meth","validity","NA",TRUE,"No || ",0
"STUDY-0783","Causal","Missing data","miss_outcome","reporting","OK",TRUE,"Yes",0
"STUDY-0783","Causal","Missing data","hand_miss_outcom","validity","VAL",TRUE,"No",1
"STUDY-0783","Causal","Missing data","miss_exposure","reporting","OK",TRUE,"No",0
"STUDY-0783","Causal","Mentioning errors","err_disc","reporting","REP",TRUE,"None of the above",0
"STUDY-0466","Causal","Random error","sample_size","reporting","REP",TRUE,"No",0
"STUDY-0466","Causal","Random error","acc_sampl","validity","NA",TRUE,"",0
"STUDY-0466","Causal","Random error","sample_ach","validity","NA",TRUE,"",0
"STUDY-0466","Causal","Selection bias","base_sel","validity","VAL",TRUE,"No",1
"STUDY-0466","Causal","Selection bias","comp_dis","reporting","REP",TRUE,"No",0
"STUDY-0466","Causal","Measurement bias","val_outcome","validity","OK",TRUE,"Yes, the authors conducted criterion validity or cited the criterion validity from other studies",0
"STUDY-0466","Causal","Measurement bias","out_bias_acc","validity","VAL",TRUE,"No",1
"STUDY-0466","Causal","Measurement bias","diff_or_nondiff_out","validity","VAL",TRUE,"Differential with respect to the exposure",1
"STUDY-0466","Causal","Measurement bias","val_exposure","validity","VAL",TRUE,"Yes, the authors conducted content/face validity or cited the content/face validity from other studies",0.5
"STUDY-0466","Causal","Measurement bias","exp_bias_acc","validity","VAL",TRUE,"No",1
"STUDY-0466","Causal","Measurement bias","diff_or_nondiff_exp","validity","VAL",TRUE,"Differential with respect to the outcome",1
"STUDY-0466","Causal","Measurement bias","dep_or_indep_misc","validity","OK",TRUE,"Independent",0
"STUDY-0466","Causal","Confounding bias","base_conf_meth","validity","OK",TRUE,"Regression",0
"STUDY-0466","Causal","Confounding bias","conf_var_det","validity","VAL",TRUE,"Based on none of the above",0.6666667
"STUDY-0466","Causal","Confounding bias","tv_conf_meth","validity","NA",TRUE,"No || ",0
"STUDY-0466","Causal","Missing data","miss_outcome","reporting","OK",TRUE,"No",0
"STUDY-0466","Causal","Missing data","miss_exposure","reporting","OK",TRUE,"No",0
"STUDY-0466","Causal","Mentioning errors","err_disc","reporting","OK",TRUE,"Confounding bias",0
"STUDY-0380","Causal","Selection bias","base_sel","validity","OK",TRUE,"No baseline selection bias from investigator",0
"STUDY-0380","Causal","Selection bias","comp_dis","reporting","NA",TRUE,"",0
"STUDY-0380","Causal","Selection bias","ltfu_bias","reporting","OK",TRUE,"No",0
"STUDY-0380","Causal","Measurement bias","val_outcome","validity","VAL",TRUE,"No",1
"STUDY-0380","Causal","Measurement bias","out_bias_acc","validity","VAL",TRUE,"No",1
"STUDY-0380","Causal","Measurement bias","diff_or_nondiff_out","validity","VAL",TRUE,"Differential with respect to the exposure",1
"STUDY-0380","Causal","Measurement bias","val_exposure","validity","VAL",TRUE,"Yes, the authors conducted content/face validity or cited the content/face validity from other studies",0.5
"STUDY-0380","Causal","Measurement bias","exp_bias_acc","validity","VAL",TRUE,"No",1
"STUDY-0380","Causal","Measurement bias","diff_or_nondiff_exp","validity","OK",TRUE,"Non-differential with respect to the outcome",0
"STUDY-0380","Causal","Measurement bias","dep_or_indep_misc","validity","OK",TRUE,"Independent",0
"STUDY-0380","Causal","Confounding bias","base_conf_meth","validity","OK",TRUE,"Regression",0
"STUDY-0380","Causal","Confounding bias","conf_var_det","validity","VAL",TRUE,"Based on none of the above",0.6666667
"STUDY-0380","Causal","Confounding bias","tv_conf_meth","validity","NA",TRUE,"No || ",0
"STUDY-0380","Causal","Missing data","miss_outcome","reporting","OK",TRUE,"No",0
"STUDY-0380","Causal","Missing data","miss_exposure","reporting","OK",TRUE,"No",0
"STUDY-0380","Causal","Mentioning errors","err_disc","reporting","OK",TRUE,"Measurement bias",0
"STUDY-0196","Causal","Random error","sample_size","reporting","REP",TRUE,"No",0
"STUDY-0196","Causal","Random error","acc_sampl","validity","NA",TRUE,"",0
"STUDY-0196","Causal","Random error","sample_ach","validity","NA",TRUE,"",0
"STUDY-0196","Causal","Selection bias","base_sel","validity","VAL",TRUE,"No",1
"STUDY-0196","Causal","Selection bias","comp_dis","reporting","REP",TRUE,"No",0
"STUDY-0196","Causal","Selection bias","ltfu_bias","reporting","OK",TRUE,"No",0
"STUDY-0196","Causal","Measurement bias","val_outcome","validity","VAL",TRUE,"Yes, the authors conducted content/face validity or cited the content/face validity from other studies",0.5
"STUDY-0196","Causal","Measurement bias","out_bias_acc","validity","VAL",TRUE,"No",1
"STUDY-0196","Causal","Measurement bias","diff_or_nondiff_out","validity","VAL",TRUE,"Differential with respect to the exposure",1
"STUDY-0196","Causal","Measurement bias","val_exposure","validity","NA",TRUE,"This type of objective measurement does not usually require validation (e.g., surgical intervention)",0
"STUDY-0196","Causal","Measurement bias","exp_bias_acc","validity","VAL",TRUE,"No",1
"STUDY-0196","Causal","Measurement bias","diff_or_nondiff_exp","validity","OK",TRUE,"Non-differential with respect to the outcome",0
"STUDY-0196","Causal","Measurement bias","dep_or_indep_misc","validity","OK",TRUE,"Independent",0
"STUDY-0196","Causal","Confounding bias","base_conf_meth","validity","OK",TRUE,"Stratification",0
"STUDY-0196","Causal","Confounding bias","conf_var_det","validity","VAL",TRUE,"Based on none of the above",0.6666667
"STUDY-0196","Causal","Confounding bias","tv_conf_meth","validity","NA",TRUE,"No || ",0
"STUDY-0196","Causal","Missing data","miss_outcome","reporting","OK",TRUE,"No",0
"STUDY-0196","Causal","Missing data","miss_exposure","reporting","OK",TRUE,"No",0
"STUDY-0196","Causal","Mentioning errors","err_disc","reporting","OK",TRUE,"Random error;Measurement bias",0
"STUDY-0437","Causal","Random error","sample_size","reporting","REP",TRUE,"No",0
"STUDY-0437","Causal","Random error","acc_sampl","validity","NA",TRUE,"",0
"STUDY-0437","Causal","Random error","sample_ach","validity","NA",TRUE,"",0
"STUDY-0437","Causal","Selection bias","base_sel","validity","OK",TRUE,"No baseline selection bias from investigator",0
"STUDY-0437","Causal","Selection bias","comp_dis","reporting","NA",TRUE,"",0
"STUDY-0437","Causal","Selection bias","ltfu_bias","reporting","REP",TRUE,"Not reported or unknown",0
"STUDY-0437","Causal","Measurement bias","val_outcome","validity","OK",TRUE,"Yes, the authors conducted criterion validity or cited the criterion validity from other studies",0
"STUDY-0437","Causal","Measurement bias","out_bias_acc","validity","VAL",TRUE,"No",1
"STUDY-0437","Causal","Measurement bias","diff_or_nondiff_out","validity","OK",TRUE,"Non-differential with respect to the exposure",0
"STUDY-0437","Causal","Measurement bias","val_exposure","validity","VAL",TRUE,"Yes, the authors conducted content/face validity or cited the content/face validity from other studies",0.5
"STUDY-0437","Causal","Measurement bias","exp_bias_acc","validity","VAL",TRUE,"No",1
"STUDY-0437","Causal","Measurement bias","diff_or_nondiff_exp","validity","OK",TRUE,"Non-differential with respect to the outcome",0
"STUDY-0437","Causal","Measurement bias","dep_or_indep_misc","validity","OK",TRUE,"Independent",0
"STUDY-0437","Causal","Confounding bias","base_conf_meth","validity","OK",TRUE,"Randomization",0
"STUDY-0437","Causal","Confounding bias","conf_var_det","validity","VAL",TRUE,"Based on none of the above",0.6666667
"STUDY-0437","Causal","Confounding bias","tv_conf_meth","validity","NA",TRUE,"No || ",0
"STUDY-0437","Causal","Missing data","miss_outcome","reporting","REP",TRUE,"Not reported or unknown",0
"STUDY-0437","Causal","Missing data","miss_exposure","reporting","REP",TRUE,"Not reported or unknown",0
"STUDY-0437","Causal","Mentioning errors","err_disc","reporting","OK",TRUE,"Random error",0
"STUDY-0566","Causal","Random error","sample_size","reporting","OK",TRUE,"Yes",0
"STUDY-0566","Causal","Random error","acc_sampl","validity","VAL",TRUE,"No",1
"STUDY-0566","Causal","Random error","sample_ach","validity","OK",TRUE,"Yes",0
"STUDY-0566","Causal","Selection bias","base_sel","validity","VAL",TRUE,"No",1
"STUDY-0566","Causal","Selection bias","comp_dis","reporting","REP",TRUE,"No",0
"STUDY-0566","Causal","Measurement bias","val_outcome","validity","VAL",TRUE,"No",1
"STUDY-0566","Causal","Measurement bias","out_bias_acc","validity","VAL",TRUE,"No",1
"STUDY-0566","Causal","Measurement bias","diff_or_nondiff_out","validity","VAL",TRUE,"Differential with respect to the exposure",1
"STUDY-0566","Causal","Measurement bias","val_exposure","validity","NA",TRUE,"This type of objective measurement does not usually require validation (e.g., surgical intervention)",0
"STUDY-0566","Causal","Measurement bias","exp_bias_acc","validity","VAL",TRUE,"No",1
"STUDY-0566","Causal","Measurement bias","diff_or_nondiff_exp","validity","OK",TRUE,"Non-differential with respect to the outcome",0
"STUDY-0566","Causal","Measurement bias","dep_or_indep_misc","validity","VAL",TRUE,"Dependent",1
"STUDY-0566","Causal","Confounding bias","base_conf_meth","validity","OK",TRUE,"Regression",0
"STUDY-0566","Causal","Confounding bias","conf_var_det","validity","VAL",TRUE,"Based on statistical criteria",0.6666667
"STUDY-0566","Causal","Confounding bias","tv_conf_meth","validity","NA",TRUE,"No || ",0
"STUDY-0566","Causal","Missing data","miss_outcome","reporting","OK",TRUE,"No",0
"STUDY-0566","Causal","Missing data","miss_exposure","reporting","OK",TRUE,"No",0
"STUDY-0566","Causal","Mentioning errors","err_disc","reporting","REP",TRUE,"None of the above",0
"STUDY-0928","Descriptive","Random error","sample_size","reporting","OK",TRUE,"Yes",0
"STUDY-0928","Descriptive","Random error","acc_sampl","validity","OK",TRUE,"Yes",0
"STUDY-0928","Descriptive","Random error","sample_ach","validity","OK",TRUE,"Yes",0
"STUDY-0928","Descriptive","Selection bias","base_sel","validity","VAL",TRUE,"No",1
"STUDY-0928","Descriptive","Measurement bias","val_outcome","validity","VAL",TRUE,"Yes, the authors conducted content/face validity or cited the content/face validity from other studies",0.5
"STUDY-0928","Descriptive","Measurement bias","out_bias_acc","validity","VAL",TRUE,"No",1
"STUDY-0928","Descriptive","Missing data","miss_outcome","reporting","OK",TRUE,"No",0
"STUDY-0928","Descriptive","Mentioning errors","err_disc","reporting","REP",TRUE,"None of the above",0
"STUDY-0928","Descriptive","Conflating task","confl_task","validity","VAL",TRUE,"Yes",1
"STUDY-0202","Causal","Random error","sample_size","reporting","OK",TRUE,"Yes",0
"STUDY-0202","Causal","Random error","acc_sampl","validity","VAL",TRUE,"No",1
"STUDY-0202","Causal","Random error","sample_ach","validity","VAL",TRUE,"No",1
"STUDY-0202","Causal","Selection bias","base_sel","validity","VAL",TRUE,"No",1
"STUDY-0202","Causal","Selection bias","comp_dis","reporting","REP",TRUE,"No",0
"STUDY-0202","Causal","Selection bias","ltfu_bias","reporting","REP",TRUE,"Not reported or unknown",0
"STUDY-0202","Causal","Measurement bias","val_outcome","validity","OK",TRUE,"Yes, the authors conducted criterion validity or cited the criterion validity from other studies",0
"STUDY-0202","Causal","Measurement bias","out_bias_acc","validity","VAL",TRUE,"No",1
"STUDY-0202","Causal","Measurement bias","diff_or_nondiff_out","validity","OK",TRUE,"Non-differential with respect to the exposure",0
"STUDY-0202","Causal","Measurement bias","val_exposure","validity","OK",TRUE,"Yes, the authors conducted criterion validity or cited the criterion validity from other studies",0
"STUDY-0202","Causal","Measurement bias","exp_bias_acc","validity","VAL",TRUE,"No",1
"STUDY-0202","Causal","Measurement bias","diff_or_nondiff_exp","validity","OK",TRUE,"Non-differential with respect to the outcome",0
"STUDY-0202","Causal","Measurement bias","dep_or_indep_misc","validity","OK",TRUE,"Independent",0
"STUDY-0202","Causal","Confounding bias","base_conf_meth","validity","OK",TRUE,"Regression",0
"STUDY-0202","Causal","Confounding bias","conf_var_det","validity","VAL",TRUE,"Based on statistical criteria",0.6666667
"STUDY-0202","Causal","Confounding bias","tv_conf_meth","validity","NA",TRUE,"No || ",0
"STUDY-0202","Causal","Missing data","miss_outcome","reporting","OK",TRUE,"No",0
"STUDY-0202","Causal","Missing data","miss_exposure","reporting","OK",TRUE,"No",0
"STUDY-0202","Causal","Mentioning errors","err_disc","reporting","OK",TRUE,"Measurement bias",0
"STUDY-0019","Causal","Random error","sample_size","reporting","REP",TRUE,"No",0
"STUDY-0019","Causal","Random error","acc_sampl","validity","NA",TRUE,"",0
"STUDY-0019","Causal","Random error","sample_ach","validity","NA",TRUE,"",0
"STUDY-0019","Causal","Selection bias","base_sel","validity","VAL",TRUE,"No",1
"STUDY-0019","Causal","Selection bias","comp_dis","reporting","REP",TRUE,"No",0
"STUDY-0019","Causal","Selection bias","ltfu_bias","reporting","OK",TRUE,"Yes",0
"STUDY-0019","Causal","Selection bias","ltfu_acc","validity","VAL",TRUE,"No",1
"STUDY-0019","Causal","Measurement bias","val_outcome","validity","VAL",TRUE,"Yes, the authors conducted content/face validity or cited the content/face validity from other studies",0.5
"STUDY-0019","Causal","Measurement bias","out_bias_acc","validity","VAL",TRUE,"No",1
"STUDY-0019","Causal","Measurement bias","diff_or_nondiff_out","validity","OK",TRUE,"Non-differential with respect to the exposure",0
"STUDY-0019","Causal","Measurement bias","val_exposure","validity","NA",TRUE,"This type of objective measurement does not usually require validation (e.g., surgical intervention)",0
"STUDY-0019","Causal","Measurement bias","exp_bias_acc","validity","VAL",TRUE,"No",1
"STUDY-0019","Causal","Measurement bias","diff_or_nondiff_exp","validity","OK",TRUE,"Non-differential with respect to the outcome",0
"STUDY-0019","Causal","Measurement bias","dep_or_indep_misc","validity","OK",TRUE,"Independent",0
"STUDY-0019","Causal","Confounding bias","base_conf_meth","validity","VAL",TRUE,"No adjustment for baseline confounding was done",1
"STUDY-0019","Causal","Confounding bias","conf_var_det","validity","NA",TRUE,"No adjustment for baseline and time-varying confounding was done",0
"STUDY-0019","Causal","Confounding bias","tv_conf_meth","validity","NA",TRUE,"No || ",0
"STUDY-0019","Causal","Missing data","miss_outcome","reporting","OK",TRUE,"Yes",0
"STUDY-0019","Causal","Missing data","hand_miss_outcom","validity","VAL",TRUE,"No",1
"STUDY-0019","Causal","Missing data","miss_exposure","reporting","OK",TRUE,"Yes",0
"STUDY-0019","Causal","Missing data","hand_miss_exposure","validity","VAL",TRUE,"No",1
"STUDY-0019","Causal","Mentioning errors","err_disc","reporting","OK",TRUE,"Random error",0
"STUDY-0100","Causal","Random error","sample_size","reporting","OK",TRUE,"Yes",0
"STUDY-0100","Causal","Random error","acc_sampl","validity","VAL",TRUE,"No",1
"STUDY-0100","Causal","Random error","sample_ach","validity","OK",TRUE,"Yes",0
"STUDY-0100","Causal","Selection bias","base_sel","validity","VAL",TRUE,"No",1
"STUDY-0100","Causal","Selection bias","comp_dis","reporting","REP",TRUE,"No",0
"STUDY-0100","Causal","Measurement bias","val_outcome","validity","VAL",TRUE,"Yes, the authors conducted content/face validity or cited the content/face validity from other studies",0.5
"STUDY-0100","Causal","Measurement bias","out_bias_acc","validity","VAL",TRUE,"No",1
"STUDY-0100","Causal","Measurement bias","diff_or_nondiff_out","validity","VAL",TRUE,"Differential with respect to the exposure",1
"STUDY-0100","Causal","Measurement bias","val_exposure","validity","NA",TRUE,"This type of objective measurement does not usually require validation (e.g., surgical intervention)",0
"STUDY-0100","Causal","Measurement bias","exp_bias_acc","validity","VAL",TRUE,"No",1
"STUDY-0100","Causal","Measurement bias","diff_or_nondiff_exp","validity","OK",TRUE,"Non-differential with respect to the outcome",0
"STUDY-0100","Causal","Measurement bias","dep_or_indep_misc","validity","VAL",TRUE,"Dependent",1
"STUDY-0100","Causal","Confounding bias","base_conf_meth","validity","OK",TRUE,"Regression",0
"STUDY-0100","Causal","Confounding bias","conf_var_det","validity","VAL",TRUE,"Based on none of the above",0.6666667
"STUDY-0100","Causal","Confounding bias","tv_conf_meth","validity","NA",TRUE,"No || ",0
"STUDY-0100","Causal","Missing data","miss_outcome","reporting","OK",TRUE,"Yes",0
"STUDY-0100","Causal","Missing data","hand_miss_outcom","validity","VAL",TRUE,"No",1
"STUDY-0100","Causal","Missing data","miss_exposure","reporting","OK",TRUE,"Yes",0
"STUDY-0100","Causal","Missing data","hand_miss_exposure","validity","VAL",TRUE,"No",1
"STUDY-0100","Causal","Mentioning errors","err_disc","reporting","OK",TRUE,"Selection bias;Measurement bias",0
