"PMID","domain","Study_Type","state"
"STUDY-0400","Random error","Causal","REP"
"STUDY-1007","Random error","Descriptive","REP"
"STUDY-0995","Random error","Causal","NA"
"STUDY-0405","Random error","Causal","REP"
"STUDY-0531","Random error","Descriptive","REP"
"STUDY-0106","Random error","Descriptive","REP"
"STUDY-0527","Random error","Causal","OK"
"STUDY-0436","Random error","Causal","REP"
"STUDY-0427","Random error","Causal","REP"
"STUDY-0172","Random error","Causal","VAL"
"STUDY-0177","Random error","Descriptive","VAL"
"STUDY-0393","Random error","Descriptive","NA"
"STUDY-0774","Random error","Causal","OK"
"STUDY-0880","Random error","Causal","NA"
"STUDY-0914","Random error","Descriptive","NA"
"STUDY-0104","Random error","Causal","VAL"
"STUDY-0537","Random error","Descriptive","NA"
"STUDY-0658","Random error","Causal","REP"
"STUDY-0737","Random error","Descriptive","NA"
"STUDY-0220","Random error","Causal","REP"
"STUDY-0994","Random error","Causal","REP"
"STUDY-0499","Random error","Causal","OK"
"STUDY-0350","Random error","Descriptive","VAL"
"STUDY-0354","Random error","Descriptive","VAL"
"STUDY-0839","Random error","Causal","NA"
"STUDY-0750","Random error","Causal","REP"
"STUDY-0259","Random error","Causal","REP"
"STUDY-0431","Random error","Causal","REP"
"STUDY-0821","Random error","Descriptive","NA"
"STUDY-1022","Random error","Causal","REP"
"STUDY-0145","Random error","Descriptive","NA"
"STUDY-0385","Random error","Causal","VAL"
"STUDY-0397","Random error","Descriptive","REP"
"STUDY-0532","Random error","Causal","OK"
"STUDY-0284","Random error","Descriptive","REP"
"STUDY-0970","Random error","Descriptive","REP"
"STUDY-0304","Random error","Causal","VAL"
"STUDY-0487","Random error","Descriptive","VAL"
"STUDY-0362","Random error","Causal","REP"
"STUDY-0731","Random error","Descriptive","REP"
"STUDY-0322","Random error","Causal","VAL"
"STUDY-0159","Random error","Causal","REP"
"STUDY-0419","Random error","Causal","NA"
"STUDY-0333","Random error","Descriptive","NA"
"STUDY-0046","Random error","Causal","REP"
"STUDY-0355","Random error","Causal","REP"
"STUDY-0845","Random error","Causal","REP"
"STUDY-0555","Random error","Causal","REP"
"STUDY-0945","Random error","Causal","NA"
"STUDY-0365","Random error","Causal","REP"
"STUDY-0023","Random error","Causal","REP"
"STUDY-0817","Random error","Causal","OK"
"STUDY-0170","Random error","Causal","REP"
"STUDY-0442","Random error","Causal","REP"
"STUDY-0026","Random error","Causal","REP"
"STUDY-0048","Random error","Causal","NA"
"STUDY-0326","Random error","Causal","NA"
"STUDY-0144","Random error","Causal","VAL"
"STUDY-0045","Random error","Descriptive","NA"
"STUDY-0234","Random error","Descriptive","VAL"
"STUDY-0788","Random error","Causal","REP"
"STUDY-0521","Random error","Causal","NA"
"STUDY-0192","Random error","Causal","VAL"
"STUDY-0049","Random error","Causal","VAL"
"STUDY-0012","Random error","Descriptive","VAL"
"STUDY-0141","Random error","Causal","REP"
"STUDY-0671","Random error","Causal","REP"
"STUDY-0924","Random error","Descriptive","OK"
"STUDY-0182","Random error","Causal","REP"
"STUDY-0597","Random error","Causal","REP"
"STUDY-0149","Random error","Causal","REP"
"STUDY-0256","Random error","Causal","NA"
"STUDY-0157","Random error","Causal","REP"
"STUDY-0972","Random error","Causal","REP"
"STUDY-0766","Random error","Descriptive","REP"
"STUDY-0257","Random error","Causal","REP"
"STUDY-0819","Random error","Causal","REP"
"STUDY-0611","Random error","Causal","VAL"
"STUDY-0942","Random error","Causal","VAL"
"STUDY-0492","Random error","Descriptive","NA"
"STUDY-0739","Random error","Causal","REP"
"STUDY-0306","Random error","Causal","NA"
"STUDY-0112","Random error","Causal","REP"
"STUDY-0613","Random error","Causal","REP"
"STUDY-0522","Random error","Causal","VAL"
"STUDY-0792","Random error","Causal","NA"
"STUDY-0248","Random error","Causal","VAL"
"STUDY-0189","Random error","Causal","VAL"
"STUDY-0701","Random error","Descriptive","REP"
"STUDY-0040","Random error","Causal","OK"
"STUDY-0402","Random error","Descriptive","VAL"
"STUDY-0977","Random error","Causal","REP"
"STUDY-0429","Random error","Causal","OK"
"STUDY-0589","Random error","Causal","REP"
"STUDY-0933","Random error","Causal","REP"
"STUDY-0330","Random error","Causal","OK"
"STUDY-0922","Random error","Causal","REP"
"STUDY-0600","Random error","Causal","VAL"
"STUDY-0119","Random error","Causal","REP"
"STUDY-0251","Random error","Causal","REP"
"STUDY-0932","Random error","Causal","REP"
"STUDY-0749","Random error","Descriptive","NA"
"STUDY-0517","Random error","Causal","REP"
"STUDY-0210","Random error","Descriptive","REP"
"STUDY-0923","Random error","Causal","REP"
"STUDY-0214","Random error","Causal","NA"
"STUDY-0565","Random error","Causal","VAL"
"STUDY-0899","Random error","Causal","VAL"
"STUDY-0094","Random error","Causal","REP"
"STUDY-0809","Random error","Causal","VAL"
"STUDY-0793","Random error","Causal","VAL"
"STUDY-0387","Random error","Descriptive","VAL"
"STUDY-0700","Random error","Causal","VAL"
"STUDY-0805","Random error","Causal","OK"
"STUDY-0780","Random error","Causal","NA"
"STUDY-0184","Random error","Causal","VAL"
"STUDY-0205","Random error","Causal","REP"
"STUDY-0740","Random error","Causal","VAL"
"STUDY-0930","Random error","Causal","VAL"
"STUDY-1026","Random error","Descriptive","NA"
"STUDY-0649","Random error","Causal","NA"
"STUDY-0133","Random error","Causal","REP"
"STUDY-0542","Random error","Causal","REP"
"STUDY-0337","Random error","Causal","REP"
"STUDY-0702","Random error","Descriptive","VAL"
"STUDY-0541","Random error","Descriptive","NA"
"STUDY-0840","Random error","Causal","NA"
"STUDY-0447","Random error","Causal","VAL"
"STUDY-0634","Random error","Descriptive","REP"
"STUDY-0037","Random error","Causal","VAL"
"STUDY-1021","Random error","Descriptive","VAL"
"STUDY-0268","Random error","Causal","NA"
"STUDY-0943","Random error","Descriptive","REP"
"STUDY-0760","Random error","Descriptive","REP"
"STUDY-0549","Random error","Causal","VAL"
"STUDY-0161","Random error","Causal","REP"
"STUDY-0064","Random error","Causal","REP"
"STUDY-0952","Random error","Descriptive","OK"
"STUDY-0471","Random error","Causal","REP"
"STUDY-0135","Random error","Causal","REP"
"STUDY-0963","Random error","Causal","REP"
"STUDY-0494","Random error","Causal","OK"
"STUDY-0577","Random error","Causal","OK"
"STUDY-0598","Random error","Causal","VAL"
"STUDY-0093","Random error","Causal","NA"
"STUDY-0006","Random error","Causal","REP"
"STUDY-0698","Random error","Causal","REP"
"STUDY-0603","Random error","Causal","OK"
"STUDY-1001","Random error","Causal","REP"
"STUDY-0423","Random error","Causal","REP"
"STUDY-0086","Random error","Descriptive","REP"
"STUDY-0207","Random error","Causal","REP"
"STUDY-0109","Random error","Causal","VAL"
"STUDY-1016","Random error","Descriptive","NA"
"STUDY-0473","Random error","Descriptive","OK"
"STUDY-0295","Random error","Causal","VAL"
"STUDY-0516","Random error","Causal","NA"
"STUDY-0803","Random error","Descriptive","NA"
"STUDY-0307","Random error","Causal","OK"
"STUDY-0560","Random error","Descriptive","NA"
"STUDY-0132","Random error","Causal","NA"
"STUDY-0852","Random error","Causal","REP"
"STUDY-0231","Random error","Causal","REP"
"STUDY-0595","Random error","Causal","REP"
"STUDY-0834","Random error","Causal","OK"
"STUDY-0865","Random error","Descriptive","NA"
"STUDY-0339","Random error","Descriptive","NA"
"STUDY-0773","Random error","Descriptive","VAL"
"STUDY-0744","Random error","Causal","REP"
"STUDY-0475","Random error","Causal","NA"
"STUDY-0853","Random error","Causal","NA"
"STUDY-0403","Random error","Causal","NA"
"STUDY-0628","Random error","Causal","REP"
"STUDY-0653","Random error","Causal","VAL"
"STUDY-0005","Random error","Causal","REP"
"STUDY-0162","Random error","Causal","NA"
"STUDY-0728","Random error","Causal","VAL"
"STUDY-0590","Random error","Causal","VAL"
"STUDY-0440","Random error","Descriptive","NA"
"STUDY-0450","Random error","Causal","VAL"
"STUDY-0416","Random error","Causal","REP"
"STUDY-0557","Random error","Causal","REP"
"STUDY-0352","Random error","Causal","VAL"
"STUDY-0468","Random error","Descriptive","REP"
"STUDY-0665","Random error","Causal","NA"
"STUDY-0988","Random error","Causal","REP"
"STUDY-0252","Random error","Causal","VAL"
"STUDY-0986","Random error","Causal","REP"
"STUDY-0781","Random error","Causal","REP"
"STUDY-0360","Random error","Causal","OK"
"STUDY-1003","Random error","Descriptive","REP"
"STUDY-0062","Random error","Causal","VAL"
"STUDY-0630","Random error","Causal","NA"
"STUDY-0335","Random error","Causal","NA"
"STUDY-0096","Random error","Causal","REP"
"STUDY-0778","Random error","Descriptive","NA"
"STUDY-0878","Random error","Causal","REP"
"STUDY-0864","Random error","Descriptive","REP"
"STUDY-0902","Random error","Descriptive","REP"
"STUDY-0345","Random error","Descriptive","REP"
"STUDY-0472","Random error","Descriptive","REP"
"STUDY-0331","Random error","Causal","REP"
"STUDY-0476","Random error","Causal","VAL"
"STUDY-1013","Random error","Causal","VAL"
"STUDY-0194","Random error","Descriptive","REP"
"STUDY-0736","Random error","Causal","VAL"
"STUDY-0647","Random error","Causal","REP"
"STUDY-0978","Random error","Causal","REP"
"STUDY-0188","Random error","Causal","REP"
"STUDY-0940","Random error","Causal","OK"
"STUDY-0605","Random error","Causal","REP"
"STUDY-0084","Random error","Causal","VAL"
"STUDY-0415","Random error","Causal","REP"
"STUDY-0426","Random error","Causal","NA"
"STUDY-0824","Random error","Descriptive","REP"
"STUDY-0974","Random error","Descriptive","NA"
"STUDY-0679","Random error","Causal","REP"
"STUDY-0115","Random error","Causal","VAL"
"STUDY-0764","Random error","Causal","OK"
"STUDY-0677","Random error","Causal","REP"
"STUDY-0320","Random error","Causal","OK"
"STUDY-0280","Random error","Descriptive","NA"
"STUDY-0434","Random error","Causal","VAL"
"STUDY-0237","Random error","Causal","REP"
"STUDY-0329","Random error","Causal","REP"
"STUDY-0561","Random error","Causal","VAL"
"STUDY-0130","Random error","Descriptive","VAL"
"STUDY-0083","Random error","Causal","REP"
"STUDY-0633","Random error","Causal","REP"
"STUDY-0876","Random error","Causal","REP"
"STUDY-0669","Random error","Causal","VAL"
"STUDY-0074","Random error","Descriptive","NA"
"STUDY-0055","Random error","Descriptive","REP"
"STUDY-0722","Random error","Descriptive","REP"
"STUDY-0947","Random error","Descriptive","REP"
"STUDY-0245","Random error","Descriptive","NA"
"STUDY-0379","Random error","Causal","OK"
"STUDY-0887","Random error","Causal","REP"
"STUDY-0695","Random error","Causal","REP"
"STUDY-0762","Random error","Causal","NA"
"STUDY-0823","Random error","Causal","REP"
"STUDY-0536","Random error","Causal","VAL"
"STUDY-0650","Random error","Causal","NA"
"STUDY-0273","Random error","Causal","VAL"
"STUDY-0961","Random error","Causal","REP"
"STUDY-0609","Random error","Causal","VAL"
"STUDY-0976","Random error","Causal","REP"
"STUDY-0282","Random error","Causal","VAL"
"STUDY-0867","Random error","Descriptive","REP"
"STUDY-0794","Random error","Descriptive","REP"
"STUDY-0829","Random error","Causal","VAL"
"STUDY-0875","Random error","Descriptive","VAL"
"STUDY-0443","Random error","Causal","REP"
"STUDY-0269","Random error","Causal","NA"
"STUDY-0241","Random error","Causal","REP"
"STUDY-0336","Random error","Causal","VAL"
"STUDY-0812","Random error","Causal","VAL"
"STUDY-0567","Random error","Causal","NA"
"STUDY-0232","Random error","Descriptive","NA"
"STUDY-0648","Random error","Descriptive","REP"
"STUDY-0656","Random error","Causal","VAL"
"STUDY-0185","Random error","Descriptive","REP"
"STUDY-0991","Random error","Causal","VAL"
"STUDY-0047","Random error","Descriptive","REP"
"STUDY-0186","Random error","Descriptive","OK"
"STUDY-0713","Random error","Causal","OK"
"STUDY-0710","Random error","Causal","REP"
"STUDY-0520","Random error","Descriptive","REP"
"STUDY-0156","Random error","Descriptive","REP"
"STUDY-0944","Random error","Descriptive","REP"
"STUDY-0305","Random error","Causal","VAL"
"STUDY-0676","Random error","Causal","REP"
"STUDY-0927","Random error","Causal","OK"
"STUDY-0906","Random error","Causal","NA"
"STUDY-0501","Random error","Causal","VAL"
"STUDY-0868","Random error","Causal","NA"
"STUDY-0183","Random error","Causal","VAL"
"STUDY-0053","Random error","Descriptive","REP"
"STUDY-0981","Random error","Causal","REP"
"STUDY-0831","Random error","Causal","NA"
"STUDY-0519","Random error","Causal","VAL"
"STUDY-0017","Random error","Causal","REP"
"STUDY-0621","Random error","Causal","NA"
"STUDY-0905","Random error","Descriptive","VAL"
"STUDY-0143","Random error","Descriptive","NA"
"STUDY-0644","Random error","Causal","REP"
"STUDY-0441","Random error","Descriptive","REP"
"STUDY-0030","Random error","Causal","NA"
"STUDY-0807","Random error","Causal","REP"
"STUDY-0371","Random error","Causal","REP"
"STUDY-0911","Random error","Causal","VAL"
"STUDY-0430","Random error","Causal","REP"
"STUDY-0968","Random error","Causal","NA"
"STUDY-0919","Random error","Causal","REP"
"STUDY-0460","Random error","Causal","REP"
"STUDY-0617","Random error","Descriptive","NA"
"STUDY-0674","Random error","Causal","NA"
"STUDY-0299","Random error","Causal","REP"
"STUDY-0580","Random error","Descriptive","OK"
"STUDY-0425","Random error","Causal","REP"
"STUDY-0783","Random error","Causal","OK"
"STUDY-0466","Random error","Causal","REP"
"STUDY-0380","Random error","Causal","NA"
"STUDY-0196","Random error","Causal","REP"
"STUDY-0437","Random error","Causal","REP"
"STUDY-0566","Random error","Causal","VAL"
"STUDY-0928","Random error","Descriptive","OK"
"STUDY-0202","Random error","Causal","VAL"
"STUDY-0019","Random error","Causal","REP"
"STUDY-0100","Random error","Causal","VAL"
"STUDY-0400","Selection bias","Causal","VAL"
"STUDY-1007","Selection bias","Descriptive","VAL"
"STUDY-0995","Selection bias","Causal","REP"
"STUDY-0405","Selection bias","Causal","VAL"
"STUDY-0531","Selection bias","Descriptive","VAL"
"STUDY-0106","Selection bias","Descriptive","VAL"
"STUDY-0527","Selection bias","Causal","VAL"
"STUDY-0436","Selection bias","Causal","VAL"
"STUDY-0427","Selection bias","Causal","VAL"
"STUDY-0172","Selection bias","Causal","VAL"
"STUDY-0177","Selection bias","Descriptive","VAL"
"STUDY-0393","Selection bias","Descriptive","OK"
"STUDY-0774","Selection bias","Causal","VAL"
"STUDY-0880","Selection bias","Causal","REP"
"STUDY-0914","Selection bias","Descriptive","OK"
"STUDY-0104","Selection bias","Causal","OK"
"STUDY-0537","Selection bias","Descriptive","OK"
"STUDY-0658","Selection bias","Causal","VAL"
"STUDY-0737","Selection bias","Descriptive","OK"
"STUDY-0220","Selection bias","Causal","VAL"
"STUDY-0994","Selection bias","Causal","REP"
"STUDY-0499","Selection bias","Causal","VAL"
"STUDY-0350","Selection bias","Descriptive","VAL"
"STUDY-0354","Selection bias","Descriptive","VAL"
"STUDY-0839","Selection bias","Causal","REP"
"STUDY-0750","Selection bias","Causal","VAL"
"STUDY-0259","Selection bias","Causal","VAL"
"STUDY-0431","Selection bias","Causal","VAL"
"STUDY-0821","Selection bias","Descriptive","VAL"
"STUDY-1022","Selection bias","Causal","REP"
"STUDY-0145","Selection bias","Descriptive","OK"
"STUDY-0385","Selection bias","Causal","VAL"
"STUDY-0397","Selection bias","Descriptive","VAL"
"STUDY-0532","Selection bias","Causal","VAL"
"STUDY-0284","Selection bias","Descriptive","VAL"
"STUDY-0970","Selection bias","Descriptive","VAL"
"STUDY-0304","Selection bias","Causal","VAL"
"STUDY-0487","Selection bias","Descriptive","VAL"
"STUDY-0362","Selection bias","Causal","REP"
"STUDY-0731","Selection bias","Descriptive","VAL"
"STUDY-0322","Selection bias","Causal","VAL"
"STUDY-0159","Selection bias","Causal","VAL"
"STUDY-0419","Selection bias","Causal","OK"
"STUDY-0333","Selection bias","Descriptive","VAL"
"STUDY-0046","Selection bias","Causal","VAL"
"STUDY-0355","Selection bias","Causal","VAL"
"STUDY-0845","Selection bias","Causal","VAL"
"STUDY-0555","Selection bias","Causal","OK"
"STUDY-0945","Selection bias","Causal","VAL"
"STUDY-0365","Selection bias","Causal","VAL"
"STUDY-0023","Selection bias","Causal","VAL"
"STUDY-0817","Selection bias","Causal","VAL"
"STUDY-0170","Selection bias","Causal","VAL"
"STUDY-0442","Selection bias","Causal","VAL"
"STUDY-0026","Selection bias","Causal","VAL"
"STUDY-0048","Selection bias","Causal","REP"
"STUDY-0326","Selection bias","Causal","OK"
"STUDY-0144","Selection bias","Causal","VAL"
"STUDY-0045","Selection bias","Descriptive","OK"
"STUDY-0234","Selection bias","Descriptive","VAL"
"STUDY-0788","Selection bias","Causal","VAL"
"STUDY-0521","Selection bias","Causal","REP"
"STUDY-0192","Selection bias","Causal","VAL"
"STUDY-0049","Selection bias","Causal","VAL"
"STUDY-0012","Selection bias","Descriptive","VAL"
"STUDY-0141","Selection bias","Causal","VAL"
"STUDY-0671","Selection bias","Causal","VAL"
"STUDY-0924","Selection bias","Descriptive","VAL"
"STUDY-0182","Selection bias","Causal","VAL"
"STUDY-0597","Selection bias","Causal","VAL"
"STUDY-0149","Selection bias","Causal","VAL"
"STUDY-0256","Selection bias","Causal","VAL"
"STUDY-0157","Selection bias","Causal","VAL"
"STUDY-0972","Selection bias","Causal","VAL"
"STUDY-0766","Selection bias","Descriptive","VAL"
"STUDY-0257","Selection bias","Causal","VAL"
"STUDY-0819","Selection bias","Causal","VAL"
"STUDY-0611","Selection bias","Causal","VAL"
"STUDY-0942","Selection bias","Causal","VAL"
"STUDY-0492","Selection bias","Descriptive","OK"
"STUDY-0739","Selection bias","Causal","VAL"
"STUDY-0306","Selection bias","Causal","VAL"
"STUDY-0112","Selection bias","Causal","VAL"
"STUDY-0613","Selection bias","Causal","VAL"
"STUDY-0522","Selection bias","Causal","VAL"
"STUDY-0792","Selection bias","Causal","OK"
"STUDY-0248","Selection bias","Causal","VAL"
"STUDY-0189","Selection bias","Causal","REP"
"STUDY-0701","Selection bias","Descriptive","VAL"
"STUDY-0040","Selection bias","Causal","VAL"
"STUDY-0402","Selection bias","Descriptive","VAL"
"STUDY-0977","Selection bias","Causal","VAL"
"STUDY-0429","Selection bias","Causal","VAL"
"STUDY-0589","Selection bias","Causal","VAL"
"STUDY-0933","Selection bias","Causal","VAL"
"STUDY-0330","Selection bias","Causal","VAL"
"STUDY-0922","Selection bias","Causal","VAL"
"STUDY-0600","Selection bias","Causal","VAL"
"STUDY-0119","Selection bias","Causal","VAL"
"STUDY-0251","Selection bias","Causal","VAL"
"STUDY-0932","Selection bias","Causal","VAL"
"STUDY-0749","Selection bias","Descriptive","OK"
"STUDY-0517","Selection bias","Causal","VAL"
"STUDY-0210","Selection bias","Descriptive","VAL"
"STUDY-0923","Selection bias","Causal","VAL"
"STUDY-0214","Selection bias","Causal","OK"
"STUDY-0565","Selection bias","Causal","VAL"
"STUDY-0899","Selection bias","Causal","VAL"
"STUDY-0094","Selection bias","Causal","VAL"
"STUDY-0809","Selection bias","Causal","VAL"
"STUDY-0793","Selection bias","Causal","VAL"
"STUDY-0387","Selection bias","Descriptive","VAL"
"STUDY-0700","Selection bias","Causal","OK"
"STUDY-0805","Selection bias","Causal","VAL"
"STUDY-0780","Selection bias","Causal","VAL"
"STUDY-0184","Selection bias","Causal","VAL"
"STUDY-0205","Selection bias","Causal","VAL"
"STUDY-0740","Selection bias","Causal","VAL"
"STUDY-0930","Selection bias","Causal","VAL"
"STUDY-1026","Selection bias","Descriptive","OK"
"STUDY-0649","Selection bias","Causal","REP"
"STUDY-0133","Selection bias","Causal","VAL"
"STUDY-0542","Selection bias","Causal","VAL"
"STUDY-0337","Selection bias","Causal","VAL"
"STUDY-0702","Selection bias","Descriptive","VAL"
"STUDY-0541","Selection bias","Descriptive","OK"
"STUDY-0840","Selection bias","Causal","OK"
"STUDY-0447","Selection bias","Causal","VAL"
"STUDY-0634","Selection bias","Descriptive","VAL"
"STUDY-0037","Selection bias","Causal","VAL"
"STUDY-1021","Selection bias","Descriptive","VAL"
"STUDY-0268","Selection bias","Causal","REP"
"STUDY-0943","Selection bias","Descriptive","VAL"
"STUDY-0760","Selection bias","Descriptive","VAL"
"STUDY-0549","Selection bias","Causal","VAL"
"STUDY-0161","Selection bias","Causal","VAL"
"STUDY-0064","Selection bias","Causal","VAL"
"STUDY-0952","Selection bias","Descriptive","VAL"
"STUDY-0471","Selection bias","Causal","VAL"
"STUDY-0135","Selection bias","Causal","VAL"
"STUDY-0963","Selection bias","Causal","VAL"
"STUDY-0494","Selection bias","Causal","VAL"
"STUDY-0577","Selection bias","Causal","OK"
"STUDY-0598","Selection bias","Causal","VAL"
"STUDY-0093","Selection bias","Causal","REP"
"STUDY-0006","Selection bias","Causal","VAL"
"STUDY-0698","Selection bias","Causal","VAL"
"STUDY-0603","Selection bias","Causal","VAL"
"STUDY-1001","Selection bias","Causal","VAL"
"STUDY-0423","Selection bias","Causal","VAL"
"STUDY-0086","Selection bias","Descriptive","VAL"
"STUDY-0207","Selection bias","Causal","VAL"
"STUDY-0109","Selection bias","Causal","VAL"
"STUDY-1016","Selection bias","Descriptive","OK"
"STUDY-0473","Selection bias","Descriptive","VAL"
"STUDY-0295","Selection bias","Causal","VAL"
"STUDY-0516","Selection bias","Causal","OK"
"STUDY-0803","Selection bias","Descriptive","OK"
"STUDY-0307","Selection bias","Causal","OK"
"STUDY-0560","Selection bias","Descriptive","VAL"
"STUDY-0132","Selection bias","Causal","REP"
"STUDY-0852","Selection bias","Causal","VAL"
"STUDY-0231","Selection bias","Causal","VAL"
"STUDY-0595","Selection bias","Causal","VAL"
"STUDY-0834","Selection bias","Causal","VAL"
"STUDY-0865","Selection bias","Descriptive","OK"
"STUDY-0339","Selection bias","Descriptive","OK"
"STUDY-0773","Selection bias","Descriptive","VAL"
"STUDY-0744","Selection bias","Causal","VAL"
"STUDY-0475","Selection bias","Causal","OK"
"STUDY-0853","Selection bias","Causal","OK"
"STUDY-0403","Selection bias","Causal","OK"
"STUDY-0628","Selection bias","Causal","VAL"
"STUDY-0653","Selection bias","Causal","VAL"
"STUDY-0005","Selection bias","Causal","VAL"
"STUDY-0162","Selection bias","Causal","VAL"
"STUDY-0728","Selection bias","Causal","VAL"
"STUDY-0590","Selection bias","Causal","VAL"
"STUDY-0440","Selection bias","Descriptive","OK"
"STUDY-0450","Selection bias","Causal","VAL"
"STUDY-0416","Selection bias","Causal","VAL"
"STUDY-0557","Selection bias","Causal","VAL"
"STUDY-0352","Selection bias","Causal","VAL"
"STUDY-0468","Selection bias","Descriptive","OK"
"STUDY-0665","Selection bias","Causal","OK"
"STUDY-0988","Selection bias","Causal","VAL"
"STUDY-0252","Selection bias","Causal","VAL"
"STUDY-0986","Selection bias","Causal","VAL"
"STUDY-0781","Selection bias","Causal","VAL"
"STUDY-0360","Selection bias","Causal","VAL"
"STUDY-1003","Selection bias","Descriptive","VAL"
"STUDY-0062","Selection bias","Causal","VAL"
"STUDY-0630","Selection bias","Causal","REP"
"STUDY-0335","Selection bias","Causal","OK"
"STUDY-0096","Selection bias","Causal","VAL"
"STUDY-0778","Selection bias","Descriptive","OK"
"STUDY-0878","Selection bias","Causal","VAL"
"STUDY-0864","Selection bias","Descriptive","VAL"
"STUDY-0902","Selection bias","Descriptive","OK"
"STUDY-0345","Selection bias","Descriptive","OK"
"STUDY-0472","Selection bias","Descriptive","VAL"
"STUDY-0331","Selection bias","Causal","VAL"
"STUDY-0476","Selection bias","Causal","VAL"
"STUDY-1013","Selection bias","Causal","VAL"
"STUDY-0194","Selection bias","Descriptive","VAL"
"STUDY-0736","Selection bias","Causal","VAL"
"STUDY-0647","Selection bias","Causal","VAL"
"STUDY-0978","Selection bias","Causal","VAL"
"STUDY-0188","Selection bias","Causal","VAL"
"STUDY-0940","Selection bias","Causal","VAL"
"STUDY-0605","Selection bias","Causal","VAL"
"STUDY-0084","Selection bias","Causal","REP"
"STUDY-0415","Selection bias","Causal","VAL"
"STUDY-0426","Selection bias","Causal","REP"
"STUDY-0824","Selection bias","Descriptive","VAL"
"STUDY-0974","Selection bias","Descriptive","OK"
"STUDY-0679","Selection bias","Causal","VAL"
"STUDY-0115","Selection bias","Causal","VAL"
"STUDY-0764","Selection bias","Causal","VAL"
"STUDY-0677","Selection bias","Causal","VAL"
"STUDY-0320","Selection bias","Causal","OK"
"STUDY-0280","Selection bias","Descriptive","OK"
"STUDY-0434","Selection bias","Causal","VAL"
"STUDY-0237","Selection bias","Causal","VAL"
"STUDY-0329","Selection bias","Causal","VAL"
"STUDY-0561","Selection bias","Causal","OK"
"STUDY-0130","Selection bias","Descriptive","VAL"
"STUDY-0083","Selection bias","Causal","VAL"
"STUDY-0633","Selection bias","Causal","VAL"
"STUDY-0876","Selection bias","Causal","VAL"
"STUDY-0669","Selection bias","Causal","VAL"
"STUDY-0074","Selection bias","Descriptive","OK"
"STUDY-0055","Selection bias","Descriptive","VAL"
"STUDY-0722","Selection bias","Descriptive","VAL"
"STUDY-0947","Selection bias","Descriptive","VAL"
"STUDY-0245","Selection bias","Descriptive","VAL"
"STUDY-0379","Selection bias","Causal","VAL"
"STUDY-0887","Selection bias","Causal","VAL"
"STUDY-0695","Selection bias","Causal","VAL"
"STUDY-0762","Selection bias","Causal","OK"
"STUDY-0823","Selection bias","Causal","VAL"
"STUDY-0536","Selection bias","Causal","VAL"
"STUDY-0650","Selection bias","Causal","VAL"
"STUDY-0273","Selection bias","Causal","VAL"
"STUDY-0961","Selection bias","Causal","VAL"
"STUDY-0609","Selection bias","Causal","VAL"
"STUDY-0976","Selection bias","Causal","VAL"
"STUDY-0282","Selection bias","Causal","VAL"
"STUDY-0867","Selection bias","Descriptive","VAL"
"STUDY-0794","Selection bias","Descriptive","VAL"
"STUDY-0829","Selection bias","Causal","OK"
"STUDY-0875","Selection bias","Descriptive","VAL"
"STUDY-0443","Selection bias","Causal","VAL"
"STUDY-0269","Selection bias","Causal","REP"
"STUDY-0241","Selection bias","Causal","VAL"
"STUDY-0336","Selection bias","Causal","OK"
"STUDY-0812","Selection bias","Causal","VAL"
"STUDY-0567","Selection bias","Causal","VAL"
"STUDY-0232","Selection bias","Descriptive","OK"
"STUDY-0648","Selection bias","Descriptive","VAL"
"STUDY-0656","Selection bias","Causal","VAL"
"STUDY-0185","Selection bias","Descriptive","VAL"
"STUDY-0991","Selection bias","Causal","VAL"
"STUDY-0047","Selection bias","Descriptive","VAL"
"STUDY-0186","Selection bias","Descriptive","VAL"
"STUDY-0713","Selection bias","Causal","VAL"
"STUDY-0710","Selection bias","Causal","VAL"
"STUDY-0520","Selection bias","Descriptive","OK"
"STUDY-0156","Selection bias","Descriptive","VAL"
"STUDY-0944","Selection bias","Descriptive","VAL"
"STUDY-0305","Selection bias","Causal","VAL"
"STUDY-0676","Selection bias","Causal","VAL"
"STUDY-0927","Selection bias","Causal","VAL"
"STUDY-0906","Selection bias","Causal","REP"
"STUDY-0501","Selection bias","Causal","VAL"
"STUDY-0868","Selection bias","Causal","OK"
"STUDY-0183","Selection bias","Causal","VAL"
"STUDY-0053","Selection bias","Descriptive","VAL"
"STUDY-0981","Selection bias","Causal","VAL"
"STUDY-0831","Selection bias","Causal","OK"
"STUDY-0519","Selection bias","Causal","VAL"
"STUDY-0017","Selection bias","Causal","VAL"
"STUDY-0621","Selection bias","Causal","VAL"
"STUDY-0905","Selection bias","Descriptive","VAL"
"STUDY-0143","Selection bias","Descriptive","OK"
"STUDY-0644","Selection bias","Causal","VAL"
"STUDY-0441","Selection bias","Descriptive","VAL"
"STUDY-0030","Selection bias","Causal","OK"
"STUDY-0807","Selection bias","Causal","VAL"
"STUDY-0371","Selection bias","Causal","VAL"
"STUDY-0911","Selection bias","Causal","VAL"
"STUDY-0430","Selection bias","Causal","VAL"
"STUDY-0968","Selection bias","Causal","VAL"
"STUDY-0919","Selection bias","Causal","VAL"
"STUDY-0460","Selection bias","Causal","VAL"
"STUDY-0617","Selection bias","Descriptive","OK"
"STUDY-0674","Selection bias","Causal","REP"
"STUDY-0299","Selection bias","Causal","VAL"
"STUDY-0580","Selection bias","Descriptive","VAL"
"STUDY-0425","Selection bias","Causal","VAL"
"STUDY-0783","Selection bias","Causal","OK"
"STUDY-0466","Selection bias","Causal","VAL"
"STUDY-0380","Selection bias","Causal","OK"
"STUDY-0196","Selection bias","Causal","VAL"
"STUDY-0437","Selection bias","Causal","REP"
"STUDY-0566","Selection bias","Causal","VAL"
"STUDY-0928","Selection bias","Descriptive","VAL"
"STUDY-0202","Selection bias","Causal","VAL"
"STUDY-0019","Selection bias","Causal","VAL"
"STUDY-0100","Selection bias","Causal","VAL"
"STUDY-0400","Measurement bias","Causal","VAL"
"STUDY-1007","Measurement bias","Descriptive","VAL"
"STUDY-0995","Measurement bias","Causal","VAL"
"STUDY-0405","Measurement bias","Causal","VAL"
"STUDY-0531","Measurement bias","Descriptive","VAL"
"STUDY-0106","Measurement bias","Descriptive","VAL"
"STUDY-0527","Measurement bias","Causal","VAL"
"STUDY-0436","Measurement bias","Causal","VAL"
"STUDY-0427","Measurement bias","Causal","VAL"
"STUDY-0172","Measurement bias","Causal","VAL"
"STUDY-0177","Measurement bias","Descriptive","VAL"
"STUDY-0393","Measurement bias","Descriptive","VAL"
"STUDY-0774","Measurement bias","Causal","VAL"
"STUDY-0880","Measurement bias","Causal","VAL"
"STUDY-0914","Measurement bias","Descriptive","VAL"
"STUDY-0104","Measurement bias","Causal","VAL"
"STUDY-0537","Measurement bias","Descriptive","VAL"
"STUDY-0658","Measurement bias","Causal","VAL"
"STUDY-0737","Measurement bias","Descriptive","VAL"
"STUDY-0220","Measurement bias","Causal","VAL"
"STUDY-0994","Measurement bias","Causal","VAL"
"STUDY-0499","Measurement bias","Causal","VAL"
"STUDY-0350","Measurement bias","Descriptive","VAL"
"STUDY-0354","Measurement bias","Descriptive","VAL"
"STUDY-0839","Measurement bias","Causal","VAL"
"STUDY-0750","Measurement bias","Causal","VAL"
"STUDY-0259","Measurement bias","Causal","VAL"
"STUDY-0431","Measurement bias","Causal","VAL"
"STUDY-0821","Measurement bias","Descriptive","VAL"
"STUDY-1022","Measurement bias","Causal","VAL"
"STUDY-0145","Measurement bias","Descriptive","VAL"
"STUDY-0385","Measurement bias","Causal","VAL"
"STUDY-0397","Measurement bias","Descriptive","VAL"
"STUDY-0532","Measurement bias","Causal","VAL"
"STUDY-0284","Measurement bias","Descriptive","VAL"
"STUDY-0970","Measurement bias","Descriptive","VAL"
"STUDY-0304","Measurement bias","Causal","VAL"
"STUDY-0487","Measurement bias","Descriptive","VAL"
"STUDY-0362","Measurement bias","Causal","VAL"
"STUDY-0731","Measurement bias","Descriptive","VAL"
"STUDY-0322","Measurement bias","Causal","VAL"
"STUDY-0159","Measurement bias","Causal","VAL"
"STUDY-0419","Measurement bias","Causal","VAL"
"STUDY-0333","Measurement bias","Descriptive","VAL"
"STUDY-0046","Measurement bias","Causal","VAL"
"STUDY-0355","Measurement bias","Causal","VAL"
"STUDY-0845","Measurement bias","Causal","VAL"
"STUDY-0555","Measurement bias","Causal","VAL"
"STUDY-0945","Measurement bias","Causal","VAL"
"STUDY-0365","Measurement bias","Causal","VAL"
"STUDY-0023","Measurement bias","Causal","VAL"
"STUDY-0817","Measurement bias","Causal","VAL"
"STUDY-0170","Measurement bias","Causal","VAL"
"STUDY-0442","Measurement bias","Causal","VAL"
"STUDY-0026","Measurement bias","Causal","VAL"
"STUDY-0048","Measurement bias","Causal","VAL"
"STUDY-0326","Measurement bias","Causal","VAL"
"STUDY-0144","Measurement bias","Causal","VAL"
"STUDY-0045","Measurement bias","Descriptive","VAL"
"STUDY-0234","Measurement bias","Descriptive","VAL"
"STUDY-0788","Measurement bias","Causal","VAL"
"STUDY-0521","Measurement bias","Causal","VAL"
"STUDY-0192","Measurement bias","Causal","VAL"
"STUDY-0049","Measurement bias","Causal","VAL"
"STUDY-0012","Measurement bias","Descriptive","VAL"
"STUDY-0141","Measurement bias","Causal","VAL"
"STUDY-0671","Measurement bias","Causal","VAL"
"STUDY-0924","Measurement bias","Descriptive","VAL"
"STUDY-0182","Measurement bias","Causal","VAL"
"STUDY-0597","Measurement bias","Causal","VAL"
"STUDY-0149","Measurement bias","Causal","VAL"
"STUDY-0256","Measurement bias","Causal","VAL"
"STUDY-0157","Measurement bias","Causal","VAL"
"STUDY-0972","Measurement bias","Causal","VAL"
"STUDY-0766","Measurement bias","Descriptive","VAL"
"STUDY-0257","Measurement bias","Causal","VAL"
"STUDY-0819","Measurement bias","Causal","VAL"
"STUDY-0611","Measurement bias","Causal","VAL"
"STUDY-0942","Measurement bias","Causal","VAL"
"STUDY-0492","Measurement bias","Descriptive","VAL"
"STUDY-0739","Measurement bias","Causal","VAL"
"STUDY-0306","Measurement bias","Causal","VAL"
"STUDY-0112","Measurement bias","Causal","VAL"
"STUDY-0613","Measurement bias","Causal","VAL"
"STUDY-0522","Measurement bias","Causal","VAL"
"STUDY-0792","Measurement bias","Causal","VAL"
"STUDY-0248","Measurement bias","Causal","VAL"
"STUDY-0189","Measurement bias","Causal","VAL"
"STUDY-0701","Measurement bias","Descriptive","VAL"
"STUDY-0040","Measurement bias","Causal","VAL"
"STUDY-0402","Measurement bias","Descriptive","OK"
"STUDY-0977","Measurement bias","Causal","VAL"
"STUDY-0429","Measurement bias","Causal","VAL"
"STUDY-0589","Measurement bias","Causal","VAL"
"STUDY-0933","Measurement bias","Causal","VAL"
"STUDY-0330","Measurement bias","Causal","VAL"
"STUDY-0922","Measurement bias","Causal","VAL"
"STUDY-0600","Measurement bias","Causal","VAL"
"STUDY-0119","Measurement bias","Causal","VAL"
"STUDY-0251","Measurement bias","Causal","VAL"
"STUDY-0932","Measurement bias","Causal","VAL"
"STUDY-0749","Measurement bias","Descriptive","VAL"
"STUDY-0517","Measurement bias","Causal","VAL"
"STUDY-0210","Measurement bias","Descriptive","VAL"
"STUDY-0923","Measurement bias","Causal","VAL"
"STUDY-0214","Measurement bias","Causal","VAL"
"STUDY-0565","Measurement bias","Causal","VAL"
"STUDY-0899","Measurement bias","Causal","VAL"
"STUDY-0094","Measurement bias","Causal","VAL"
"STUDY-0809","Measurement bias","Causal","VAL"
"STUDY-0793","Measurement bias","Causal","VAL"
"STUDY-0387","Measurement bias","Descriptive","VAL"
"STUDY-0700","Measurement bias","Causal","VAL"
"STUDY-0805","Measurement bias","Causal","VAL"
"STUDY-0780","Measurement bias","Causal","VAL"
"STUDY-0184","Measurement bias","Causal","VAL"
"STUDY-0205","Measurement bias","Causal","VAL"
"STUDY-0740","Measurement bias","Causal","VAL"
"STUDY-0930","Measurement bias","Causal","VAL"
"STUDY-1026","Measurement bias","Descriptive","VAL"
"STUDY-0649","Measurement bias","Causal","VAL"
"STUDY-0133","Measurement bias","Causal","VAL"
"STUDY-0542","Measurement bias","Causal","VAL"
"STUDY-0337","Measurement bias","Causal","VAL"
"STUDY-0702","Measurement bias","Descriptive","VAL"
"STUDY-0541","Measurement bias","Descriptive","VAL"
"STUDY-0840","Measurement bias","Causal","VAL"
"STUDY-0447","Measurement bias","Causal","VAL"
"STUDY-0634","Measurement bias","Descriptive","VAL"
"STUDY-0037","Measurement bias","Causal","VAL"
"STUDY-1021","Measurement bias","Descriptive","VAL"
"STUDY-0268","Measurement bias","Causal","VAL"
"STUDY-0943","Measurement bias","Descriptive","VAL"
"STUDY-0760","Measurement bias","Descriptive","VAL"
"STUDY-0549","Measurement bias","Causal","VAL"
"STUDY-0161","Measurement bias","Causal","VAL"
"STUDY-0064","Measurement bias","Causal","VAL"
"STUDY-0952","Measurement bias","Descriptive","VAL"
"STUDY-0471","Measurement bias","Causal","VAL"
"STUDY-0135","Measurement bias","Causal","VAL"
"STUDY-0963","Measurement bias","Causal","VAL"
"STUDY-0494","Measurement bias","Causal","VAL"
"STUDY-0577","Measurement bias","Causal","VAL"
"STUDY-0598","Measurement bias","Causal","VAL"
"STUDY-0093","Measurement bias","Causal","VAL"
"STUDY-0006","Measurement bias","Causal","VAL"
"STUDY-0698","Measurement bias","Causal","VAL"
"STUDY-0603","Measurement bias","Causal","VAL"
"STUDY-1001","Measurement bias","Causal","VAL"
"STUDY-0423","Measurement bias","Causal","VAL"
"STUDY-0086","Measurement bias","Descriptive","VAL"
"STUDY-0207","Measurement bias","Causal","VAL"
"STUDY-0109","Measurement bias","Causal","VAL"
"STUDY-1016","Measurement bias","Descriptive","VAL"
"STUDY-0473","Measurement bias","Descriptive","VAL"
"STUDY-0295","Measurement bias","Causal","VAL"
"STUDY-0516","Measurement bias","Causal","VAL"
"STUDY-0803","Measurement bias","Descriptive","VAL"
"STUDY-0307","Measurement bias","Causal","VAL"
"STUDY-0560","Measurement bias","Descriptive","VAL"
"STUDY-0132","Measurement bias","Causal","VAL"
"STUDY-0852","Measurement bias","Causal","VAL"
"STUDY-0231","Measurement bias","Causal","VAL"
"STUDY-0595","Measurement bias","Causal","VAL"
"STUDY-0834","Measurement bias","Causal","VAL"
"STUDY-0865","Measurement bias","Descriptive","VAL"
"STUDY-0339","Measurement bias","Descriptive","VAL"
"STUDY-0773","Measurement bias","Descriptive","VAL"
"STUDY-0744","Measurement bias","Causal","VAL"
"STUDY-0475","Measurement bias","Causal","VAL"
"STUDY-0853","Measurement bias","Causal","VAL"
"STUDY-0403","Measurement bias","Causal","VAL"
"STUDY-0628","Measurement bias","Causal","VAL"
"STUDY-0653","Measurement bias","Causal","VAL"
"STUDY-0005","Measurement bias","Causal","VAL"
"STUDY-0162","Measurement bias","Causal","VAL"
"STUDY-0728","Measurement bias","Causal","VAL"
"STUDY-0590","Measurement bias","Causal","VAL"
"STUDY-0440","Measurement bias","Descriptive","VAL"
"STUDY-0450","Measurement bias","Causal","VAL"
"STUDY-0416","Measurement bias","Causal","VAL"
"STUDY-0557","Measurement bias","Causal","VAL"
"STUDY-0352","Measurement bias","Causal","VAL"
"STUDY-0468","Measurement bias","Descriptive","VAL"
"STUDY-0665","Measurement bias","Causal","VAL"
"STUDY-0988","Measurement bias","Causal","VAL"
"STUDY-0252","Measurement bias","Causal","VAL"
"STUDY-0986","Measurement bias","Causal","VAL"
"STUDY-0781","Measurement bias","Causal","VAL"
"STUDY-0360","Measurement bias","Causal","VAL"
"STUDY-1003","Measurement bias","Descriptive","VAL"
"STUDY-0062","Measurement bias","Causal","VAL"
"STUDY-0630","Measurement bias","Causal","VAL"
"STUDY-0335","Measurement bias","Causal","VAL"
"STUDY-0096","Measurement bias","Causal","VAL"
"STUDY-0778","Measurement bias","Descriptive","VAL"
"STUDY-0878","Measurement bias","Causal","VAL"
"STUDY-0864","Measurement bias","Descriptive","VAL"
"STUDY-0902","Measurement bias","Descriptive","VAL"
"STUDY-0345","Measurement bias","Descriptive","VAL"
"STUDY-0472","Measurement bias","Descriptive","VAL"
"STUDY-0331","Measurement bias","Causal","VAL"
"STUDY-0476","Measurement bias","Causal","VAL"
"STUDY-1013","Measurement bias","Causal","VAL"
"STUDY-0194","Measurement bias","Descriptive","VAL"
"STUDY-0736","Measurement bias","Causal","VAL"
"STUDY-0647","Measurement bias","Causal","VAL"
"STUDY-0978","Measurement bias","Causal","VAL"
"STUDY-0188","Measurement bias","Causal","VAL"
"STUDY-0940","Measurement bias","Causal","VAL"
"STUDY-0605","Measurement bias","Causal","VAL"
"STUDY-0084","Measurement bias","Causal","VAL"
"STUDY-0415","Measurement bias","Causal","VAL"
"STUDY-0426","Measurement bias","Causal","VAL"
"STUDY-0824","Measurement bias","Descriptive","VAL"
"STUDY-0974","Measurement bias","Descriptive","VAL"
"STUDY-0679","Measurement bias","Causal","VAL"
"STUDY-0115","Measurement bias","Causal","VAL"
"STUDY-0764","Measurement bias","Causal","VAL"
"STUDY-0677","Measurement bias","Causal","VAL"
"STUDY-0320","Measurement bias","Causal","VAL"
"STUDY-0280","Measurement bias","Descriptive","VAL"
"STUDY-0434","Measurement bias","Causal","VAL"
"STUDY-0237","Measurement bias","Causal","VAL"
"STUDY-0329","Measurement bias","Causal","VAL"
"STUDY-0561","Measurement bias","Causal","VAL"
"STUDY-0130","Measurement bias","Descriptive","VAL"
"STUDY-0083","Measurement bias","Causal","VAL"
"STUDY-0633","Measurement bias","Causal","VAL"
"STUDY-0876","Measurement bias","Causal","VAL"
"STUDY-0669","Measurement bias","Causal","VAL"
"STUDY-0074","Measurement bias","Descriptive","VAL"
"STUDY-0055","Measurement bias","Descriptive","VAL"
"STUDY-0722","Measurement bias","Descriptive","VAL"
"STUDY-0947","Measurement bias","Descriptive","VAL"
"STUDY-0245","Measurement bias","Descriptive","VAL"
"STUDY-0379","Measurement bias","Causal","VAL"
"STUDY-0887","Measurement bias","Causal","VAL"
"STUDY-0695","Measurement bias","Causal","VAL"
"STUDY-0762","Measurement bias","Causal","VAL"
"STUDY-0823","Measurement bias","Causal","VAL"
"STUDY-0536","Measurement bias","Causal","VAL"
"STUDY-0650","Measurement bias","Causal","VAL"
"STUDY-0273","Measurement bias","Causal","VAL"
"STUDY-0961","Measurement bias","Causal","VAL"
"STUDY-0609","Measurement bias","Causal","VAL"
"STUDY-0976","Measurement bias","Causal","VAL"
"STUDY-0282","Measurement bias","Causal","VAL"
"STUDY-0867","Measurement bias","Descriptive","VAL"
"STUDY-0794","Measurement bias","Descriptive","VAL"
"STUDY-0829","Measurement bias","Causal","VAL"
"STUDY-0875","Measurement bias","Descriptive","VAL"
"STUDY-0443","Measurement bias","Causal","VAL"
"STUDY-0269","Measurement bias","Causal","VAL"
"STUDY-0241","Measurement bias","Causal","VAL"
"STUDY-0336","Measurement bias","Causal","VAL"
"STUDY-0812","Measurement bias","Causal","VAL"
"STUDY-0567","Measurement bias","Causal","VAL"
"STUDY-0232","Measurement bias","Descriptive","VAL"
"STUDY-0648","Measurement bias","Descriptive","VAL"
"STUDY-0656","Measurement bias","Causal","VAL"
"STUDY-0185","Measurement bias","Descriptive","VAL"
"STUDY-0991","Measurement bias","Causal","VAL"
"STUDY-0047","Measurement bias","Descriptive","VAL"
"STUDY-0186","Measurement bias","Descriptive","VAL"
"STUDY-0713","Measurement bias","Causal","VAL"
"STUDY-0710","Measurement bias","Causal","VAL"
"STUDY-0520","Measurement bias","Descriptive","VAL"
"STUDY-0156","Measurement bias","Descriptive","VAL"
"STUDY-0944","Measurement bias","Descriptive","VAL"
"STUDY-0305","Measurement bias","Causal","VAL"
"STUDY-0676","Measurement bias","Causal","VAL"
"STUDY-0927","Measurement bias","Causal","VAL"
"STUDY-0906","Measurement bias","Causal","VAL"
"STUDY-0501","Measurement bias","Causal","VAL"
"STUDY-0868","Measurement bias","Causal","VAL"
"STUDY-0183","Measurement bias","Causal","VAL"
"STUDY-0053","Measurement bias","Descriptive","VAL"
"STUDY-0981","Measurement bias","Causal","VAL"
"STUDY-0831","Measurement bias","Causal","VAL"
"STUDY-0519","Measurement bias","Causal","VAL"
"STUDY-0017","Measurement bias","Causal","VAL"
"STUDY-0621","Measurement bias","Causal","VAL"
"STUDY-0905","Measurement bias","Descriptive","VAL"
"STUDY-0143","Measurement bias","Descriptive","VAL"
"STUDY-0644","Measurement bias","Causal","VAL"
"STUDY-0441","Measurement bias","Descriptive","VAL"
"STUDY-0030","Measurement bias","Causal","VAL"
"STUDY-0807","Measurement bias","Causal","VAL"
"STUDY-0371","Measurement bias","Causal","VAL"
"STUDY-0911","Measurement bias","Causal","VAL"
"STUDY-0430","Measurement bias","Causal","VAL"
"STUDY-0968","Measurement bias","Causal","VAL"
"STUDY-0919","Measurement bias","Causal","VAL"
"STUDY-0460","Measurement bias","Causal","VAL"
"STUDY-0617","Measurement bias","Descriptive","VAL"
"STUDY-0674","Measurement bias","Causal","VAL"
"STUDY-0299","Measurement bias","Causal","VAL"
"STUDY-0580","Measurement bias","Descriptive","VAL"
"STUDY-0425","Measurement bias","Causal","VAL"
"STUDY-0783","Measurement bias","Causal","VAL"
"STUDY-0466","Measurement bias","Causal","VAL"
"STUDY-0380","Measurement bias","Causal","VAL"
"STUDY-0196","Measurement bias","Causal","VAL"
"STUDY-0437","Measurement bias","Causal","VAL"
"STUDY-0566","Measurement bias","Causal","VAL"
"STUDY-0928","Measurement bias","Descriptive","VAL"
"STUDY-0202","Measurement bias","Causal","VAL"
"STUDY-0019","Measurement bias","Causal","VAL"
"STUDY-0100","Measurement bias","Causal","VAL"
"STUDY-0400","Confounding bias","Causal","VAL"
"STUDY-1007","Confounding bias","Descriptive","NA"
"STUDY-0995","Confounding bias","Causal","VAL"
"STUDY-0405","Confounding bias","Causal","VAL"
"STUDY-0531","Confounding bias","Descriptive","NA"
"STUDY-0106","Confounding bias","Descriptive","NA"
"STUDY-0527","Confounding bias","Causal","VAL"
"STUDY-0436","Confounding bias","Causal","VAL"
"STUDY-0427","Confounding bias","Causal","VAL"
"STUDY-0172","Confounding bias","Causal","VAL"
"STUDY-0177","Confounding bias","Descriptive","NA"
"STUDY-0393","Confounding bias","Descriptive","NA"
"STUDY-0774","Confounding bias","Causal","OK"
"STUDY-0880","Confounding bias","Causal","VAL"
"STUDY-0914","Confounding bias","Descriptive","NA"
"STUDY-0104","Confounding bias","Causal","VAL"
"STUDY-0537","Confounding bias","Descriptive","NA"
"STUDY-0658","Confounding bias","Causal","VAL"
"STUDY-0737","Confounding bias","Descriptive","NA"
"STUDY-0220","Confounding bias","Causal","OK"
"STUDY-0994","Confounding bias","Causal","VAL"
"STUDY-0499","Confounding bias","Causal","VAL"
"STUDY-0350","Confounding bias","Descriptive","NA"
"STUDY-0354","Confounding bias","Descriptive","NA"
"STUDY-0839","Confounding bias","Causal","VAL"
"STUDY-0750","Confounding bias","Causal","VAL"
"STUDY-0259","Confounding bias","Causal","VAL"
"STUDY-0431","Confounding bias","Causal","OK"
"STUDY-0821","Confounding bias","Descriptive","NA"
"STUDY-1022","Confounding bias","Causal","OK"
"STUDY-0145","Confounding bias","Descriptive","NA"
"STUDY-0385","Confounding bias","Causal","OK"
"STUDY-0397","Confounding bias","Descriptive","NA"
"STUDY-0532","Confounding bias","Causal","VAL"
"STUDY-0284","Confounding bias","Descriptive","NA"
"STUDY-0970","Confounding bias","Descriptive","NA"
"STUDY-0304","Confounding bias","Causal","VAL"
"STUDY-0487","Confounding bias","Descriptive","NA"
"STUDY-0362","Confounding bias","Causal","VAL"
"STUDY-0731","Confounding bias","Descriptive","NA"
"STUDY-0322","Confounding bias","Causal","VAL"
"STUDY-0159","Confounding bias","Causal","OK"
"STUDY-0419","Confounding bias","Causal","VAL"
"STUDY-0333","Confounding bias","Descriptive","NA"
"STUDY-0046","Confounding bias","Causal","VAL"
"STUDY-0355","Confounding bias","Causal","OK"
"STUDY-0845","Confounding bias","Causal","VAL"
"STUDY-0555","Confounding bias","Causal","VAL"
"STUDY-0945","Confounding bias","Causal","VAL"
"STUDY-0365","Confounding bias","Causal","VAL"
"STUDY-0023","Confounding bias","Causal","VAL"
"STUDY-0817","Confounding bias","Causal","VAL"
"STUDY-0170","Confounding bias","Causal","VAL"
"STUDY-0442","Confounding bias","Causal","VAL"
"STUDY-0026","Confounding bias","Causal","VAL"
"STUDY-0048","Confounding bias","Causal","VAL"
"STUDY-0326","Confounding bias","Causal","VAL"
"STUDY-0144","Confounding bias","Causal","VAL"
"STUDY-0045","Confounding bias","Descriptive","NA"
"STUDY-0234","Confounding bias","Descriptive","NA"
"STUDY-0788","Confounding bias","Causal","VAL"
"STUDY-0521","Confounding bias","Causal","VAL"
"STUDY-0192","Confounding bias","Causal","VAL"
"STUDY-0049","Confounding bias","Causal","VAL"
"STUDY-0012","Confounding bias","Descriptive","NA"
"STUDY-0141","Confounding bias","Causal","VAL"
"STUDY-0671","Confounding bias","Causal","VAL"
"STUDY-0924","Confounding bias","Descriptive","NA"
"STUDY-0182","Confounding bias","Causal","VAL"
"STUDY-0597","Confounding bias","Causal","VAL"
"STUDY-0149","Confounding bias","Causal","VAL"
"STUDY-0256","Confounding bias","Causal","VAL"
"STUDY-0157","Confounding bias","Causal","VAL"
"STUDY-0972","Confounding bias","Causal","VAL"
"STUDY-0766","Confounding bias","Descriptive","NA"
"STUDY-0257","Confounding bias","Causal","VAL"
"STUDY-0819","Confounding bias","Causal","VAL"
"STUDY-0611","Confounding bias","Causal","VAL"
"STUDY-0942","Confounding bias","Causal","VAL"
"STUDY-0492","Confounding bias","Descriptive","NA"
"STUDY-0739","Confounding bias","Causal","VAL"
"STUDY-0306","Confounding bias","Causal","VAL"
"STUDY-0112","Confounding bias","Causal","VAL"
"STUDY-0613","Confounding bias","Causal","VAL"
"STUDY-0522","Confounding bias","Causal","VAL"
"STUDY-0792","Confounding bias","Causal","OK"
"STUDY-0248","Confounding bias","Causal","OK"
"STUDY-0189","Confounding bias","Causal","VAL"
"STUDY-0701","Confounding bias","Descriptive","NA"
"STUDY-0040","Confounding bias","Causal","VAL"
"STUDY-0402","Confounding bias","Descriptive","NA"
"STUDY-0977","Confounding bias","Causal","VAL"
"STUDY-0429","Confounding bias","Causal","OK"
"STUDY-0589","Confounding bias","Causal","VAL"
"STUDY-0933","Confounding bias","Causal","VAL"
"STUDY-0330","Confounding bias","Causal","VAL"
"STUDY-0922","Confounding bias","Causal","VAL"
"STUDY-0600","Confounding bias","Causal","VAL"
"STUDY-0119","Confounding bias","Causal","VAL"
"STUDY-0251","Confounding bias","Causal","VAL"
"STUDY-0932","Confounding bias","Causal","VAL"
"STUDY-0749","Confounding bias","Descriptive","NA"
"STUDY-0517","Confounding bias","Causal","VAL"
"STUDY-0210","Confounding bias","Descriptive","NA"
"STUDY-0923","Confounding bias","Causal","VAL"
"STUDY-0214","Confounding bias","Causal","VAL"
"STUDY-0565","Confounding bias","Causal","VAL"
"STUDY-0899","Confounding bias","Causal","VAL"
"STUDY-0094","Confounding bias","Causal","VAL"
"STUDY-0809","Confounding bias","Causal","VAL"
"STUDY-0793","Confounding bias","Causal","VAL"
"STUDY-0387","Confounding bias","Descriptive","NA"
"STUDY-0700","Confounding bias","Causal","OK"
"STUDY-0805","Confounding bias","Causal","VAL"
"STUDY-0780","Confounding bias","Causal","VAL"
"STUDY-0184","Confounding bias","Causal","OK"
"STUDY-0205","Confounding bias","Causal","OK"
"STUDY-0740","Confounding bias","Causal","VAL"
"STUDY-0930","Confounding bias","Causal","VAL"
"STUDY-1026","Confounding bias","Descriptive","NA"
"STUDY-0649","Confounding bias","Causal","VAL"
"STUDY-0133","Confounding bias","Causal","VAL"
"STUDY-0542","Confounding bias","Causal","VAL"
"STUDY-0337","Confounding bias","Causal","VAL"
"STUDY-0702","Confounding bias","Descriptive","NA"
"STUDY-0541","Confounding bias","Descriptive","NA"
"STUDY-0840","Confounding bias","Causal","VAL"
"STUDY-0447","Confounding bias","Causal","OK"
"STUDY-0634","Confounding bias","Descriptive","NA"
"STUDY-0037","Confounding bias","Causal","VAL"
"STUDY-1021","Confounding bias","Descriptive","NA"
"STUDY-0268","Confounding bias","Causal","VAL"
"STUDY-0943","Confounding bias","Descriptive","NA"
"STUDY-0760","Confounding bias","Descriptive","NA"
"STUDY-0549","Confounding bias","Causal","VAL"
"STUDY-0161","Confounding bias","Causal","VAL"
"STUDY-0064","Confounding bias","Causal","VAL"
"STUDY-0952","Confounding bias","Descriptive","NA"
"STUDY-0471","Confounding bias","Causal","VAL"
"STUDY-0135","Confounding bias","Causal","VAL"
"STUDY-0963","Confounding bias","Causal","OK"
"STUDY-0494","Confounding bias","Causal","OK"
"STUDY-0577","Confounding bias","Causal","OK"
"STUDY-0598","Confounding bias","Causal","VAL"
"STUDY-0093","Confounding bias","Causal","VAL"
"STUDY-0006","Confounding bias","Causal","VAL"
"STUDY-0698","Confounding bias","Causal","VAL"
"STUDY-0603","Confounding bias","Causal","VAL"
"STUDY-1001","Confounding bias","Causal","VAL"
"STUDY-0423","Confounding bias","Causal","VAL"
"STUDY-0086","Confounding bias","Descriptive","NA"
"STUDY-0207","Confounding bias","Causal","VAL"
"STUDY-0109","Confounding bias","Causal","VAL"
"STUDY-1016","Confounding bias","Descriptive","NA"
"STUDY-0473","Confounding bias","Descriptive","NA"
"STUDY-0295","Confounding bias","Causal","VAL"
"STUDY-0516","Confounding bias","Causal","VAL"
"STUDY-0803","Confounding bias","Descriptive","NA"
"STUDY-0307","Confounding bias","Causal","OK"
"STUDY-0560","Confounding bias","Descriptive","NA"
"STUDY-0132","Confounding bias","Causal","VAL"
"STUDY-0852","Confounding bias","Causal","VAL"
"STUDY-0231","Confounding bias","Causal","VAL"
"STUDY-0595","Confounding bias","Causal","VAL"
"STUDY-0834","Confounding bias","Causal","VAL"
"STUDY-0865","Confounding bias","Descriptive","NA"
"STUDY-0339","Confounding bias","Descriptive","NA"
"STUDY-0773","Confounding bias","Descriptive","NA"
"STUDY-0744","Confounding bias","Causal","VAL"
"STUDY-0475","Confounding bias","Causal","VAL"
"STUDY-0853","Confounding bias","Causal","VAL"
"STUDY-0403","Confounding bias","Causal","VAL"
"STUDY-0628","Confounding bias","Causal","VAL"
"STUDY-0653","Confounding bias","Causal","VAL"
"STUDY-0005","Confounding bias","Causal","VAL"
"STUDY-0162","Confounding bias","Causal","VAL"
"STUDY-0728","Confounding bias","Causal","VAL"
"STUDY-0590","Confounding bias","Causal","VAL"
"STUDY-0440","Confounding bias","Descriptive","NA"
"STUDY-0450","Confounding bias","Causal","VAL"
"STUDY-0416","Confounding bias","Causal","VAL"
"STUDY-0557","Confounding bias","Causal","VAL"
"STUDY-0352","Confounding bias","Causal","VAL"
"STUDY-0468","Confounding bias","Descriptive","NA"
"STUDY-0665","Confounding bias","Causal","VAL"
"STUDY-0988","Confounding bias","Causal","VAL"
"STUDY-0252","Confounding bias","Causal","VAL"
"STUDY-0986","Confounding bias","Causal","VAL"
"STUDY-0781","Confounding bias","Causal","OK"
"STUDY-0360","Confounding bias","Causal","VAL"
"STUDY-1003","Confounding bias","Descriptive","NA"
"STUDY-0062","Confounding bias","Causal","VAL"
"STUDY-0630","Confounding bias","Causal","VAL"
"STUDY-0335","Confounding bias","Causal","VAL"
"STUDY-0096","Confounding bias","Causal","VAL"
"STUDY-0778","Confounding bias","Descriptive","NA"
"STUDY-0878","Confounding bias","Causal","VAL"
"STUDY-0864","Confounding bias","Descriptive","NA"
"STUDY-0902","Confounding bias","Descriptive","NA"
"STUDY-0345","Confounding bias","Descriptive","NA"
"STUDY-0472","Confounding bias","Descriptive","NA"
"STUDY-0331","Confounding bias","Causal","VAL"
"STUDY-0476","Confounding bias","Causal","VAL"
"STUDY-1013","Confounding bias","Causal","VAL"
"STUDY-0194","Confounding bias","Descriptive","NA"
"STUDY-0736","Confounding bias","Causal","VAL"
"STUDY-0647","Confounding bias","Causal","VAL"
"STUDY-0978","Confounding bias","Causal","VAL"
"STUDY-0188","Confounding bias","Causal","VAL"
"STUDY-0940","Confounding bias","Causal","VAL"
"STUDY-0605","Confounding bias","Causal","VAL"
"STUDY-0084","Confounding bias","Causal","VAL"
"STUDY-0415","Confounding bias","Causal","VAL"
"STUDY-0426","Confounding bias","Causal","VAL"
"STUDY-0824","Confounding bias","Descriptive","NA"
"STUDY-0974","Confounding bias","Descriptive","NA"
"STUDY-0679","Confounding bias","Causal","VAL"
"STUDY-0115","Confounding bias","Causal","VAL"
"STUDY-0764","Confounding bias","Causal","OK"
"STUDY-0677","Confounding bias","Causal","VAL"
"STUDY-0320","Confounding bias","Causal","VAL"
"STUDY-0280","Confounding bias","Descriptive","NA"
"STUDY-0434","Confounding bias","Causal","VAL"
"STUDY-0237","Confounding bias","Causal","VAL"
"STUDY-0329","Confounding bias","Causal","VAL"
"STUDY-0561","Confounding bias","Causal","VAL"
"STUDY-0130","Confounding bias","Descriptive","NA"
"STUDY-0083","Confounding bias","Causal","VAL"
"STUDY-0633","Confounding bias","Causal","VAL"
"STUDY-0876","Confounding bias","Causal","VAL"
"STUDY-0669","Confounding bias","Causal","OK"
"STUDY-0074","Confounding bias","Descriptive","NA"
"STUDY-0055","Confounding bias","Descriptive","NA"
"STUDY-0722","Confounding bias","Descriptive","NA"
"STUDY-0947","Confounding bias","Descriptive","NA"
"STUDY-0245","Confounding bias","Descriptive","NA"
"STUDY-0379","Confounding bias","Causal","VAL"
"STUDY-0887","Confounding bias","Causal","VAL"
"STUDY-0695","Confounding bias","Causal","VAL"
"STUDY-0762","Confounding bias","Causal","VAL"
"STUDY-0823","Confounding bias","Causal","VAL"
"STUDY-0536","Confounding bias","Causal","VAL"
"STUDY-0650","Confounding bias","Causal","VAL"
"STUDY-0273","Confounding bias","Causal","VAL"
"STUDY-0961","Confounding bias","Causal","VAL"
"STUDY-0609","Confounding bias","Causal","VAL"
"STUDY-0976","Confounding bias","Causal","VAL"
"STUDY-0282","Confounding bias","Causal","VAL"
"STUDY-0867","Confounding bias","Descriptive","NA"
"STUDY-0794","Confounding bias","Descriptive","NA"
"STUDY-0829","Confounding bias","Causal","VAL"
"STUDY-0875","Confounding bias","Descriptive","NA"
"STUDY-0443","Confounding bias","Causal","VAL"
"STUDY-0269","Confounding bias","Causal","VAL"
"STUDY-0241","Confounding bias","Causal","VAL"
"STUDY-0336","Confounding bias","Causal","OK"
"STUDY-0812","Confounding bias","Causal","VAL"
"STUDY-0567","Confounding bias","Causal","OK"
"STUDY-0232","Confounding bias","Descriptive","NA"
"STUDY-0648","Confounding bias","Descriptive","NA"
"STUDY-0656","Confounding bias","Causal","VAL"
"STUDY-0185","Confounding bias","Descriptive","NA"
"STUDY-0991","Confounding bias","Causal","VAL"
"STUDY-0047","Confounding bias","Descriptive","NA"
"STUDY-0186","Confounding bias","Descriptive","NA"
"STUDY-0713","Confounding bias","Causal","VAL"
"STUDY-0710","Confounding bias","Causal","OK"
"STUDY-0520","Confounding bias","Descriptive","NA"
"STUDY-0156","Confounding bias","Descriptive","NA"
"STUDY-0944","Confounding bias","Descriptive","NA"
"STUDY-0305","Confounding bias","Causal","VAL"
"STUDY-0676","Confounding bias","Causal","VAL"
"STUDY-0927","Confounding bias","Causal","VAL"
"STUDY-0906","Confounding bias","Causal","VAL"
"STUDY-0501","Confounding bias","Causal","VAL"
"STUDY-0868","Confounding bias","Causal","OK"
"STUDY-0183","Confounding bias","Causal","OK"
"STUDY-0053","Confounding bias","Descriptive","NA"
"STUDY-0981","Confounding bias","Causal","VAL"
"STUDY-0831","Confounding bias","Causal","VAL"
"STUDY-0519","Confounding bias","Causal","VAL"
"STUDY-0017","Confounding bias","Causal","VAL"
"STUDY-0621","Confounding bias","Causal","OK"
"STUDY-0905","Confounding bias","Descriptive","NA"
"STUDY-0143","Confounding bias","Descriptive","NA"
"STUDY-0644","Confounding bias","Causal","OK"
"STUDY-0441","Confounding bias","Descriptive","NA"
"STUDY-0030","Confounding bias","Causal","VAL"
"STUDY-0807","Confounding bias","Causal","VAL"
"STUDY-0371","Confounding bias","Causal","VAL"
"STUDY-0911","Confounding bias","Causal","VAL"
"STUDY-0430","Confounding bias","Causal","VAL"
"STUDY-0968","Confounding bias","Causal","VAL"
"STUDY-0919","Confounding bias","Causal","VAL"
"STUDY-0460","Confounding bias","Causal","VAL"
"STUDY-0617","Confounding bias","Descriptive","NA"
"STUDY-0674","Confounding bias","Causal","VAL"
"STUDY-0299","Confounding bias","Causal","VAL"
"STUDY-0580","Confounding bias","Descriptive","NA"
"STUDY-0425","Confounding bias","Causal","VAL"
"STUDY-0783","Confounding bias","Causal","VAL"
"STUDY-0466","Confounding bias","Causal","VAL"
"STUDY-0380","Confounding bias","Causal","VAL"
"STUDY-0196","Confounding bias","Causal","VAL"
"STUDY-0437","Confounding bias","Causal","VAL"
"STUDY-0566","Confounding bias","Causal","VAL"
"STUDY-0928","Confounding bias","Descriptive","NA"
"STUDY-0202","Confounding bias","Causal","VAL"
"STUDY-0019","Confounding bias","Causal","VAL"
"STUDY-0100","Confounding bias","Causal","VAL"
"STUDY-0400","Missing data","Causal","REP"
"STUDY-1007","Missing data","Descriptive","REP"
"STUDY-0995","Missing data","Causal","REP"
"STUDY-0405","Missing data","Causal","OK"
"STUDY-0531","Missing data","Descriptive","OK"
"STUDY-0106","Missing data","Descriptive","OK"
"STUDY-0527","Missing data","Causal","OK"
"STUDY-0436","Missing data","Causal","REP"
"STUDY-0427","Missing data","Causal","REP"
"STUDY-0172","Missing data","Causal","REP"
"STUDY-0177","Missing data","Descriptive","OK"
"STUDY-0393","Missing data","Descriptive","VAL"
"STUDY-0774","Missing data","Causal","REP"
"STUDY-0880","Missing data","Causal","REP"
"STUDY-0914","Missing data","Descriptive","OK"
"STUDY-0104","Missing data","Causal","OK"
"STUDY-0537","Missing data","Descriptive","OK"
"STUDY-0658","Missing data","Causal","VAL"
"STUDY-0737","Missing data","Descriptive","OK"
"STUDY-0220","Missing data","Causal","REP"
"STUDY-0994","Missing data","Causal","OK"
"STUDY-0499","Missing data","Causal","VAL"
"STUDY-0350","Missing data","Descriptive","REP"
"STUDY-0354","Missing data","Descriptive","OK"
"STUDY-0839","Missing data","Causal","REP"
"STUDY-0750","Missing data","Causal","REP"
"STUDY-0259","Missing data","Causal","REP"
"STUDY-0431","Missing data","Causal","REP"
"STUDY-0821","Missing data","Descriptive","REP"
"STUDY-1022","Missing data","Causal","OK"
"STUDY-0145","Missing data","Descriptive","OK"
"STUDY-0385","Missing data","Causal","OK"
"STUDY-0397","Missing data","Descriptive","VAL"
"STUDY-0532","Missing data","Causal","VAL"
"STUDY-0284","Missing data","Descriptive","OK"
"STUDY-0970","Missing data","Descriptive","VAL"
"STUDY-0304","Missing data","Causal","OK"
"STUDY-0487","Missing data","Descriptive","OK"
"STUDY-0362","Missing data","Causal","VAL"
"STUDY-0731","Missing data","Descriptive","OK"
"STUDY-0322","Missing data","Causal","OK"
"STUDY-0159","Missing data","Causal","REP"
"STUDY-0419","Missing data","Causal","OK"
"STUDY-0333","Missing data","Descriptive","VAL"
"STUDY-0046","Missing data","Causal","REP"
"STUDY-0355","Missing data","Causal","OK"
"STUDY-0845","Missing data","Causal","REP"
"STUDY-0555","Missing data","Causal","OK"
"STUDY-0945","Missing data","Causal","VAL"
"STUDY-0365","Missing data","Causal","OK"
"STUDY-0023","Missing data","Causal","OK"
"STUDY-0817","Missing data","Causal","OK"
"STUDY-0170","Missing data","Causal","REP"
"STUDY-0442","Missing data","Causal","OK"
"STUDY-0026","Missing data","Causal","OK"
"STUDY-0048","Missing data","Causal","OK"
"STUDY-0326","Missing data","Causal","OK"
"STUDY-0144","Missing data","Causal","REP"
"STUDY-0045","Missing data","Descriptive","OK"
"STUDY-0234","Missing data","Descriptive","REP"
"STUDY-0788","Missing data","Causal","REP"
"STUDY-0521","Missing data","Causal","VAL"
"STUDY-0192","Missing data","Causal","OK"
"STUDY-0049","Missing data","Causal","REP"
"STUDY-0012","Missing data","Descriptive","VAL"
"STUDY-0141","Missing data","Causal","VAL"
"STUDY-0671","Missing data","Causal","OK"
"STUDY-0924","Missing data","Descriptive","OK"
"STUDY-0182","Missing data","Causal","REP"
"STUDY-0597","Missing data","Causal","VAL"
"STUDY-0149","Missing data","Causal","OK"
"STUDY-0256","Missing data","Causal","OK"
"STUDY-0157","Missing data","Causal","VAL"
"STUDY-0972","Missing data","Causal","VAL"
"STUDY-0766","Missing data","Descriptive","REP"
"STUDY-0257","Missing data","Causal","REP"
"STUDY-0819","Missing data","Causal","OK"
"STUDY-0611","Missing data","Causal","REP"
"STUDY-0942","Missing data","Causal","REP"
"STUDY-0492","Missing data","Descriptive","OK"
"STUDY-0739","Missing data","Causal","REP"
"STUDY-0306","Missing data","Causal","VAL"
"STUDY-0112","Missing data","Causal","REP"
"STUDY-0613","Missing data","Causal","REP"
"STUDY-0522","Missing data","Causal","REP"
"STUDY-0792","Missing data","Causal","REP"
"STUDY-0248","Missing data","Causal","REP"
"STUDY-0189","Missing data","Causal","OK"
"STUDY-0701","Missing data","Descriptive","OK"
"STUDY-0040","Missing data","Causal","VAL"
"STUDY-0402","Missing data","Descriptive","OK"
"STUDY-0977","Missing data","Causal","REP"
"STUDY-0429","Missing data","Causal","VAL"
"STUDY-0589","Missing data","Causal","VAL"
"STUDY-0933","Missing data","Causal","OK"
"STUDY-0330","Missing data","Causal","VAL"
"STUDY-0922","Missing data","Causal","REP"
"STUDY-0600","Missing data","Causal","OK"
"STUDY-0119","Missing data","Causal","REP"
"STUDY-0251","Missing data","Causal","OK"
"STUDY-0932","Missing data","Causal","VAL"
"STUDY-0749","Missing data","Descriptive","REP"
"STUDY-0517","Missing data","Causal","OK"
"STUDY-0210","Missing data","Descriptive","REP"
"STUDY-0923","Missing data","Causal","OK"
"STUDY-0214","Missing data","Causal","OK"
"STUDY-0565","Missing data","Causal","REP"
"STUDY-0899","Missing data","Causal","OK"
"STUDY-0094","Missing data","Causal","OK"
"STUDY-0809","Missing data","Causal","REP"
"STUDY-0793","Missing data","Causal","VAL"
"STUDY-0387","Missing data","Descriptive","REP"
"STUDY-0700","Missing data","Causal","OK"
"STUDY-0805","Missing data","Causal","OK"
"STUDY-0780","Missing data","Causal","OK"
"STUDY-0184","Missing data","Causal","OK"
"STUDY-0205","Missing data","Causal","VAL"
"STUDY-0740","Missing data","Causal","VAL"
"STUDY-0930","Missing data","Causal","REP"
"STUDY-1026","Missing data","Descriptive","REP"
"STUDY-0649","Missing data","Causal","OK"
"STUDY-0133","Missing data","Causal","REP"
"STUDY-0542","Missing data","Causal","REP"
"STUDY-0337","Missing data","Causal","REP"
"STUDY-0702","Missing data","Descriptive","OK"
"STUDY-0541","Missing data","Descriptive","REP"
"STUDY-0840","Missing data","Causal","REP"
"STUDY-0447","Missing data","Causal","REP"
"STUDY-0634","Missing data","Descriptive","REP"
"STUDY-0037","Missing data","Causal","OK"
"STUDY-1021","Missing data","Descriptive","OK"
"STUDY-0268","Missing data","Causal","OK"
"STUDY-0943","Missing data","Descriptive","REP"
"STUDY-0760","Missing data","Descriptive","VAL"
"STUDY-0549","Missing data","Causal","VAL"
"STUDY-0161","Missing data","Causal","OK"
"STUDY-0064","Missing data","Causal","OK"
"STUDY-0952","Missing data","Descriptive","REP"
"STUDY-0471","Missing data","Causal","REP"
"STUDY-0135","Missing data","Causal","REP"
"STUDY-0963","Missing data","Causal","REP"
"STUDY-0494","Missing data","Causal","OK"
"STUDY-0577","Missing data","Causal","VAL"
"STUDY-0598","Missing data","Causal","OK"
"STUDY-0093","Missing data","Causal","REP"
"STUDY-0006","Missing data","Causal","OK"
"STUDY-0698","Missing data","Causal","OK"
"STUDY-0603","Missing data","Causal","OK"
"STUDY-1001","Missing data","Causal","OK"
"STUDY-0423","Missing data","Causal","REP"
"STUDY-0086","Missing data","Descriptive","OK"
"STUDY-0207","Missing data","Causal","REP"
"STUDY-0109","Missing data","Causal","REP"
"STUDY-1016","Missing data","Descriptive","REP"
"STUDY-0473","Missing data","Descriptive","OK"
"STUDY-0295","Missing data","Causal","VAL"
"STUDY-0516","Missing data","Causal","OK"
"STUDY-0803","Missing data","Descriptive","OK"
"STUDY-0307","Missing data","Causal","OK"
"STUDY-0560","Missing data","Descriptive","REP"
"STUDY-0132","Missing data","Causal","OK"
"STUDY-0852","Missing data","Causal","OK"
"STUDY-0231","Missing data","Causal","OK"
"STUDY-0595","Missing data","Causal","VAL"
"STUDY-0834","Missing data","Causal","VAL"
"STUDY-0865","Missing data","Descriptive","OK"
"STUDY-0339","Missing data","Descriptive","OK"
"STUDY-0773","Missing data","Descriptive","OK"
"STUDY-0744","Missing data","Causal","REP"
"STUDY-0475","Missing data","Causal","OK"
"STUDY-0853","Missing data","Causal","VAL"
"STUDY-0403","Missing data","Causal","VAL"
"STUDY-0628","Missing data","Causal","REP"
"STUDY-0653","Missing data","Causal","VAL"
"STUDY-0005","Missing data","Causal","VAL"
"STUDY-0162","Missing data","Causal","VAL"
"STUDY-0728","Missing data","Causal","VAL"
"STUDY-0590","Missing data","Causal","REP"
"STUDY-0440","Missing data","Descriptive","REP"
"STUDY-0450","Missing data","Causal","OK"
"STUDY-0416","Missing data","Causal","OK"
"STUDY-0557","Missing data","Causal","REP"
"STUDY-0352","Missing data","Causal","OK"
"STUDY-0468","Missing data","Descriptive","REP"
"STUDY-0665","Missing data","Causal","VAL"
"STUDY-0988","Missing data","Causal","OK"
"STUDY-0252","Missing data","Causal","OK"
"STUDY-0986","Missing data","Causal","OK"
"STUDY-0781","Missing data","Causal","REP"
"STUDY-0360","Missing data","Causal","REP"
"STUDY-1003","Missing data","Descriptive","OK"
"STUDY-0062","Missing data","Causal","OK"
"STUDY-0630","Missing data","Causal","OK"
"STUDY-0335","Missing data","Causal","OK"
"STUDY-0096","Missing data","Causal","REP"
"STUDY-0778","Missing data","Descriptive","OK"
"STUDY-0878","Missing data","Causal","OK"
"STUDY-0864","Missing data","Descriptive","VAL"
"STUDY-0902","Missing data","Descriptive","REP"
"STUDY-0345","Missing data","Descriptive","VAL"
"STUDY-0472","Missing data","Descriptive","VAL"
"STUDY-0331","Missing data","Causal","OK"
"STUDY-0476","Missing data","Causal","VAL"
"STUDY-1013","Missing data","Causal","VAL"
"STUDY-0194","Missing data","Descriptive","VAL"
"STUDY-0736","Missing data","Causal","REP"
"STUDY-0647","Missing data","Causal","OK"
"STUDY-0978","Missing data","Causal","OK"
"STUDY-0188","Missing data","Causal","OK"
"STUDY-0940","Missing data","Causal","OK"
"STUDY-0605","Missing data","Causal","REP"
"STUDY-0084","Missing data","Causal","VAL"
"STUDY-0415","Missing data","Causal","REP"
"STUDY-0426","Missing data","Causal","REP"
"STUDY-0824","Missing data","Descriptive","REP"
"STUDY-0974","Missing data","Descriptive","OK"
"STUDY-0679","Missing data","Causal","OK"
"STUDY-0115","Missing data","Causal","OK"
"STUDY-0764","Missing data","Causal","VAL"
"STUDY-0677","Missing data","Causal","OK"
"STUDY-0320","Missing data","Causal","OK"
"STUDY-0280","Missing data","Descriptive","OK"
"STUDY-0434","Missing data","Causal","REP"
"STUDY-0237","Missing data","Causal","VAL"
"STUDY-0329","Missing data","Causal","REP"
"STUDY-0561","Missing data","Causal","OK"
"STUDY-0130","Missing data","Descriptive","OK"
"STUDY-0083","Missing data","Causal","REP"
"STUDY-0633","Missing data","Causal","OK"
"STUDY-0876","Missing data","Causal","OK"
"STUDY-0669","Missing data","Causal","VAL"
"STUDY-0074","Missing data","Descriptive","OK"
"STUDY-0055","Missing data","Descriptive","OK"
"STUDY-0722","Missing data","Descriptive","OK"
"STUDY-0947","Missing data","Descriptive","OK"
"STUDY-0245","Missing data","Descriptive","OK"
"STUDY-0379","Missing data","Causal","VAL"
"STUDY-0887","Missing data","Causal","OK"
"STUDY-0695","Missing data","Causal","REP"
"STUDY-0762","Missing data","Causal","OK"
"STUDY-0823","Missing data","Causal","REP"
"STUDY-0536","Missing data","Causal","OK"
"STUDY-0650","Missing data","Causal","REP"
"STUDY-0273","Missing data","Causal","VAL"
"STUDY-0961","Missing data","Causal","OK"
"STUDY-0609","Missing data","Causal","VAL"
"STUDY-0976","Missing data","Causal","VAL"
"STUDY-0282","Missing data","Causal","OK"
"STUDY-0867","Missing data","Descriptive","OK"
"STUDY-0794","Missing data","Descriptive","OK"
"STUDY-0829","Missing data","Causal","OK"
"STUDY-0875","Missing data","Descriptive","OK"
"STUDY-0443","Missing data","Causal","OK"
"STUDY-0269","Missing data","Causal","OK"
"STUDY-0241","Missing data","Causal","REP"
"STUDY-0336","Missing data","Causal","OK"
"STUDY-0812","Missing data","Causal","OK"
"STUDY-0567","Missing data","Causal","REP"
"STUDY-0232","Missing data","Descriptive","OK"
"STUDY-0648","Missing data","Descriptive","REP"
"STUDY-0656","Missing data","Causal","OK"
"STUDY-0185","Missing data","Descriptive","REP"
"STUDY-0991","Missing data","Causal","OK"
"STUDY-0047","Missing data","Descriptive","OK"
"STUDY-0186","Missing data","Descriptive","OK"
"STUDY-0713","Missing data","Causal","REP"
"STUDY-0710","Missing data","Causal","OK"
"STUDY-0520","Missing data","Descriptive","OK"
"STUDY-0156","Missing data","Descriptive","OK"
"STUDY-0944","Missing data","Descriptive","OK"
"STUDY-0305","Missing data","Causal","VAL"
"STUDY-0676","Missing data","Causal","REP"
"STUDY-0927","Missing data","Causal","OK"
"STUDY-0906","Missing data","Causal","REP"
"STUDY-0501","Missing data","Causal","OK"
"STUDY-0868","Missing data","Causal","VAL"
"STUDY-0183","Missing data","Causal","OK"
"STUDY-0053","Missing data","Descriptive","REP"
"STUDY-0981","Missing data","Causal","VAL"
"STUDY-0831","Missing data","Causal","OK"
"STUDY-0519","Missing data","Causal","OK"
"STUDY-0017","Missing data","Causal","VAL"
"STUDY-0621","Missing data","Causal","REP"
"STUDY-0905","Missing data","Descriptive","VAL"
"STUDY-0143","Missing data","Descriptive","OK"
"STUDY-0644","Missing data","Causal","VAL"
"STUDY-0441","Missing data","Descriptive","REP"
"STUDY-0030","Missing data","Causal","REP"
"STUDY-0807","Missing data","Causal","VAL"
"STUDY-0371","Missing data","Causal","REP"
"STUDY-0911","Missing data","Causal","OK"
"STUDY-0430","Missing data","Causal","VAL"
"STUDY-0968","Missing data","Causal","OK"
"STUDY-0919","Missing data","Causal","REP"
"STUDY-0460","Missing data","Causal","REP"
"STUDY-0617","Missing data","Descriptive","REP"
"STUDY-0674","Missing data","Causal","REP"
"STUDY-0299","Missing data","Causal","VAL"
"STUDY-0580","Missing data","Descriptive","REP"
"STUDY-0425","Missing data","Causal","OK"
"STUDY-0783","Missing data","Causal","VAL"
"STUDY-0466","Missing data","Causal","OK"
"STUDY-0380","Missing data","Causal","OK"
"STUDY-0196","Missing data","Causal","OK"
"STUDY-0437","Missing data","Causal","REP"
"STUDY-0566","Missing data","Causal","OK"
"STUDY-0928","Missing data","Descriptive","OK"
"STUDY-0202","Missing data","Causal","OK"
"STUDY-0019","Missing data","Causal","VAL"
"STUDY-0100","Missing data","Causal","VAL"
"STUDY-0400","Mentioning errors","Causal","OK"
"STUDY-1007","Mentioning errors","Descriptive","OK"
"STUDY-0995","Mentioning errors","Causal","OK"
"STUDY-0405","Mentioning errors","Causal","OK"
"STUDY-0531","Mentioning errors","Descriptive","OK"
"STUDY-0106","Mentioning errors","Descriptive","OK"
"STUDY-0527","Mentioning errors","Causal","OK"
"STUDY-0436","Mentioning errors","Causal","REP"
"STUDY-0427","Mentioning errors","Causal","OK"
"STUDY-0172","Mentioning errors","Causal","OK"
"STUDY-0177","Mentioning errors","Descriptive","OK"
"STUDY-0393","Mentioning errors","Descriptive","OK"
"STUDY-0774","Mentioning errors","Causal","REP"
"STUDY-0880","Mentioning errors","Causal","OK"
"STUDY-0914","Mentioning errors","Descriptive","OK"
"STUDY-0104","Mentioning errors","Causal","OK"
"STUDY-0537","Mentioning errors","Descriptive","OK"
"STUDY-0658","Mentioning errors","Causal","OK"
"STUDY-0737","Mentioning errors","Descriptive","OK"
"STUDY-0220","Mentioning errors","Causal","OK"
"STUDY-0994","Mentioning errors","Causal","OK"
"STUDY-0499","Mentioning errors","Causal","OK"
"STUDY-0350","Mentioning errors","Descriptive","OK"
"STUDY-0354","Mentioning errors","Descriptive","REP"
"STUDY-0839","Mentioning errors","Causal","OK"
"STUDY-0750","Mentioning errors","Causal","REP"
"STUDY-0259","Mentioning errors","Causal","OK"
"STUDY-0431","Mentioning errors","Causal","REP"
"STUDY-0821","Mentioning errors","Descriptive","OK"
"STUDY-1022","Mentioning errors","Causal","OK"
"STUDY-0145","Mentioning errors","Descriptive","REP"
"STUDY-0385","Mentioning errors","Causal","REP"
"STUDY-0397","Mentioning errors","Descriptive","OK"
"STUDY-0532","Mentioning errors","Causal","REP"
"STUDY-0284","Mentioning errors","Descriptive","OK"
"STUDY-0970","Mentioning errors","Descriptive","OK"
"STUDY-0304","Mentioning errors","Causal","OK"
"STUDY-0487","Mentioning errors","Descriptive","OK"
"STUDY-0362","Mentioning errors","Causal","OK"
"STUDY-0731","Mentioning errors","Descriptive","OK"
"STUDY-0322","Mentioning errors","Causal","OK"
"STUDY-0159","Mentioning errors","Causal","REP"
"STUDY-0419","Mentioning errors","Causal","REP"
"STUDY-0333","Mentioning errors","Descriptive","OK"
"STUDY-0046","Mentioning errors","Causal","OK"
"STUDY-0355","Mentioning errors","Causal","OK"
"STUDY-0845","Mentioning errors","Causal","OK"
"STUDY-0555","Mentioning errors","Causal","OK"
"STUDY-0945","Mentioning errors","Causal","OK"
"STUDY-0365","Mentioning errors","Causal","OK"
"STUDY-0023","Mentioning errors","Causal","REP"
"STUDY-0817","Mentioning errors","Causal","OK"
"STUDY-0170","Mentioning errors","Causal","OK"
"STUDY-0442","Mentioning errors","Causal","OK"
"STUDY-0026","Mentioning errors","Causal","REP"
"STUDY-0048","Mentioning errors","Causal","OK"
"STUDY-0326","Mentioning errors","Causal","REP"
"STUDY-0144","Mentioning errors","Causal","REP"
"STUDY-0045","Mentioning errors","Descriptive","REP"
"STUDY-0234","Mentioning errors","Descriptive","REP"
"STUDY-0788","Mentioning errors","Causal","OK"
"STUDY-0521","Mentioning errors","Causal","OK"
"STUDY-0192","Mentioning errors","Causal","OK"
"STUDY-0049","Mentioning errors","Causal","OK"
"STUDY-0012","Mentioning errors","Descriptive","OK"
"STUDY-0141","Mentioning errors","Causal","OK"
"STUDY-0671","Mentioning errors","Causal","OK"
"STUDY-0924","Mentioning errors","Descriptive","OK"
"STUDY-0182","Mentioning errors","Causal","REP"
"STUDY-0597","Mentioning errors","Causal","OK"
"STUDY-0149","Mentioning errors","Causal","OK"
"STUDY-0256","Mentioning errors","Causal","OK"
"STUDY-0157","Mentioning errors","Causal","OK"
"STUDY-0972","Mentioning errors","Causal","OK"
"STUDY-0766","Mentioning errors","Descriptive","OK"
"STUDY-0257","Mentioning errors","Causal","OK"
"STUDY-0819","Mentioning errors","Causal","OK"
"STUDY-0611","Mentioning errors","Causal","OK"
"STUDY-0942","Mentioning errors","Causal","OK"
"STUDY-0492","Mentioning errors","Descriptive","REP"
"STUDY-0739","Mentioning errors","Causal","REP"
"STUDY-0306","Mentioning errors","Causal","OK"
"STUDY-0112","Mentioning errors","Causal","OK"
"STUDY-0613","Mentioning errors","Causal","REP"
"STUDY-0522","Mentioning errors","Causal","REP"
"STUDY-0792","Mentioning errors","Causal","OK"
"STUDY-0248","Mentioning errors","Causal","REP"
"STUDY-0189","Mentioning errors","Causal","OK"
"STUDY-0701","Mentioning errors","Descriptive","REP"
"STUDY-0040","Mentioning errors","Causal","OK"
"STUDY-0402","Mentioning errors","Descriptive","OK"
"STUDY-0977","Mentioning errors","Causal","REP"
"STUDY-0429","Mentioning errors","Causal","REP"
"STUDY-0589","Mentioning errors","Causal","REP"
"STUDY-0933","Mentioning errors","Causal","OK"
"STUDY-0330","Mentioning errors","Causal","OK"
"STUDY-0922","Mentioning errors","Causal","OK"
"STUDY-0600","Mentioning errors","Causal","OK"
"STUDY-0119","Mentioning errors","Causal","OK"
"STUDY-0251","Mentioning errors","Causal","OK"
"STUDY-0932","Mentioning errors","Causal","OK"
"STUDY-0749","Mentioning errors","Descriptive","OK"
"STUDY-0517","Mentioning errors","Causal","OK"
"STUDY-0210","Mentioning errors","Descriptive","OK"
"STUDY-0923","Mentioning errors","Causal","OK"
"STUDY-0214","Mentioning errors","Causal","OK"
"STUDY-0565","Mentioning errors","Causal","OK"
"STUDY-0899","Mentioning errors","Causal","REP"
"STUDY-0094","Mentioning errors","Causal","OK"
"STUDY-0809","Mentioning errors","Causal","REP"
"STUDY-0793","Mentioning errors","Causal","REP"
"STUDY-0387","Mentioning errors","Descriptive","REP"
"STUDY-0700","Mentioning errors","Causal","OK"
"STUDY-0805","Mentioning errors","Causal","OK"
"STUDY-0780","Mentioning errors","Causal","OK"
"STUDY-0184","Mentioning errors","Causal","REP"
"STUDY-0205","Mentioning errors","Causal","OK"
"STUDY-0740","Mentioning errors","Causal","OK"
"STUDY-0930","Mentioning errors","Causal","OK"
"STUDY-1026","Mentioning errors","Descriptive","REP"
"STUDY-0649","Mentioning errors","Causal","OK"
"STUDY-0133","Mentioning errors","Causal","OK"
"STUDY-0542","Mentioning errors","Causal","OK"
"STUDY-0337","Mentioning errors","Causal","OK"
"STUDY-0702","Mentioning errors","Descriptive","OK"
"STUDY-0541","Mentioning errors","Descriptive","REP"
"STUDY-0840","Mentioning errors","Causal","OK"
"STUDY-0447","Mentioning errors","Causal","REP"
"STUDY-0634","Mentioning errors","Descriptive","OK"
"STUDY-0037","Mentioning errors","Causal","OK"
"STUDY-1021","Mentioning errors","Descriptive","OK"
"STUDY-0268","Mentioning errors","Causal","OK"
"STUDY-0943","Mentioning errors","Descriptive","OK"
"STUDY-0760","Mentioning errors","Descriptive","OK"
"STUDY-0549","Mentioning errors","Causal","OK"
"STUDY-0161","Mentioning errors","Causal","OK"
"STUDY-0064","Mentioning errors","Causal","OK"
"STUDY-0952","Mentioning errors","Descriptive","OK"
"STUDY-0471","Mentioning errors","Causal","REP"
"STUDY-0135","Mentioning errors","Causal","REP"
"STUDY-0963","Mentioning errors","Causal","OK"
"STUDY-0494","Mentioning errors","Causal","REP"
"STUDY-0577","Mentioning errors","Causal","OK"
"STUDY-0598","Mentioning errors","Causal","REP"
"STUDY-0093","Mentioning errors","Causal","OK"
"STUDY-0006","Mentioning errors","Causal","OK"
"STUDY-0698","Mentioning errors","Causal","OK"
"STUDY-0603","Mentioning errors","Causal","OK"
"STUDY-1001","Mentioning errors","Causal","REP"
"STUDY-0423","Mentioning errors","Causal","REP"
"STUDY-0086","Mentioning errors","Descriptive","REP"
"STUDY-0207","Mentioning errors","Causal","REP"
"STUDY-0109","Mentioning errors","Causal","OK"
"STUDY-1016","Mentioning errors","Descriptive","OK"
"STUDY-0473","Mentioning errors","Descriptive","OK"
"STUDY-0295","Mentioning errors","Causal","OK"
"STUDY-0516","Mentioning errors","Causal","OK"
"STUDY-0803","Mentioning errors","Descriptive","REP"
"STUDY-0307","Mentioning errors","Causal","OK"
"STUDY-0560","Mentioning errors","Descriptive","OK"
"STUDY-0132","Mentioning errors","Causal","OK"
"STUDY-0852","Mentioning errors","Causal","OK"
"STUDY-0231","Mentioning errors","Causal","OK"
"STUDY-0595","Mentioning errors","Causal","OK"
"STUDY-0834","Mentioning errors","Causal","OK"
"STUDY-0865","Mentioning errors","Descriptive","REP"
"STUDY-0339","Mentioning errors","Descriptive","REP"
"STUDY-0773","Mentioning errors","Descriptive","REP"
"STUDY-0744","Mentioning errors","Causal","REP"
"STUDY-0475","Mentioning errors","Causal","OK"
"STUDY-0853","Mentioning errors","Causal","OK"
"STUDY-0403","Mentioning errors","Causal","OK"
"STUDY-0628","Mentioning errors","Causal","OK"
"STUDY-0653","Mentioning errors","Causal","OK"
"STUDY-0005","Mentioning errors","Causal","OK"
"STUDY-0162","Mentioning errors","Causal","OK"
"STUDY-0728","Mentioning errors","Causal","OK"
"STUDY-0590","Mentioning errors","Causal","REP"
"STUDY-0440","Mentioning errors","Descriptive","REP"
"STUDY-0450","Mentioning errors","Causal","REP"
"STUDY-0416","Mentioning errors","Causal","REP"
"STUDY-0557","Mentioning errors","Causal","OK"
"STUDY-0352","Mentioning errors","Causal","REP"
"STUDY-0468","Mentioning errors","Descriptive","REP"
"STUDY-0665","Mentioning errors","Causal","OK"
"STUDY-0988","Mentioning errors","Causal","REP"
"STUDY-0252","Mentioning errors","Causal","OK"
"STUDY-0986","Mentioning errors","Causal","OK"
"STUDY-0781","Mentioning errors","Causal","OK"
"STUDY-0360","Mentioning errors","Causal","OK"
"STUDY-1003","Mentioning errors","Descriptive","REP"
"STUDY-0062","Mentioning errors","Causal","REP"
"STUDY-0630","Mentioning errors","Causal","OK"
"STUDY-0335","Mentioning errors","Causal","REP"
"STUDY-0096","Mentioning errors","Causal","OK"
"STUDY-0778","Mentioning errors","Descriptive","REP"
"STUDY-0878","Mentioning errors","Causal","OK"
"STUDY-0864","Mentioning errors","Descriptive","OK"
"STUDY-0902","Mentioning errors","Descriptive","OK"
"STUDY-0345","Mentioning errors","Descriptive","REP"
"STUDY-0472","Mentioning errors","Descriptive","OK"
"STUDY-0331","Mentioning errors","Causal","REP"
"STUDY-0476","Mentioning errors","Causal","OK"
"STUDY-1013","Mentioning errors","Causal","OK"
"STUDY-0194","Mentioning errors","Descriptive","REP"
"STUDY-0736","Mentioning errors","Causal","OK"
"STUDY-0647","Mentioning errors","Causal","OK"
"STUDY-0978","Mentioning errors","Causal","OK"
"STUDY-0188","Mentioning errors","Causal","OK"
"STUDY-0940","Mentioning errors","Causal","OK"
"STUDY-0605","Mentioning errors","Causal","REP"
"STUDY-0084","Mentioning errors","Causal","OK"
"STUDY-0415","Mentioning errors","Causal","REP"
"STUDY-0426","Mentioning errors","Causal","OK"
"STUDY-0824","Mentioning errors","Descriptive","OK"
"STUDY-0974","Mentioning errors","Descriptive","REP"
"STUDY-0679","Mentioning errors","Causal","OK"
"STUDY-0115","Mentioning errors","Causal","OK"
"STUDY-0764","Mentioning errors","Causal","OK"
"STUDY-0677","Mentioning errors","Causal","REP"
"STUDY-0320","Mentioning errors","Causal","OK"
"STUDY-0280","Mentioning errors","Descriptive","OK"
"STUDY-0434","Mentioning errors","Causal","OK"
"STUDY-0237","Mentioning errors","Causal","OK"
"STUDY-0329","Mentioning errors","Causal","OK"
"STUDY-0561","Mentioning errors","Causal","OK"
"STUDY-0130","Mentioning errors","Descriptive","REP"
"STUDY-0083","Mentioning errors","Causal","REP"
"STUDY-0633","Mentioning errors","Causal","OK"
"STUDY-0876","Mentioning errors","Causal","OK"
"STUDY-0669","Mentioning errors","Causal","OK"
"STUDY-0074","Mentioning errors","Descriptive","OK"
"STUDY-0055","Mentioning errors","Descriptive","OK"
"STUDY-0722","Mentioning errors","Descriptive","REP"
"STUDY-0947","Mentioning errors","Descriptive","REP"
"STUDY-0245","Mentioning errors","Descriptive","REP"
"STUDY-0379","Mentioning errors","Causal","OK"
"STUDY-0887","Mentioning errors","Causal","OK"
"STUDY-0695","Mentioning errors","Causal","OK"
"STUDY-0762","Mentioning errors","Causal","REP"
"STUDY-0823","Mentioning errors","Causal","REP"
"STUDY-0536","Mentioning errors","Causal","REP"
"STUDY-0650","Mentioning errors","Causal","OK"
"STUDY-0273","Mentioning errors","Causal","OK"
"STUDY-0961","Mentioning errors","Causal","OK"
"STUDY-0609","Mentioning errors","Causal","OK"
"STUDY-0976","Mentioning errors","Causal","OK"
"STUDY-0282","Mentioning errors","Causal","REP"
"STUDY-0867","Mentioning errors","Descriptive","OK"
"STUDY-0794","Mentioning errors","Descriptive","REP"
"STUDY-0829","Mentioning errors","Causal","REP"
"STUDY-0875","Mentioning errors","Descriptive","OK"
"STUDY-0443","Mentioning errors","Causal","OK"
"STUDY-0269","Mentioning errors","Causal","REP"
"STUDY-0241","Mentioning errors","Causal","OK"
"STUDY-0336","Mentioning errors","Causal","REP"
"STUDY-0812","Mentioning errors","Causal","REP"
"STUDY-0567","Mentioning errors","Causal","OK"
"STUDY-0232","Mentioning errors","Descriptive","OK"
"STUDY-0648","Mentioning errors","Descriptive","OK"
"STUDY-0656","Mentioning errors","Causal","OK"
"STUDY-0185","Mentioning errors","Descriptive","OK"
"STUDY-0991","Mentioning errors","Causal","REP"
"STUDY-0047","Mentioning errors","Descriptive","REP"
"STUDY-0186","Mentioning errors","Descriptive","OK"
"STUDY-0713","Mentioning errors","Causal","OK"
"STUDY-0710","Mentioning errors","Causal","OK"
"STUDY-0520","Mentioning errors","Descriptive","REP"
"STUDY-0156","Mentioning errors","Descriptive","REP"
"STUDY-0944","Mentioning errors","Descriptive","REP"
"STUDY-0305","Mentioning errors","Causal","REP"
"STUDY-0676","Mentioning errors","Causal","REP"
"STUDY-0927","Mentioning errors","Causal","OK"
"STUDY-0906","Mentioning errors","Causal","OK"
"STUDY-0501","Mentioning errors","Causal","OK"
"STUDY-0868","Mentioning errors","Causal","OK"
"STUDY-0183","Mentioning errors","Causal","OK"
"STUDY-0053","Mentioning errors","Descriptive","REP"
"STUDY-0981","Mentioning errors","Causal","OK"
"STUDY-0831","Mentioning errors","Causal","REP"
"STUDY-0519","Mentioning errors","Causal","OK"
"STUDY-0017","Mentioning errors","Causal","OK"
"STUDY-0621","Mentioning errors","Causal","REP"
"STUDY-0905","Mentioning errors","Descriptive","OK"
"STUDY-0143","Mentioning errors","Descriptive","OK"
"STUDY-0644","Mentioning errors","Causal","OK"
"STUDY-0441","Mentioning errors","Descriptive","OK"
"STUDY-0030","Mentioning errors","Causal","REP"
"STUDY-0807","Mentioning errors","Causal","REP"
"STUDY-0371","Mentioning errors","Causal","OK"
"STUDY-0911","Mentioning errors","Causal","REP"
"STUDY-0430","Mentioning errors","Causal","OK"
"STUDY-0968","Mentioning errors","Causal","OK"
"STUDY-0919","Mentioning errors","Causal","REP"
"STUDY-0460","Mentioning errors","Causal","REP"
"STUDY-0617","Mentioning errors","Descriptive","REP"
"STUDY-0674","Mentioning errors","Causal","OK"
"STUDY-0299","Mentioning errors","Causal","OK"
"STUDY-0580","Mentioning errors","Descriptive","OK"
"STUDY-0425","Mentioning errors","Causal","OK"
"STUDY-0783","Mentioning errors","Causal","REP"
"STUDY-0466","Mentioning errors","Causal","OK"
"STUDY-0380","Mentioning errors","Causal","OK"
"STUDY-0196","Mentioning errors","Causal","OK"
"STUDY-0437","Mentioning errors","Causal","OK"
"STUDY-0566","Mentioning errors","Causal","REP"
"STUDY-0928","Mentioning errors","Descriptive","REP"
"STUDY-0202","Mentioning errors","Causal","OK"
"STUDY-0019","Mentioning errors","Causal","OK"
"STUDY-0100","Mentioning errors","Causal","OK"
"STUDY-0400","Conflating task","Causal","NA"
"STUDY-1007","Conflating task","Descriptive","OK"
"STUDY-0995","Conflating task","Causal","NA"
"STUDY-0405","Conflating task","Causal","NA"
"STUDY-0531","Conflating task","Descriptive","VAL"
"STUDY-0106","Conflating task","Descriptive","VAL"
"STUDY-0527","Conflating task","Causal","NA"
"STUDY-0436","Conflating task","Causal","NA"
"STUDY-0427","Conflating task","Causal","NA"
"STUDY-0172","Conflating task","Causal","NA"
"STUDY-0177","Conflating task","Descriptive","OK"
"STUDY-0393","Conflating task","Descriptive","OK"
"STUDY-0774","Conflating task","Causal","NA"
"STUDY-0880","Conflating task","Causal","NA"
"STUDY-0914","Conflating task","Descriptive","VAL"
"STUDY-0104","Conflating task","Causal","NA"
"STUDY-0537","Conflating task","Descriptive","OK"
"STUDY-0658","Conflating task","Causal","NA"
"STUDY-0737","Conflating task","Descriptive","VAL"
"STUDY-0220","Conflating task","Causal","NA"
"STUDY-0994","Conflating task","Causal","NA"
"STUDY-0499","Conflating task","Causal","NA"
"STUDY-0350","Conflating task","Descriptive","VAL"
"STUDY-0354","Conflating task","Descriptive","OK"
"STUDY-0839","Conflating task","Causal","NA"
"STUDY-0750","Conflating task","Causal","NA"
"STUDY-0259","Conflating task","Causal","NA"
"STUDY-0431","Conflating task","Causal","NA"
"STUDY-0821","Conflating task","Descriptive","VAL"
"STUDY-1022","Conflating task","Causal","NA"
"STUDY-0145","Conflating task","Descriptive","OK"
"STUDY-0385","Conflating task","Causal","NA"
"STUDY-0397","Conflating task","Descriptive","OK"
"STUDY-0532","Conflating task","Causal","NA"
"STUDY-0284","Conflating task","Descriptive","VAL"
"STUDY-0970","Conflating task","Descriptive","OK"
"STUDY-0304","Conflating task","Causal","NA"
"STUDY-0487","Conflating task","Descriptive","VAL"
"STUDY-0362","Conflating task","Causal","NA"
"STUDY-0731","Conflating task","Descriptive","OK"
"STUDY-0322","Conflating task","Causal","NA"
"STUDY-0159","Conflating task","Causal","NA"
"STUDY-0419","Conflating task","Causal","NA"
"STUDY-0333","Conflating task","Descriptive","OK"
"STUDY-0046","Conflating task","Causal","NA"
"STUDY-0355","Conflating task","Causal","NA"
"STUDY-0845","Conflating task","Causal","NA"
"STUDY-0555","Conflating task","Causal","NA"
"STUDY-0945","Conflating task","Causal","NA"
"STUDY-0365","Conflating task","Causal","NA"
"STUDY-0023","Conflating task","Causal","NA"
"STUDY-0817","Conflating task","Causal","NA"
"STUDY-0170","Conflating task","Causal","NA"
"STUDY-0442","Conflating task","Causal","NA"
"STUDY-0026","Conflating task","Causal","NA"
"STUDY-0048","Conflating task","Causal","NA"
"STUDY-0326","Conflating task","Causal","NA"
"STUDY-0144","Conflating task","Causal","NA"
"STUDY-0045","Conflating task","Descriptive","VAL"
"STUDY-0234","Conflating task","Descriptive","OK"
"STUDY-0788","Conflating task","Causal","NA"
"STUDY-0521","Conflating task","Causal","NA"
"STUDY-0192","Conflating task","Causal","NA"
"STUDY-0049","Conflating task","Causal","NA"
"STUDY-0012","Conflating task","Descriptive","VAL"
"STUDY-0141","Conflating task","Causal","NA"
"STUDY-0671","Conflating task","Causal","NA"
"STUDY-0924","Conflating task","Descriptive","OK"
"STUDY-0182","Conflating task","Causal","NA"
"STUDY-0597","Conflating task","Causal","NA"
"STUDY-0149","Conflating task","Causal","NA"
"STUDY-0256","Conflating task","Causal","NA"
"STUDY-0157","Conflating task","Causal","NA"
"STUDY-0972","Conflating task","Causal","NA"
"STUDY-0766","Conflating task","Descriptive","VAL"
"STUDY-0257","Conflating task","Causal","NA"
"STUDY-0819","Conflating task","Causal","NA"
"STUDY-0611","Conflating task","Causal","NA"
"STUDY-0942","Conflating task","Causal","NA"
"STUDY-0492","Conflating task","Descriptive","VAL"
"STUDY-0739","Conflating task","Causal","NA"
"STUDY-0306","Conflating task","Causal","NA"
"STUDY-0112","Conflating task","Causal","NA"
"STUDY-0613","Conflating task","Causal","NA"
"STUDY-0522","Conflating task","Causal","NA"
"STUDY-0792","Conflating task","Causal","NA"
"STUDY-0248","Conflating task","Causal","NA"
"STUDY-0189","Conflating task","Causal","NA"
"STUDY-0701","Conflating task","Descriptive","OK"
"STUDY-0040","Conflating task","Causal","NA"
"STUDY-0402","Conflating task","Descriptive","VAL"
"STUDY-0977","Conflating task","Causal","NA"
"STUDY-0429","Conflating task","Causal","NA"
"STUDY-0589","Conflating task","Causal","NA"
"STUDY-0933","Conflating task","Causal","NA"
"STUDY-0330","Conflating task","Causal","NA"
"STUDY-0922","Conflating task","Causal","NA"
"STUDY-0600","Conflating task","Causal","NA"
"STUDY-0119","Conflating task","Causal","NA"
"STUDY-0251","Conflating task","Causal","NA"
"STUDY-0932","Conflating task","Causal","NA"
"STUDY-0749","Conflating task","Descriptive","OK"
"STUDY-0517","Conflating task","Causal","NA"
"STUDY-0210","Conflating task","Descriptive","VAL"
"STUDY-0923","Conflating task","Causal","NA"
"STUDY-0214","Conflating task","Causal","NA"
"STUDY-0565","Conflating task","Causal","NA"
"STUDY-0899","Conflating task","Causal","NA"
"STUDY-0094","Conflating task","Causal","NA"
"STUDY-0809","Conflating task","Causal","NA"
"STUDY-0793","Conflating task","Causal","NA"
"STUDY-0387","Conflating task","Descriptive","VAL"
"STUDY-0700","Conflating task","Causal","NA"
"STUDY-0805","Conflating task","Causal","NA"
"STUDY-0780","Conflating task","Causal","NA"
"STUDY-0184","Conflating task","Causal","NA"
"STUDY-0205","Conflating task","Causal","NA"
"STUDY-0740","Conflating task","Causal","NA"
"STUDY-0930","Conflating task","Causal","NA"
"STUDY-1026","Conflating task","Descriptive","OK"
"STUDY-0649","Conflating task","Causal","NA"
"STUDY-0133","Conflating task","Causal","NA"
"STUDY-0542","Conflating task","Causal","NA"
"STUDY-0337","Conflating task","Causal","NA"
"STUDY-0702","Conflating task","Descriptive","VAL"
"STUDY-0541","Conflating task","Descriptive","VAL"
"STUDY-0840","Conflating task","Causal","NA"
"STUDY-0447","Conflating task","Causal","NA"
"STUDY-0634","Conflating task","Descriptive","VAL"
"STUDY-0037","Conflating task","Causal","NA"
"STUDY-1021","Conflating task","Descriptive","VAL"
"STUDY-0268","Conflating task","Causal","NA"
"STUDY-0943","Conflating task","Descriptive","OK"
"STUDY-0760","Conflating task","Descriptive","VAL"
"STUDY-0549","Conflating task","Causal","NA"
"STUDY-0161","Conflating task","Causal","NA"
"STUDY-0064","Conflating task","Causal","NA"
"STUDY-0952","Conflating task","Descriptive","VAL"
"STUDY-0471","Conflating task","Causal","NA"
"STUDY-0135","Conflating task","Causal","NA"
"STUDY-0963","Conflating task","Causal","NA"
"STUDY-0494","Conflating task","Causal","NA"
"STUDY-0577","Conflating task","Causal","NA"
"STUDY-0598","Conflating task","Causal","NA"
"STUDY-0093","Conflating task","Causal","NA"
"STUDY-0006","Conflating task","Causal","NA"
"STUDY-0698","Conflating task","Causal","NA"
"STUDY-0603","Conflating task","Causal","NA"
"STUDY-1001","Conflating task","Causal","NA"
"STUDY-0423","Conflating task","Causal","NA"
"STUDY-0086","Conflating task","Descriptive","VAL"
"STUDY-0207","Conflating task","Causal","NA"
"STUDY-0109","Conflating task","Causal","NA"
"STUDY-1016","Conflating task","Descriptive","OK"
"STUDY-0473","Conflating task","Descriptive","VAL"
"STUDY-0295","Conflating task","Causal","NA"
"STUDY-0516","Conflating task","Causal","NA"
"STUDY-0803","Conflating task","Descriptive","OK"
"STUDY-0307","Conflating task","Causal","NA"
"STUDY-0560","Conflating task","Descriptive","VAL"
"STUDY-0132","Conflating task","Causal","NA"
"STUDY-0852","Conflating task","Causal","NA"
"STUDY-0231","Conflating task","Causal","NA"
"STUDY-0595","Conflating task","Causal","NA"
"STUDY-0834","Conflating task","Causal","NA"
"STUDY-0865","Conflating task","Descriptive","OK"
"STUDY-0339","Conflating task","Descriptive","OK"
"STUDY-0773","Conflating task","Descriptive","VAL"
"STUDY-0744","Conflating task","Causal","NA"
"STUDY-0475","Conflating task","Causal","NA"
"STUDY-0853","Conflating task","Causal","NA"
"STUDY-0403","Conflating task","Causal","NA"
"STUDY-0628","Conflating task","Causal","NA"
"STUDY-0653","Conflating task","Causal","NA"
"STUDY-0005","Conflating task","Causal","NA"
"STUDY-0162","Conflating task","Causal","NA"
"STUDY-0728","Conflating task","Causal","NA"
"STUDY-0590","Conflating task","Causal","NA"
"STUDY-0440","Conflating task","Descriptive","OK"
"STUDY-0450","Conflating task","Causal","NA"
"STUDY-0416","Conflating task","Causal","NA"
"STUDY-0557","Conflating task","Causal","NA"
"STUDY-0352","Conflating task","Causal","NA"
"STUDY-0468","Conflating task","Descriptive","VAL"
"STUDY-0665","Conflating task","Causal","NA"
"STUDY-0988","Conflating task","Causal","NA"
"STUDY-0252","Conflating task","Causal","NA"
"STUDY-0986","Conflating task","Causal","NA"
"STUDY-0781","Conflating task","Causal","NA"
"STUDY-0360","Conflating task","Causal","NA"
"STUDY-1003","Conflating task","Descriptive","VAL"
"STUDY-0062","Conflating task","Causal","NA"
"STUDY-0630","Conflating task","Causal","NA"
"STUDY-0335","Conflating task","Causal","NA"
"STUDY-0096","Conflating task","Causal","NA"
"STUDY-0778","Conflating task","Descriptive","VAL"
"STUDY-0878","Conflating task","Causal","NA"
"STUDY-0864","Conflating task","Descriptive","VAL"
"STUDY-0902","Conflating task","Descriptive","VAL"
"STUDY-0345","Conflating task","Descriptive","VAL"
"STUDY-0472","Conflating task","Descriptive","OK"
"STUDY-0331","Conflating task","Causal","NA"
"STUDY-0476","Conflating task","Causal","NA"
"STUDY-1013","Conflating task","Causal","NA"
"STUDY-0194","Conflating task","Descriptive","VAL"
"STUDY-0736","Conflating task","Causal","NA"
"STUDY-0647","Conflating task","Causal","NA"
"STUDY-0978","Conflating task","Causal","NA"
"STUDY-0188","Conflating task","Causal","NA"
"STUDY-0940","Conflating task","Causal","NA"
"STUDY-0605","Conflating task","Causal","NA"
"STUDY-0084","Conflating task","Causal","NA"
"STUDY-0415","Conflating task","Causal","NA"
"STUDY-0426","Conflating task","Causal","NA"
"STUDY-0824","Conflating task","Descriptive","OK"
"STUDY-0974","Conflating task","Descriptive","VAL"
"STUDY-0679","Conflating task","Causal","NA"
"STUDY-0115","Conflating task","Causal","NA"
"STUDY-0764","Conflating task","Causal","NA"
"STUDY-0677","Conflating task","Causal","NA"
"STUDY-0320","Conflating task","Causal","NA"
"STUDY-0280","Conflating task","Descriptive","VAL"
"STUDY-0434","Conflating task","Causal","NA"
"STUDY-0237","Conflating task","Causal","NA"
"STUDY-0329","Conflating task","Causal","NA"
"STUDY-0561","Conflating task","Causal","NA"
"STUDY-0130","Conflating task","Descriptive","OK"
"STUDY-0083","Conflating task","Causal","NA"
"STUDY-0633","Conflating task","Causal","NA"
"STUDY-0876","Conflating task","Causal","NA"
"STUDY-0669","Conflating task","Causal","NA"
"STUDY-0074","Conflating task","Descriptive","VAL"
"STUDY-0055","Conflating task","Descriptive","VAL"
"STUDY-0722","Conflating task","Descriptive","VAL"
"STUDY-0947","Conflating task","Descriptive","OK"
"STUDY-0245","Conflating task","Descriptive","VAL"
"STUDY-0379","Conflating task","Causal","NA"
"STUDY-0887","Conflating task","Causal","NA"
"STUDY-0695","Conflating task","Causal","NA"
"STUDY-0762","Conflating task","Causal","NA"
"STUDY-0823","Conflating task","Causal","NA"
"STUDY-0536","Conflating task","Causal","NA"
"STUDY-0650","Conflating task","Causal","NA"
"STUDY-0273","Conflating task","Causal","NA"
"STUDY-0961","Conflating task","Causal","NA"
"STUDY-0609","Conflating task","Causal","NA"
"STUDY-0976","Conflating task","Causal","NA"
"STUDY-0282","Conflating task","Causal","NA"
"STUDY-0867","Conflating task","Descriptive","VAL"
"STUDY-0794","Conflating task","Descriptive","OK"
"STUDY-0829","Conflating task","Causal","NA"
"STUDY-0875","Conflating task","Descriptive","VAL"
"STUDY-0443","Conflating task","Causal","NA"
"STUDY-0269","Conflating task","Causal","NA"
"STUDY-0241","Conflating task","Causal","NA"
"STUDY-0336","Conflating task","Causal","NA"
"STUDY-0812","Conflating task","Causal","NA"
"STUDY-0567","Conflating task","Causal","NA"
"STUDY-0232","Conflating task","Descriptive","VAL"
"STUDY-0648","Conflating task","Descriptive","VAL"
"STUDY-0656","Conflating task","Causal","NA"
"STUDY-0185","Conflating task","Descriptive","VAL"
"STUDY-0991","Conflating task","Causal","NA"
"STUDY-0047","Conflating task","Descriptive","VAL"
"STUDY-0186","Conflating task","Descriptive","VAL"
"STUDY-0713","Conflating task","Causal","NA"
"STUDY-0710","Conflating task","Causal","NA"
"STUDY-0520","Conflating task","Descriptive","VAL"
"STUDY-0156","Conflating task","Descriptive","OK"
"STUDY-0944","Conflating task","Descriptive","VAL"
"STUDY-0305","Conflating task","Causal","NA"
"STUDY-0676","Conflating task","Causal","NA"
"STUDY-0927","Conflating task","Causal","NA"
"STUDY-0906","Conflating task","Causal","NA"
"STUDY-0501","Conflating task","Causal","NA"
"STUDY-0868","Conflating task","Causal","NA"
"STUDY-0183","Conflating task","Causal","NA"
"STUDY-0053","Conflating task","Descriptive","OK"
"STUDY-0981","Conflating task","Causal","NA"
"STUDY-0831","Conflating task","Causal","NA"
"STUDY-0519","Conflating task","Causal","NA"
"STUDY-0017","Conflating task","Causal","NA"
"STUDY-0621","Conflating task","Causal","NA"
"STUDY-0905","Conflating task","Descriptive","VAL"
"STUDY-0143","Conflating task","Descriptive","OK"
"STUDY-0644","Conflating task","Causal","NA"
"STUDY-0441","Conflating task","Descriptive","VAL"
"STUDY-0030","Conflating task","Causal","NA"
"STUDY-0807","Conflating task","Causal","NA"
"STUDY-0371","Conflating task","Causal","NA"
"STUDY-0911","Conflating task","Causal","NA"
"STUDY-0430","Conflating task","Causal","NA"
"STUDY-0968","Conflating task","Causal","NA"
"STUDY-0919","Conflating task","Causal","NA"
"STUDY-0460","Conflating task","Causal","NA"
"STUDY-0617","Conflating task","Descriptive","VAL"
"STUDY-0674","Conflating task","Causal","NA"
"STUDY-0299","Conflating task","Causal","NA"
"STUDY-0580","Conflating task","Descriptive","VAL"
"STUDY-0425","Conflating task","Causal","NA"
"STUDY-0783","Conflating task","Causal","NA"
"STUDY-0466","Conflating task","Causal","NA"
"STUDY-0380","Conflating task","Causal","NA"
"STUDY-0196","Conflating task","Causal","NA"
"STUDY-0437","Conflating task","Causal","NA"
"STUDY-0566","Conflating task","Causal","NA"
"STUDY-0928","Conflating task","Descriptive","VAL"
"STUDY-0202","Conflating task","Causal","NA"
"STUDY-0019","Conflating task","Causal","NA"
"STUDY-0100","Conflating task","Causal","NA"
