PMID,Study_Type,first_author_saudi,last_author_saudi,corresponding_author_saudi,pct_saudi_ge50,causal_acc_sampl,causal_base_conf_meth,causal_base_sel,causal_comp_dis,causal_conf_var_det,causal_dep_or_indep_misc,causal_design,causal_diff_or_nondiff_exp,causal_diff_or_nondiff_out,causal_err_disc,causal_exp_bias_acc,causal_exposure_type,causal_follow,causal_hand_miss_exposure,causal_hand_miss_outcom,causal_ltfu_acc,causal_ltfu_bias,causal_miss_exposure,causal_miss_outcome,causal_out_bias_acc,causal_outcome_type,causal_pop,causal_sample_ach,causal_sample_size,causal_sampling,causal_time_verying,causal_tv_conf_meth,causal_val_exposure,causal_val_outcome,descriptive_acc_sampl,descriptive_base_sel,descriptive_confl_task,descriptive_design,descriptive_err_disc,descriptive_hand_miss_outcom,descriptive_miss_outcome,descriptive_out_bias_acc,descriptive_outcome_type,descriptive_pop,descriptive_sample_ach,descriptive_sample_size,descriptive_sampling,descriptive_val_outcome,predictive_design,predictive_pop,recusal,task
STUDY-0400,Causal,0,0,0,<50%,,No adjustment for baseline confounding was done,No,No,No adjustment for baseline and time-varying confounding was done,Dependent,Cross-sectional,Differential with respect to the outcome,Differential with respect to the exposure,Selection bias;Measurement bias;Confounding bias,No,Subjective,No,,,,,Not reported or unknown,Not reported or unknown,No,Subjective,No,,No,Non-random,No,,"Yes, the authors conducted content/face validity or cited the content/face validity from other studies","Yes, the authors conducted content/face validity or cited the content/face validity from other studies",,,,,,,,,,,,,,,,,"No, I do not wish to recuse myself.",Causal
STUDY-1007,Descriptive,1,1,1,>=50%,,,,,,,,,,,,,,,,,,,,,,,,,,,,,,,No,No,Cross-sectional,Random error;Selection bias,,Not reported or unknown,No,Subjective,Yes,,No,Non-random,"Yes, the authors conducted content/face validity or cited the content/face validity from other studies",,,"No, I do not wish to recuse myself.",Descriptive
STUDY-0995,Causal,1,1,1,>=50%,,Regression,No baseline selection bias from investigator,skipped,Based on statistical criteria,Independent,Cohort (including clinical trials without randomization),Non-differential with respect to the outcome,Non-differential with respect to the exposure,Measurement bias,No,Objective,Yes,,,,Not reported or unknown,Not reported or unknown,Not reported or unknown,No,Objective,Yes,,,Whole population was invited (no sample was taken),No,,"This type of objective measurement does not usually require validation (e.g., surgical intervention)","This type of objective measurement does not usually require validation (e.g., surgical intervention)",,,,,,,,,,,,,,,,,"No, I do not wish to recuse myself.",Causal
STUDY-0455,Predictive,1,0,0,<50%,,,,,,,,,,,,,,,,,,,,,,,,,,,,,,,,,,,,,,,,,,,,Diagnostic,No,"No, I do not wish to recuse myself.",Predictive
STUDY-0405,Causal,1,1,1,>=50%,,Matching;Regression,No,No,Based on none of the above,Dependent,Case-control,Non-differential with respect to the outcome,Non-differential with respect to the exposure,Selection bias,No,Objective,No,,,,,No,No,No,Objective,Yes,,No,Non-random,No,,No,"Yes, the authors conducted content/face validity or cited the content/face validity from other studies",,,,,,,,,,,,,,,,,"No, I do not wish to recuse myself.",Causal
STUDY-0531,Descriptive,1,1,1,>=50%,,,,,,,,,,,,,,,,,,,,,,,,,,,,,,,No,Yes,Cross-sectional,Selection bias,,No,No,Objective,Yes,,No,Non-random,No,,,"No, I do not wish to recuse myself.",Descriptive
STUDY-0106,Descriptive,1,1,1,>=50%,,,,,,,,,,,,,,,,,,,,,,,,,,,,,,,No,Yes,Cross-sectional,Random error;Selection bias,,No,No,Subjective,Yes,,No,Non-random,No,,,"No, I do not wish to recuse myself.",Descriptive
STUDY-0527,Causal,1,1,1,>=50%,Yes,No adjustment for baseline confounding was done,No,No,No adjustment for baseline and time-varying confounding was done,Dependent,Cross-sectional,Differential with respect to the outcome,Non-differential with respect to the exposure,Selection bias,No,Subjective,No,,,,,No,No,No,Subjective,Yes,Yes,Yes,Non-random,No,,"Yes, the authors conducted content/face validity or cited the content/face validity from other studies","Yes, the authors conducted content/face validity or cited the content/face validity from other studies",,,,,,,,,,,,,,,,,"No, I do not wish to recuse myself.",Causal
STUDY-0436,Causal,1,1,1,>=50%,,Matching,No,No,Based on none of the above,Dependent,Cross-sectional,Non-differential with respect to the outcome,Non-differential with respect to the exposure,None of the above,No,Objective,No,,,,,No,Not reported or unknown,No,Subjective,Yes,,No,Non-random,No,,No,"Yes, the authors conducted content/face validity or cited the content/face validity from other studies",,,,,,,,,,,,,,,,,"No, I do not wish to recuse myself.",Causal
STUDY-0427,Causal,1,1,1,>=50%,,No adjustment for baseline confounding was done,No,No,No adjustment for baseline and time-varying confounding was done,Independent,Cross-sectional,Differential with respect to the outcome,Differential with respect to the exposure,Random error;Measurement bias,No,Objective,No,,,,,Not reported or unknown,Not reported or unknown,No,Objective,Yes,,No,Non-random,No,,"This type of objective measurement does not usually require validation (e.g., surgical intervention)","Yes, the authors conducted content/face validity or cited the content/face validity from other studies",,,,,,,,,,,,,,,,,"No, I do not wish to recuse myself.",Causal
STUDY-0837,Predictive,1,0,0,<50%,,,,,,,,,,,,,,,,,,,,,,,,,,,,,,,,,,,,,,,,,,,,Prognostic,No,"No, I do not wish to recuse myself.",Predictive
STUDY-0445,Predictive,1,1,1,>=50%,,,,,,,,,,,,,,,,,,,,,,,,,,,,,,,,,,,,,,,,,,,,Prognostic,Yes,"No, I do not wish to recuse myself.",Predictive
STUDY-0172,Causal,1,1,1,>=50%,No,Regression,No,No,Based on previous literature,Independent,Cross-sectional,Differential with respect to the outcome,Differential with respect to the exposure,Selection bias;Measurement bias,No,Subjective,No,,,,,Not reported or unknown,Not reported or unknown,No,Objective,Yes,Yes,Yes,Non-random,No,,"Yes, the authors conducted content/face validity or cited the content/face validity from other studies",No,,,,,,,,,,,,,,,,,"No, I do not wish to recuse myself.",Causal
STUDY-0177,Descriptive,1,1,1,>=50%,,,,,,,,,,,,,,,,,,,,,,,,,,,,,,No,No,No,Cross-sectional,Measurement bias,,No,No,Objective,Yes,No,Yes,Random,"Yes, the authors conducted content/face validity or cited the content/face validity from other studies",,,"No, I do not wish to recuse myself.",Descriptive
STUDY-0393,Descriptive,0,0,0,<50%,,,,,,,,,,,,,,,,,,,,,,,,,,,,,,,No baseline selection bias from investigator,No,Ecological,Measurement bias;Missing data,No,Yes,No,Objective,Yes,,,Whole population was invited (no sample was taken),"Yes, the authors conducted content/face validity or cited the content/face validity from other studies",,,"No, I do not wish to recuse myself.",Descriptive
STUDY-0843,Predictive,1,1,1,>=50%,,,,,,,,,,,,,,,,,,,,,,,,,,,,,,,,,,,,,,,,,,,,Diagnostic,Yes,"No, I do not wish to recuse myself.",Predictive
STUDY-0774,Causal,1,0,1,>=50%,Yes,Randomization,No,No,,Independent,Randomized clinical trial (including all types of randomized experiments),Non-differential with respect to the outcome,Non-differential with respect to the exposure,None of the above,No,Objective,Yes,,,,No,No,Not reported or unknown,No,Objective,Yes,Yes,Yes,Non-random,No,,"Yes, the authors conducted content/face validity or cited the content/face validity from other studies","Yes, the authors conducted content/face validity or cited the content/face validity from other studies",,,,,,,,,,,,,,,,,"No, I do not wish to recuse myself.",Causal
STUDY-0880,Causal,1,1,1,>=50%,,Regression,No baseline selection bias from investigator,,Based on previous literature,Independent,Cohort (including clinical trials without randomization),Non-differential with respect to the outcome,Non-differential with respect to the exposure,"Random error, Selection bias;Confounding bias",No,Objective,Yes,,,,Not reported or unknown,Not reported or unknown,Not reported or unknown,No,Objective,Yes,,,Whole population was invited (no sample was taken),No,,"This type of objective measurement does not usually require validation (e.g., surgical intervention)","This type of objective measurement does not usually require validation (e.g., surgical intervention)",,,,,,,,,,,,,,,,,"No, I do not wish to recuse myself.",Causal
STUDY-0914,Descriptive,0,0,0,<50%,,,,,,,,,,,,,,,,,,,,,,,,,,,,,,,No baseline selection bias from investigator,Yes,Cohort,Measurement bias,,No,No,Objective,No,,,Whole population was invited (no sample was taken),"This type of objective measurement does not usually require validation (e.g., surgical intervention)",,,"No, I do not wish to recuse myself.",Descriptive
STUDY-0250,Predictive,0,1,0,<50%,,,,,,,,,,,,,,,,,,,,,,,,,,,,,,,,,,,,,,,,,,,,Diagnostic,No,"No, I do not wish to recuse myself.",Predictive
STUDY-0104,Causal,1,1,1,>=50%,No,Randomization;Stratification,No baseline selection bias from investigator,,Based on none of the above,Independent,Randomized clinical trial (including all types of randomized experiments),Non-differential with respect to the outcome,Non-differential with respect to the exposure,Random error,No,Objective,Yes,,,,No,No,No,No,Objective,Yes,Yes,Yes,Random,No,,No,No,,,,,,,,,,,,,,,,,"No, I do not wish to recuse myself.",Causal
STUDY-0537,Descriptive,1,1,1,>=50%,,,,,,,,,,,,,,,,,,,,,,,,,,,,,,,No baseline selection bias from investigator,No,Cohort,Random error,,No,No,Objective,Yes,,,Whole population was invited (no sample was taken),"This type of objective measurement does not usually require validation (e.g., surgical intervention)",,,"No, I do not wish to recuse myself.",Descriptive
STUDY-0658,Causal,0,0,0,<50%,,Regression,No,No,Based on none of the above,Dependent,Cohort (including clinical trials without randomization),Non-differential with respect to the outcome,Non-differential with respect to the exposure,Confounding bias,No,Objective,Yes,No,No,,Not reported or unknown,Yes,Yes,No,Objective,No,,No,Non-random,No,,"Yes, the authors conducted criterion validity or cited the criterion validity from other studies","Yes, the authors conducted criterion validity or cited the criterion validity from other studies",,,,,,,,,,,,,,,,,"No, I do not wish to recuse myself.",Causal
STUDY-0737,Descriptive,0,0,0,<50%,,,,,,,,,,,,,,,,,,,,,,,,,,,,,,,No baseline selection bias from investigator,Yes,Cohort,Selection bias;Missing data,,No,No,Objective,Yes,,,Whole population was invited (no sample was taken),"This type of objective measurement does not usually require validation (e.g., surgical intervention)",,,"No, I do not wish to recuse myself.",Descriptive
STUDY-0220,Causal,1,0,1,>=50%,,Randomization,No,No,No adjustment for baseline and time-varying confounding was done,Independent,Randomized clinical trial (including all types of randomized experiments),Non-differential with respect to the outcome,Differential with respect to the exposure,Measurement bias,No,Objective,Yes,,,,Not reported or unknown,No,Not reported or unknown,No,Objective,No,,No,Non-random,No,,"This type of objective measurement does not usually require validation (e.g., surgical intervention)","Yes, the authors conducted criterion validity or cited the criterion validity from other studies",,,,,,,,,,,,,,,,,"No, I do not wish to recuse myself.",Causal
STUDY-0994,Causal,0,0,0,<50%,,Stratification;Matching;Regression;Inverse probability of treatment weighting,Yes,No,Based on none of the above,Independent,Cross-sectional,Non-differential with respect to the outcome,Non-differential with respect to the exposure,Measurement bias;Confounding bias,No,Objective,No,,,,,No,No,No,Objective,No,,No,Non-random,No,,"Yes, the authors conducted content/face validity or cited the content/face validity from other studies","Yes, the authors conducted criterion validity or cited the criterion validity from other studies",,,,,,,,,,,,,,,,,"No, I do not wish to recuse myself.",Causal
STUDY-0499,Causal,1,0,1,>=50%,Yes,No adjustment for baseline confounding was done,No,No,No adjustment for baseline and time-varying confounding was done,Independent,Randomized clinical trial (including all types of randomized experiments),Non-differential with respect to the outcome,Non-differential with respect to the exposure,Measurement bias,No,Objective,Yes,,No,No,Yes,No,Yes,No,Subjective,Yes,Yes,Yes,Non-random,No,,"This type of objective measurement does not usually require validation (e.g., surgical intervention)","Yes, the authors conducted content/face validity or cited the content/face validity from other studies",,,,,,,,,,,,,,,,,"No, I do not wish to recuse myself.",Causal
STUDY-0350,Descriptive,0,0,0,<50%,,,,,,,,,,,,,,,,,,,,,,,,,,,,,,No,No,Yes,Cross-sectional,Selection bias;Measurement bias,,Not reported or unknown,No,Objective,No,Yes,Yes,Non-random,"Yes, the authors conducted content/face validity or cited the content/face validity from other studies",,,"No, I do not wish to recuse myself.",Descriptive
STUDY-0354,Descriptive,1,1,1,>=50%,,,,,,,,,,,,,,,,,,,,,,,,,,,,,,No,No,No,Cross-sectional,None of the above,,No,No,Objective,Yes,No,Yes,Non-random,"Yes, the authors conducted content/face validity or cited the content/face validity from other studies",,,"No, I do not wish to recuse myself.",Descriptive
STUDY-0839,Causal,1,0,1,<50%,,No adjustment for baseline confounding was done,No baseline selection bias from investigator,,No adjustment for baseline and time-varying confounding was done,Independent,Pre/post,Non-differential with respect to the outcome,Differential with respect to the exposure,Selection bias;Measurement bias,No,Objective,Yes,,,,Not reported or unknown,No,Not reported or unknown,No,Objective,No,,,Whole population was invited (no sample was taken),No,,"This type of objective measurement does not usually require validation (e.g., surgical intervention)","This type of objective measurement does not usually require validation (e.g., surgical intervention)",,,,,,,,,,,,,,,,,"No, I do not wish to recuse myself.",Causal
STUDY-0750,Causal,1,1,1,>=50%,,No adjustment for baseline confounding was done,No,No,No adjustment for baseline and time-varying confounding was done,Independent,Pre/post,Non-differential with respect to the outcome,Non-differential with respect to the exposure,None of the above,No,Objective,Yes,,,,No,No,Not reported or unknown,No,Objective,Yes,,No,Non-random,No,,"This type of objective measurement does not usually require validation (e.g., surgical intervention)",No,,,,,,,,,,,,,,,,,"No, I do not wish to recuse myself.",Causal
STUDY-0259,Causal,0,1,0,<50%,,No adjustment for baseline confounding was done,No,No,No adjustment for baseline and time-varying confounding was done,Independent,Cohort (including clinical trials without randomization),Non-differential with respect to the outcome,Non-differential with respect to the exposure,Measurement bias,No,Objective,Yes,,,,Not reported or unknown,Not reported or unknown,Not reported or unknown,No,Objective,No,,No,Non-random,No,,"Yes, the authors conducted criterion validity or cited the criterion validity from other studies","Yes, the authors conducted content/face validity or cited the content/face validity from other studies",,,,,,,,,,,,,,,,,"No, I do not wish to recuse myself.",Causal
STUDY-0707,Predictive,0,0,0,<50%,,,,,,,,,,,,,,,,,,,,,,,,,,,,,,,,,,,,,,,,,,,,Diagnostic,No,"No, I do not wish to recuse myself.",Predictive
STUDY-0431,Causal,0,0,0,<50%,,Randomization,No baseline selection bias from investigator,,No adjustment for baseline and time-varying confounding was done,Independent,Cohort (including clinical trials without randomization),Non-differential with respect to the outcome,Differential with respect to the exposure,None of the above,No,Objective,Yes,,,No,Yes,No,Not reported or unknown,No,Objective,No,,No,Non-random,No,,"This type of objective measurement does not usually require validation (e.g., surgical intervention)","This type of objective measurement does not usually require validation (e.g., surgical intervention)",,,,,,,,,,,,,,,,,"No, I do not wish to recuse myself.",Causal
STUDY-0821,Descriptive,0,0,0,<50%,,,,,,,,,,,,,,,,,,,,,,,,,,,,,,,No,Yes,Cohort,Selection bias;Measurement bias;Missing data,,Not reported or unknown,No,Objective,Yes,,skipped,Whole population was invited (no sample was taken),"Yes, the authors conducted criterion validity or cited the criterion validity from other studies",,,"No, I do not wish to recuse myself.",Descriptive
STUDY-1022,Causal,1,1,0,>=50%,,Randomization,Yes,No,No adjustment for baseline and time-varying confounding was done,Independent,Randomized clinical trial (including all types of randomized experiments),Non-differential with respect to the outcome,Differential with respect to the exposure,Random error,No,Objective,Yes,,,,No,No,No,No,Objective,Yes,,No,Non-random,No,,"This type of objective measurement does not usually require validation (e.g., surgical intervention)",No,,,,,,,,,,,,,,,,,"No, I do not wish to recuse myself.",Causal
STUDY-0145,Descriptive,1,1,1,>=50%,,,,,,,,,,,,,,,,,,,,,,,,,,,,,,,No baseline selection bias from investigator,No,Cross-sectional,None of the above,,No,No,Objective,Yes,,,Whole population was invited (no sample was taken),"Yes, the authors conducted content/face validity or cited the content/face validity from other studies",,,"No, I do not wish to recuse myself.",Descriptive
STUDY-0385,Causal,1,1,1,>=50%,No,Randomization,No,No,No adjustment for baseline and time-varying confounding was done,Independent,Cohort (including clinical trials without randomization),Non-differential with respect to the outcome,Non-differential with respect to the exposure,None of the above,No,Objective,Yes,,,,No,No,No,No,Objective,Yes,Yes,Yes,Non-random,No,,"This type of objective measurement does not usually require validation (e.g., surgical intervention)",No,,,,,,,,,,,,,,,,,"No, I do not wish to recuse myself.",Causal
STUDY-0397,Descriptive,0,0,0,>=50%,,,,,,,,,,,,,,,,,,,,,,,,,,,,,,,No,No,Cohort,Selection bias;Measurement bias;Missing data,No,Yes,No,Objective,Yes,,No,Non-random,No,,,"No, I do not wish to recuse myself.",Descriptive
STUDY-0532,Causal,0,0,0,<50%,Yes,Randomization,No baseline selection bias from investigator,,No adjustment for baseline and time-varying confounding was done,Independent,Randomized clinical trial (including all types of randomized experiments),Non-differential with respect to the outcome,Non-differential with respect to the exposure,None of the above,No,Objective,Yes,,No,No,Yes,No,Yes,No,Objective,No,Yes,Yes,Non-random,No,,"This type of objective measurement does not usually require validation (e.g., surgical intervention)",No,,,,,,,,,,,,,,,,,"No, I do not wish to recuse myself.",Causal
STUDY-0284,Descriptive,1,0,0,<50%,,,,,,,,,,,,,,,,,,,,,,,,,,,,,,,No,Yes,Cross-sectional,Selection bias;Measurement bias,,No,No,Subjective,Yes,,No,Non-random,No,,,"No, I do not wish to recuse myself.",Descriptive
STUDY-0663,Predictive,1,1,1,>=50%,,,,,,,,,,,,,,,,,,,,,,,,,,,,,,,,,,,,,,,,,,,,Prognostic,Yes,"No, I do not wish to recuse myself.",Predictive
STUDY-0970,Descriptive,0,0,0,<50%,,,,,,,,,,,,,,,,,,,,,,,,,,,,,,,No,No,Cross-sectional,Selection bias,No,Yes,No,Subjective,Yes,,No,Non-random,"Yes, the authors conducted content/face validity or cited the content/face validity from other studies",,,"No, I do not wish to recuse myself.",Descriptive
STUDY-0304,Causal,1,1,1,>=50%,No,No adjustment for baseline confounding was done,No,No,No adjustment for baseline and time-varying confounding was done,Independent,Cross-sectional,Non-differential with respect to the outcome,Non-differential with respect to the exposure,Random error;Selection bias;Measurement bias,No,Objective,No,,,,,No,No,No,Objective,Yes,Yes,Yes,Non-random,No,,"This type of objective measurement does not usually require validation (e.g., surgical intervention)",No,,,,,,,,,,,,,,,,,"No, I do not wish to recuse myself.",Causal
STUDY-0487,Descriptive,0,0,0,<50%,,,,,,,,,,,,,,,,,,,,,,,,,,,,,,No,No,Yes,Cross-sectional,Selection bias,,No,No,Subjective,No,Yes,Yes,Non-random,"Yes, the authors conducted content/face validity or cited the content/face validity from other studies",,,"No, I do not wish to recuse myself.",Descriptive
STUDY-0362,Causal,0,0,0,<50%,,Stratification;Regression;Inverse probability of treatment weighting,Yes,No,Based on none of the above,Independent,Cross-sectional,Non-differential with respect to the outcome,Differential with respect to the exposure,Measurement bias;Confounding bias,No,Objective,No,No,,,,Yes,No,No,Objective,No,,No,Non-random,No,,"Yes, the authors conducted content/face validity or cited the content/face validity from other studies","Yes, the authors conducted content/face validity or cited the content/face validity from other studies",,,,,,,,,,,,,,,,,"No, I do not wish to recuse myself.",Causal
STUDY-0123,Predictive,1,1,1,>=50%,,,,,,,,,,,,,,,,,,,,,,,,,,,,,,,,,,,,,,,,,,,,Diagnostic,No,"No, I do not wish to recuse myself.",Predictive
STUDY-0731,Descriptive,1,0,0,<50%,,,,,,,,,,,,,,,,,,,,,,,,,,,,,,,No,No,Cohort,Measurement bias,,No,No,Objective,No,,No,Non-random,No,,,"No, I do not wish to recuse myself.",Descriptive
STUDY-0322,Causal,0,0,0,<50%,No,Regression,No,No,Based on none of the above,Dependent,Cross-sectional,Non-differential with respect to the outcome,Non-differential with respect to the exposure,Selection bias;Measurement bias,No,Objective,No,,,,,No,No,No,Subjective,No,Yes,Yes,Non-random,No,,"This type of objective measurement does not usually require validation (e.g., surgical intervention)","Yes, the authors conducted content/face validity or cited the content/face validity from other studies",,,,,,,,,,,,,,,,,"No, I do not wish to recuse myself.",Causal
STUDY-0159,Causal,0,0,0,<50%,,Randomization,No,No,No adjustment for baseline and time-varying confounding was done,Independent,Randomized clinical trial (including all types of randomized experiments),Non-differential with respect to the outcome,Non-differential with respect to the exposure,None of the above,No,Objective,Yes,,,,Not reported or unknown,Not reported or unknown,Not reported or unknown,No,Objective,No,,No,Non-random,No,,"This type of objective measurement does not usually require validation (e.g., surgical intervention)","Yes, the authors conducted criterion validity or cited the criterion validity from other studies",,,,,,,,,,,,,,,,,"No, I do not wish to recuse myself.",Causal
STUDY-0419,Causal,1,1,1,>=50%,,Regression,No baseline selection bias from investigator,,Based on statistical criteria,Dependent,Cross-sectional,Non-differential with respect to the outcome,Non-differential with respect to the exposure,None of the above,No,Objective,No,,,,,No,No,No,Objective,Yes,,,Whole population was invited (no sample was taken),No,,No,No,,,,,,,,,,,,,,,,,"No, I do not wish to recuse myself.",Causal
STUDY-0333,Descriptive,1,1,1,>=50%,,,,,,,,,,,,,,,,,,,,,,,,,,,,,,,No,No,Cross-sectional,Random error;Selection bias,No,Yes,No,Objective,Yes,,,Whole population was invited (no sample was taken),"Yes, the authors conducted criterion validity or cited the criterion validity from other studies",,,"No, I do not wish to recuse myself.",Descriptive
STUDY-0046,Causal,1,1,1,>=50%,,Restriction;Regression,No,No,Based on previous literature;Based on statistical criteria,Independent,Cohort (including clinical trials without randomization),Non-differential with respect to the outcome,Non-differential with respect to the exposure,Random error;Selection bias;Confounding bias,No,Objective,Yes,,,,Not reported or unknown,Not reported or unknown,Not reported or unknown,No,Objective,No,,No,Non-random,No,,"This type of objective measurement does not usually require validation (e.g., surgical intervention)","Yes, the authors conducted content/face validity or cited the content/face validity from other studies",,,,,,,,,,,,,,,,,"No, I do not wish to recuse myself.",Causal
STUDY-0355,Causal,0,0,0,<50%,,Randomization,No,No,No adjustment for baseline and time-varying confounding was done,Dependent,Randomized clinical trial (including all types of randomized experiments),Non-differential with respect to the outcome,Differential with respect to the exposure,Random error,No,Objective,Yes,,,,No,No,No,No,Objective,No,,No,Non-random,No,,"This type of objective measurement does not usually require validation (e.g., surgical intervention)","Yes, the authors conducted criterion validity or cited the criterion validity from other studies",,,,,,,,,,,,,,,,,"No, I do not wish to recuse myself.",Causal
STUDY-0845,Causal,1,1,1,>=50%,,No adjustment for baseline confounding was done,No,No,No adjustment for baseline and time-varying confounding was done,Independent,Cohort (including clinical trials without randomization),Non-differential with respect to the outcome,Differential with respect to the exposure,Random error;Confounding bias,No,Objective,No,,,,,Not reported or unknown,No,No,Objective,Yes,,No,Non-random,No,,"Yes, the authors conducted criterion validity or cited the criterion validity from other studies","This type of objective measurement does not usually require validation (e.g., surgical intervention)",,,,,,,,,,,,,,,,,"No, I do not wish to recuse myself.",Causal
STUDY-0555,Causal,0,0,0,<50%,,Regression,Yes,Yes,Based on statistical criteria,Dependent,Cohort (including clinical trials without randomization),Differential with respect to the outcome,Non-differential with respect to the exposure,Measurement bias,No,Subjective,Yes,"Yes, multiple imputation","Yes, multiple imputation",Yes,Yes,Yes,Yes,No,Subjective,No,,No,Non-random,No,,"Yes, the authors conducted content/face validity or cited the content/face validity from other studies","Yes, the authors conducted content/face validity or cited the content/face validity from other studies",,,,,,,,,,,,,,,,,"No, I do not wish to recuse myself.",Causal
STUDY-0945,Causal,0,0,0,<50%,,Stratification;Regression,No,No,Based on previous literature,Dependent,Cross-sectional,Non-differential with respect to the outcome,Non-differential with respect to the exposure,Confounding bias,No,Objective,No,No,No,,,Yes,Yes,No,Objective,No,,,Whole population was invited (no sample was taken),No,,"Yes, the authors conducted criterion validity or cited the criterion validity from other studies","This type of objective measurement does not usually require validation (e.g., surgical intervention)",,,,,,,,,,,,,,,,,"No, I do not wish to recuse myself.",Causal
STUDY-0365,Causal,0,0,0,<50%,,Regression,No,No,Based on none of the above,Dependent,Cohort (including clinical trials without randomization),Non-differential with respect to the outcome,Differential with respect to the exposure,Selection bias;Measurement bias;Confounding bias,No,Objective,Yes,,,,Not reported or unknown,No,No,No,Objective,No,,No,Non-random,No,skipped,No,"This type of objective measurement does not usually require validation (e.g., surgical intervention)",,,,,,,,,,,,,,,,,"No, I do not wish to recuse myself.",Causal
STUDY-0023,Causal,1,1,1,>=50%,,No adjustment for baseline confounding was done,No,No,No adjustment for baseline and time-varying confounding was done,Dependent,Cross-sectional,Non-differential with respect to the outcome,Differential with respect to the exposure,None of the above,No,Objective,No,,,,,No,No,No,Subjective,Yes,,No,Non-random,No,,"This type of objective measurement does not usually require validation (e.g., surgical intervention)","Yes, the authors conducted content/face validity or cited the content/face validity from other studies",,,,,,,,,,,,,,,,,"No, I do not wish to recuse myself.",Causal
STUDY-0817,Causal,0,0,1,>=50%,Yes,Regression,No,No,Based on statistical criteria,Dependent,Cross-sectional,Non-differential with respect to the outcome,Non-differential with respect to the exposure,Measurement bias,No,Objective,No,,,,,No,No,No,Subjective,Yes,Yes,Yes,Non-random,No,,"Yes, the authors conducted content/face validity or cited the content/face validity from other studies","Yes, the authors conducted criterion validity or cited the criterion validity from other studies",,,,,,,,,,,,,,,,,"No, I do not wish to recuse myself.",Causal
STUDY-0170,Causal,1,1,1,>=50%,,Regression,No,Yes,Based on none of the above,Dependent,Cohort (including clinical trials without randomization),Non-differential with respect to the outcome,Differential with respect to the exposure,Selection bias;Missing data,No,Objective,Yes,,,,Not reported or unknown,No,Not reported or unknown,No,Objective,Yes,,No,Random,No,,"Yes, the authors conducted content/face validity or cited the content/face validity from other studies","Yes, the authors conducted content/face validity or cited the content/face validity from other studies",,,,,,,,,,,,,,,,,"No, I do not wish to recuse myself.",Causal
STUDY-0442,Causal,1,1,1,>=50%,,No adjustment for baseline confounding was done,No,No,No adjustment for baseline and time-varying confounding was done,Independent,Cross-sectional,Non-differential with respect to the outcome,Non-differential with respect to the exposure,Confounding bias,No,Objective,No,,,,,No,No,No,Objective,Yes,,No,Non-random,No,,"Yes, the authors conducted content/face validity or cited the content/face validity from other studies","Yes, the authors conducted content/face validity or cited the content/face validity from other studies",,,,,,,,,,,,,,,,,"No, I do not wish to recuse myself.",Causal
STUDY-0007,Predictive,1,0,1,<50%,,,,,,,,,,,,,,,,,,,,,,,,,,,,,,,,,,,,,,,,,,,,Diagnostic,No,"No, I do not wish to recuse myself.",Predictive
STUDY-0026,Causal,1,1,1,>=50%,,No adjustment for baseline confounding was done,No,No,No adjustment for baseline and time-varying confounding was done,Independent,Cross-sectional,Non-differential with respect to the outcome,Non-differential with respect to the exposure,None of the above,No,Objective,No,,,,,No,No,No,Objective,Yes,,No,Non-random,No,,"Yes, the authors conducted content/face validity or cited the content/face validity from other studies","Yes, the authors conducted criterion validity or cited the criterion validity from other studies",,,,,,,,,,,,,,,,,"No, I do not wish to recuse myself.",Causal
STUDY-0048,Causal,1,1,1,>=50%,,Regression,No baseline selection bias from investigator,,Based on none of the above,Dependent,Cohort (including clinical trials without randomization),Non-differential with respect to the outcome,Non-differential with respect to the exposure,Confounding bias,No,Objective,Yes,,,skipped,Not reported or unknown,No,No,No,Objective,Yes,,,Whole population was invited (no sample was taken),No,,No,No,,,,,,,,,,,,,,,,,"No, I do not wish to recuse myself.",Causal
STUDY-0326,Causal,0,0,0,<50%,,Regression,No baseline selection bias from investigator,,Based on none of the above,Dependent,Cohort (including clinical trials without randomization),Non-differential with respect to the outcome,Differential with respect to the exposure,None of the above,No,Objective,No,,,,,No,No,No,Objective,No,,,Whole population was invited (no sample was taken),No,,"This type of objective measurement does not usually require validation (e.g., surgical intervention)",No,,,,,,,,,,,,,,,,,"No, I do not wish to recuse myself.",Causal
STUDY-0563,Predictive,0,1,0,>=50%,,,,,,,,,,,,,,,,,,,,,,,,,,,,,,,,,,,,,,,,,,,,Diagnostic,No,"No, I do not wish to recuse myself.",Predictive
STUDY-0144,Causal,1,1,1,>=50%,No,No adjustment for baseline confounding was done,No,No,No adjustment for baseline and time-varying confounding was done,Dependent,Cross-sectional,Non-differential with respect to the outcome,Non-differential with respect to the exposure,None of the above,No,Objective,No,,,,,Not reported or unknown,Not reported or unknown,No,Subjective,Yes,No,Yes,Random,No,,No,"Yes, the authors conducted content/face validity or cited the content/face validity from other studies",,,,,,,,,,,,,,,,,"No, I do not wish to recuse myself.",Causal
STUDY-0045,Descriptive,1,1,1,>=50%,,,,,,,,,,,,,,,,,,,,,,,,,,,,,,,No baseline selection bias from investigator,Yes,Cross-sectional,None of the above,,No,No,Objective,Yes,,,Whole population was invited (no sample was taken),"Yes, the authors conducted content/face validity or cited the content/face validity from other studies",,,"No, I do not wish to recuse myself.",Descriptive
STUDY-0041,Predictive,1,1,1,>=50%,,,,,,,,,,,,,,,,,,,,,,,,,,,,,,,,,,,,,,,,,,,,Diagnostic,Yes,"No, I do not wish to recuse myself.",Predictive
STUDY-0418,Predictive,1,0,1,>=50%,,,,,,,,,,,,,,,,,,,,,,,,,,,,,,,,,,,,,,,,,,,,Prognostic,No,"No, I do not wish to recuse myself.",Predictive
STUDY-0234,Descriptive,1,1,1,>=50%,,,,,,,,,,,,,,,,,,,,,,,,,,,,,,No,No,No,Cross-sectional,None of the above,,Not reported or unknown,No,Subjective,Yes,Yes,Yes,Non-random,"Yes, the authors conducted content/face validity or cited the content/face validity from other studies",,,"No, I do not wish to recuse myself.",Descriptive
STUDY-0275,Predictive,1,1,1,>=50%,,,,,,,,,,,,,,,,,,,,,,,,,,,,,,,,,,,,,,,,,,,,Diagnostic,Yes,"No, I do not wish to recuse myself.",Predictive
STUDY-0788,Causal,0,1,0,<50%,,No adjustment for baseline confounding was done,No,No,No adjustment for baseline and time-varying confounding was done,Independent,Cohort (including clinical trials without randomization),Non-differential with respect to the outcome,Differential with respect to the exposure,Confounding bias,No,Objective,Yes,,,,Not reported or unknown,Not reported or unknown,Not reported or unknown,No,Objective,No,,No,Non-random,No,,"This type of objective measurement does not usually require validation (e.g., surgical intervention)","This type of objective measurement does not usually require validation (e.g., surgical intervention)",,,,,,,,,,,,,,,,,"No, I do not wish to recuse myself.",Causal
STUDY-0521,Causal,1,1,1,>=50%,,Matching;Regression;Propensity score,No baseline selection bias from investigator,,Based on statistical criteria,Dependent,Cohort (including clinical trials without randomization),Non-differential with respect to the outcome,Non-differential with respect to the exposure,Selection bias;Confounding bias,No,Objective,Yes,,No,,Not reported or unknown,No,Yes,No,Objective,Yes,,,Whole population was invited (no sample was taken),No,,"This type of objective measurement does not usually require validation (e.g., surgical intervention)",No,,,,,,,,,,,,,,,,,"No, I do not wish to recuse myself.",Causal
STUDY-0346,Predictive,1,0,1,>=50%,,,,,,,,,,,,,,,,,,,,,,,,,,,,,,,,,,,,,,,,,,,,Diagnostic,No,"No, I do not wish to recuse myself.",Predictive
STUDY-0192,Causal,1,1,1,>=50%,No,Regression,No,No,Based on none of the above,Dependent,Cross-sectional,Differential with respect to the outcome,Differential with respect to the exposure,Selection bias;Measurement bias,No,Objective,No,,,,,No,No,No,Objective,Yes,Yes,Yes,Non-random,No,,"This type of objective measurement does not usually require validation (e.g., surgical intervention)","Yes, the authors conducted content/face validity or cited the content/face validity from other studies",,,,,,,,,,,,,,,,,"No, I do not wish to recuse myself.",Causal
STUDY-0049,Causal,0,1,0,>=50%,No,No adjustment for baseline confounding was done,No,No,No adjustment for baseline and time-varying confounding was done,Dependent,Cross-sectional,Non-differential with respect to the outcome,Differential with respect to the exposure,Selection bias;Measurement bias,No,Objective,No,,,,,Not reported or unknown,Not reported or unknown,No,Objective,No,Yes,Yes,Non-random,No,,"Yes, the authors conducted content/face validity or cited the content/face validity from other studies","Yes, the authors conducted content/face validity or cited the content/face validity from other studies",,,,,,,,,,,,,,,,,"No, I do not wish to recuse myself.",Causal
STUDY-0012,Descriptive,1,1,1,>=50%,,,,,,,,,,,,,,,,,,,,,,,,,,,,,,No,No,Yes,Cross-sectional,Selection bias;Measurement bias,No,Yes,No,Subjective,Yes,No,Yes,Non-random,"Yes, the authors conducted content/face validity or cited the content/face validity from other studies",,,"No, I do not wish to recuse myself.",Descriptive
STUDY-0171,Predictive,1,0,1,>=50%,,,,,,,,,,,,,,,,,,,,,,,,,,,,,,,,,,,,,,,,,,,,Diagnostic,No,"No, I do not wish to recuse myself.",Predictive
STUDY-0141,Causal,0,0,0,<50%,,Regression,No,No,Based on none of the above,Dependent,Cross-sectional,Non-differential with respect to the outcome,Non-differential with respect to the exposure,Selection bias;Measurement bias,No,Objective,No,No,No,,,Yes,Yes,No,Subjective,No,,No,Non-random,No,,"This type of objective measurement does not usually require validation (e.g., surgical intervention)","Yes, the authors conducted content/face validity or cited the content/face validity from other studies",,,,,,,,,,,,,,,,,"No, I do not wish to recuse myself.",Causal
STUDY-0671,Causal,1,0,1,<50%,,Regression,No,No,Based on none of the above,Independent,Cohort (including clinical trials without randomization),Non-differential with respect to the outcome,Non-differential with respect to the exposure,Random error,No,Objective,Yes,,,,Not reported or unknown,No,No,No,Objective,No,,No,Non-random,No,,"Yes, the authors conducted criterion validity or cited the criterion validity from other studies","This type of objective measurement does not usually require validation (e.g., surgical intervention)",,,,,,,,,,,,,,,,,"No, I do not wish to recuse myself.",Causal
STUDY-0924,Descriptive,1,1,1,>=50%,,,,,,,,,,,,,,,,,,,,,,,,,,,,,,Yes,No,No,Cross-sectional,Selection bias;Measurement bias,,No,No,Objective,Yes,Yes,Yes,Random,"Yes, the authors conducted content/face validity or cited the content/face validity from other studies",,,"No, I do not wish to recuse myself.",Descriptive
STUDY-0182,Causal,1,1,0,>=50%,,No adjustment for baseline confounding was done,No,No,No adjustment for baseline and time-varying confounding was done,Dependent,Cross-sectional,Non-differential with respect to the outcome,Non-differential with respect to the exposure,None of the above,No,Subjective,No,,,,,Not reported or unknown,Not reported or unknown,No,Subjective,Yes,,No,Non-random,No,,"Yes, the authors conducted content/face validity or cited the content/face validity from other studies","Yes, the authors conducted content/face validity or cited the content/face validity from other studies",,,,,,,,,,,,,,,,,"No, I do not wish to recuse myself.",Causal
STUDY-0597,Causal,1,0,1,<50%,,Regression,No,No,Based on statistical criteria,Independent,Cross-sectional,Non-differential with respect to the outcome,Differential with respect to the exposure,Confounding bias,No,Objective,No,,No,,,Not reported or unknown,Yes,No,Objective,No,,No,Non-random,No,,"Yes, the authors conducted content/face validity or cited the content/face validity from other studies","Yes, the authors conducted content/face validity or cited the content/face validity from other studies",,,,,,,,,,,,,,,,,"No, I do not wish to recuse myself.",Causal
STUDY-0149,Causal,1,1,1,>=50%,,No adjustment for baseline confounding was done,No,No,No adjustment for baseline and time-varying confounding was done,Independent,Case-control,Non-differential with respect to the outcome,Non-differential with respect to the exposure,Random error;Missing data,No,Objective,No,,,,,No,No,No,Objective,Yes,,No,Non-random,No,,"This type of objective measurement does not usually require validation (e.g., surgical intervention)",No,,,,,,,,,,,,,,,,,"No, I do not wish to recuse myself.",Causal
STUDY-0256,Causal,1,1,1,>=50%,skipped,Regression,No,No,Based on none of the above,Independent,Pre/post,Non-differential with respect to the outcome,Non-differential with respect to the exposure,Measurement bias;Confounding bias,No,Objective,Yes,,,,No,No,No,No,Objective,Yes,skipped,skipped,Whole population was invited (no sample was taken),No,,"This type of objective measurement does not usually require validation (e.g., surgical intervention)","Yes, the authors conducted content/face validity or cited the content/face validity from other studies",,,,,,,,,,,,,,,,,"No, I do not wish to recuse myself.",Causal
STUDY-0830,Predictive,0,0,0,<50%,,,,,,,,,,,,,,,,,,,,,,,,,,,,,,,,,,,,,,,,,,,,Diagnostic,No,"No, I do not wish to recuse myself.",Predictive
STUDY-0157,Causal,1,1,0,<50%,,Regression,No,No,Based on statistical criteria,Independent,Cohort (including clinical trials without randomization),Non-differential with respect to the outcome,Differential with respect to the exposure,Measurement bias,No,Objective,Yes,No,,,No,Yes,No,No,Objective,Yes,,No,Non-random,No,,"This type of objective measurement does not usually require validation (e.g., surgical intervention)",No,,,,,,,,,,,,,,,,,"No, I do not wish to recuse myself.",Causal
STUDY-0972,Causal,0,0,0,<50%,,Regression,No,No,Based on statistical criteria,Dependent,Cross-sectional,Non-differential with respect to the outcome,Non-differential with respect to the exposure,Measurement bias;Missing data,No,Objective,No,No,skipped,,,Yes,Not reported or unknown,No,Objective,Yes,,No,Non-random,No,,"This type of objective measurement does not usually require validation (e.g., surgical intervention)",No,,,,,,,,,,,,,,,,,"No, I do not wish to recuse myself.",Causal
STUDY-0766,Descriptive,1,1,1,>=50%,,,,,,,,,,,,,,,,,,,,,,,,,,,,,,,No,Yes,Cross-sectional,Selection bias;measurement bias,,Not reported or unknown,No,Subjective,Yes,,No,Non-random,No,,,"No, I do not wish to recuse myself.",Descriptive
STUDY-0552,Predictive,0,0,0,<50%,,,,,,,,,,,,,,,,,,,,,,,,,,,,,,,,,,,,,,,,,,,,Diagnostic,No,"No, I do not wish to recuse myself.",Predictive
STUDY-0257,Causal,1,1,1,>=50%,,Regression,No,No,Based on previous literature;Based on statistical criteria,Dependent,Cross-sectional,Differential with respect to the outcome,Differential with respect to the exposure,Random error;Measurement bias;Confounding bias,No,Objective,No,,,,,Not reported or unknown,Not reported or unknown,No,Subjective,Yes,,No,Non-random,No,,"This type of objective measurement does not usually require validation (e.g., surgical intervention)","Yes, the authors conducted content/face validity or cited the content/face validity from other studies",,,,,,,,,,,,,,,,,"No, I do not wish to recuse myself.",Causal
STUDY-0819,Causal,0,0,0,<50%,,Regression,No,No,Based on statistical criteria,Dependent,Cross-sectional,Non-differential with respect to the outcome,Non-differential with respect to the exposure,Measurement bias,No,Objective,No,,,,,No,No,No,Subjective,No,,No,Non-random,No,,"This type of objective measurement does not usually require validation (e.g., surgical intervention)","Yes, the authors conducted content/face validity or cited the content/face validity from other studies",,,,,,,,,,,,,,,,,"No, I do not wish to recuse myself.",Causal
STUDY-0611,Causal,0,1,0,>=50%,No,Regression,No,No,Based on none of the above,Independent,Cross-sectional,Differential with respect to the outcome,Differential with respect to the exposure,Selection bias;Measurement bias,No,Objective,No,,,,,No,Not reported or unknown,No,Subjective,Yes,Yes,Yes,Non-random,No,,"Yes, the authors conducted content/face validity or cited the content/face validity from other studies","Yes, the authors conducted content/face validity or cited the content/face validity from other studies",,,,,,,,,,,,,,,,,"No, I do not wish to recuse myself.",Causal
STUDY-0942,Causal,1,0,0,<50%,No,Regression,No,No,Based on none of the above,Independent,Cross-sectional,Non-differential with respect to the outcome,Non-differential with respect to the exposure,Confounding bias,No,Objective,No,,,,,No,Not reported or unknown,No,Objective,No,Yes,Yes,Non-random,No,,"This type of objective measurement does not usually require validation (e.g., surgical intervention)","Yes, the authors conducted content/face validity or cited the content/face validity from other studies",,,,,,,,,,,,,,,,,"No, I do not wish to recuse myself.",Causal
STUDY-0492,Descriptive,1,1,1,>=50%,,,,,,,,,,,,,,,,,,,,,,,,,,,,,,,No baseline selection bias from investigator,Yes,Cross-sectional,None of the above,,No,No,Objective,Yes,,,Whole population was invited (no sample was taken),No,,,"No, I do not wish to recuse myself.",Descriptive
STUDY-0739,Causal,0,0,0,<50%,,No adjustment for baseline confounding was done,No,No,No adjustment for baseline and time-varying confounding was done,Dependent,Cohort (including clinical trials without randomization),Non-differential with respect to the outcome,Differential with respect to the exposure,None of the above,No,Objective,Yes,,,,Not reported or unknown,No,Not reported or unknown,No,Objective,No,,No,Non-random,No,,"Yes, the authors conducted content/face validity or cited the content/face validity from other studies","Yes, the authors conducted criterion validity or cited the criterion validity from other studies",,,,,,,,,,,,,,,,,"No, I do not wish to recuse myself.",Causal
STUDY-0306,Causal,1,0,0,>=50%,,Regression,No,No,Based on previous literature;Based on statistical criteria,Independent,Cohort (including clinical trials without randomization),Differential with respect to the outcome,Non-differential with respect to the exposure,Random error;Measurement bias,No,Objective,No,No,,,,Yes,Not reported or unknown,No,Objective,Yes,,,Whole population was invited (no sample was taken),No,,"Yes, the authors conducted content/face validity or cited the content/face validity from other studies",No,,,,,,,,,,,,,,,,,"No, I do not wish to recuse myself.",Causal
STUDY-0685,Predictive,1,1,1,>=50%,,,,,,,,,,,,,,,,,,,,,,,,,,,,,,,,,,,,,,,,,,,,Diagnostic,Yes,"No, I do not wish to recuse myself.",Predictive
STUDY-0112,Causal,1,1,1,>=50%,,Regression,No,No,Based on none of the above,Dependent,Cross-sectional,Non-differential with respect to the outcome,Differential with respect to the exposure,Measurement bias,No,Objective,No,,,,,Not reported or unknown,Not reported or unknown,No,Objective,Yes,,No,Non-random,No,,"This type of objective measurement does not usually require validation (e.g., surgical intervention)","Yes, the authors conducted criterion validity or cited the criterion validity from other studies",,,,,,,,,,,,,,,,,"No, I do not wish to recuse myself.",Causal
STUDY-0613,Causal,1,0,1,>=50%,,Matching,No,No,Based on none of the above,Independent,Case-control,Differential with respect to the outcome,Non-differential with respect to the exposure,None of the above,No,Objective,No,,,,,Not reported or unknown,No,No,Objective,No,,No,Non-random,No,,No,No,,,,,,,,,,,,,,,,,"No, I do not wish to recuse myself.",Causal
STUDY-0522,Causal,1,1,1,>=50%,No,No adjustment for baseline confounding was done,No,No,No adjustment for baseline and time-varying confounding was done,Independent,Cross-sectional,Non-differential with respect to the outcome,Non-differential with respect to the exposure,None of the above,No,Objective,No,,,,,Not reported or unknown,Not reported or unknown,No,Subjective,Yes,Yes,Yes,Non-random,No,,"This type of objective measurement does not usually require validation (e.g., surgical intervention)",No,,,,,,,,,,,,,,,,,"No, I do not wish to recuse myself.",Causal
STUDY-0792,Causal,0,0,0,<50%,skipped,Randomization,No baseline selection bias from investigator,,No adjustment for baseline and time-varying confounding was done,Dependent,Randomized clinical trial (including all types of randomized experiments),Non-differential with respect to the outcome,Differential with respect to the exposure,Measurement bias,No,Subjective,No,,,,,No,Not reported or unknown,No,Subjective,No,skipped,skipped,Whole population was invited (no sample was taken),No,,"Yes, the authors conducted content/face validity or cited the content/face validity from other studies","Yes, the authors conducted content/face validity or cited the content/face validity from other studies",,,,,,,,,,,,,,,,,"No, I do not wish to recuse myself.",Causal
STUDY-0248,Causal,0,1,1,<50%,No,Randomization,No,No,No adjustment for baseline and time-varying confounding was done,Independent,Randomized clinical trial (including all types of randomized experiments),Non-differential with respect to the outcome,Non-differential with respect to the exposure,None of the above,No,Objective,Yes,,,,No,No,Not reported or unknown,No,Subjective,No,Yes,Yes,Non-random,No,,"This type of objective measurement does not usually require validation (e.g., surgical intervention)","Yes, the authors conducted content/face validity or cited the content/face validity from other studies",,,,,,,,,,,,,,,,,"No, I do not wish to recuse myself.",Causal
STUDY-0189,Causal,1,1,1,>=50%,No,Matching;Regression;Propensity score;Inverse probability of treatment weighting,No baseline selection bias from investigator,,Based on none of the above,Dependent,Cohort (including clinical trials without randomization),Non-differential with respect to the outcome,Non-differential with respect to the exposure,Selection bias;Measurement bias;Confounding bias,No,Objective,Yes,,skipped,,Not reported or unknown,No,No,No,Objective,Yes,Yes,Yes,Random,Yes,Matching;Propensity score;Inverse probability of treatment weighting,No,No,,,,,,,,,,,,,,,,,"No, I do not wish to recuse myself.",Causal
STUDY-0701,Descriptive,1,1,1,>=50%,,,,,,,,,,,,,,,,,,,,,,,,,,,,,,,No,No,Cross-sectional,None of the above,,No,No,Objective,Yes,,No,Random,"Yes, the authors conducted content/face validity or cited the content/face validity from other studies",,,"No, I do not wish to recuse myself.",Descriptive
STUDY-0835,Predictive,0,0,0,<50%,,,,,,,,,,,,,,,,,,,,,,,,,,,,,,,,,,,,,,,,,,,,Diagnostic,No,"No, I do not wish to recuse myself.",Predictive
STUDY-0040,Causal,0,0,0,<50%,Yes,Randomization,No,No,Based on none of the above,Independent,Randomized clinical trial (including all types of randomized experiments),Non-differential with respect to the outcome,Non-differential with respect to the exposure,Random error,No,Objective,Yes,,No,No,Yes,No,Yes,No,Objective,No,Yes,Yes,Non-random,No,,"This type of objective measurement does not usually require validation (e.g., surgical intervention)","Yes, the authors conducted criterion validity or cited the criterion validity from other studies",,,,,,,,,,,,,,,,,"No, I do not wish to recuse myself.",Causal
STUDY-0402,Descriptive,0,1,1,<50%,,,,,,,,,,,,,,,,,,,,,,,,,,,,,,No,No,Yes,Cross-sectional,Random error;Measurement bias,,No,Yes,Objective,No,Yes,Yes,Non-random,"Yes, the authors conducted criterion validity or cited the criterion validity from other studies",,,"No, I do not wish to recuse myself.",Descriptive
STUDY-0239,Predictive,0,0,0,<50%,,,,,,,,,,,,,,,,,,,,,,,,,,,,,,,,,,,,,,,,,,,,Diagnostic,No,"No, I do not wish to recuse myself.",Predictive
STUDY-0977,Causal,1,0,0,<50%,,No adjustment for baseline confounding was done,No,No,No adjustment for baseline and time-varying confounding was done,Independent,Cohort (including clinical trials without randomization),Non-differential with respect to the outcome,Differential with respect to the exposure,None of the above,No,Objective,Yes,,,,Not reported or unknown,No,Not reported or unknown,No,Objective,No,,No,Non-random,No,,"This type of objective measurement does not usually require validation (e.g., surgical intervention)","Yes, the authors conducted content/face validity or cited the content/face validity from other studies",,,,,,,,,,,,,,,,,"No, I do not wish to recuse myself.",Causal
STUDY-0429,Causal,1,1,1,>=50%,Yes,Randomization;Regression,No,No,No adjustment for baseline and time-varying confounding was done,Independent,Randomized clinical trial (including all types of randomized experiments),Non-differential with respect to the outcome,Non-differential with respect to the exposure,None of the above,No,Objective,Yes,,"Yes, single imputation with predicted value using regression",Yes,Yes,No,Yes,No,Subjective,Yes,Yes,Yes,Non-random,No,,"Yes, the authors conducted content/face validity or cited the content/face validity from other studies","Yes, the authors conducted content/face validity or cited the content/face validity from other studies",,,,,,,,,,,,,,,,,"No, I do not wish to recuse myself.",Causal
STUDY-0589,Causal,0,0,0,<50%,,Regression,No,No,Based on previous literature,Independent,Case-control,Non-differential with respect to the outcome,Non-differential with respect to the exposure,None of the above,No,Objective,No,No,,,,Yes,No,No,Objective,No,,No,Non-random,No,,"Yes, the authors conducted criterion validity or cited the criterion validity from other studies",No,,,,,,,,,,,,,,,,,"No, I do not wish to recuse myself.",Causal
STUDY-0721,Predictive,0,0,0,<50%,,,,,,,,,,,,,,,,,,,,,,,,,,,,,,,,,,,,,,,,,,,,Prognostic,No,"No, I do not wish to recuse myself.",Predictive
STUDY-0933,Causal,1,1,1,>=50%,,Regression,No,No,Based on none of the above,Dependent,Cross-sectional,Non-differential with respect to the outcome,Differential with respect to the exposure,Measurement bias,No,Objective,No,,,,,No,No,No,Objective,Yes,,No,Non-random,No,,"This type of objective measurement does not usually require validation (e.g., surgical intervention)","Yes, the authors conducted content/face validity or cited the content/face validity from other studies",,,,,,,,,,,,,,,,,"No, I do not wish to recuse myself.",Causal
STUDY-0330,Causal,0,0,0,<50%,Yes,Regression,No,No,Based on none of the above,Dependent,Cross-sectional,Non-differential with respect to the outcome,Non-differential with respect to the exposure,Random error;Measurement bias,No,Objective,No,No,No,,,Yes,Yes,No,Subjective,No,Yes,Yes,Random,No,,"This type of objective measurement does not usually require validation (e.g., surgical intervention)","Yes, the authors conducted content/face validity or cited the content/face validity from other studies",,,,,,,,,,,,,,,,,"No, I do not wish to recuse myself.",Causal
STUDY-0922,Causal,0,0,0,<50%,,No adjustment for baseline confounding was done,No,No,No adjustment for baseline and time-varying confounding was done,Independent,Cross-sectional,Non-differential with respect to the outcome,Non-differential with respect to the exposure,Random error;Measurement bias;Confounding bias;Missing data,No,Objective,No,,,,,Not reported or unknown,Not reported or unknown,No,Objective,No,,No,Non-random,No,,"This type of objective measurement does not usually require validation (e.g., surgical intervention)","Yes, the authors conducted criterion validity or cited the criterion validity from other studies",,,,,,,,,,,,,,,,,"No, I do not wish to recuse myself.",Causal
STUDY-0600,Causal,1,1,1,>=50%,No,No adjustment for baseline confounding was done,No,No,No adjustment for baseline and time-varying confounding was done,Dependent,Cross-sectional,Non-differential with respect to the outcome,Differential with respect to the exposure,Measurement bias,No,Subjective,No,"Yes, multiple imputation","Yes, multiple imputation",,,Yes,Yes,No,Subjective,Yes,Yes,Yes,Non-random,No,,"Yes, the authors conducted criterion validity or cited the criterion validity from other studies","Yes, the authors conducted content/face validity or cited the content/face validity from other studies",,,,,,,,,,,,,,,,,"No, I do not wish to recuse myself.",Causal
STUDY-0119,Causal,0,0,0,<50%,,Matching,No,No,Based on none of the above,Independent,Case-control,Non-differential with respect to the outcome,Non-differential with respect to the exposure,Confounding bias,No,Objective,No,,,,,Not reported or unknown,No,No,Objective,No,,No,Non-random,No,,No,"Yes, the authors conducted content/face validity or cited the content/face validity from other studies",,,,,,,,,,,,,,,,,"No, I do not wish to recuse myself.",Causal
STUDY-0251,Causal,1,1,1,>=50%,,No adjustment for baseline confounding was done,No,No,No adjustment for baseline and time-varying confounding was done,Dependent,Cross-sectional,Differential with respect to the outcome,Non-differential with respect to the exposure,Selection bias;Measurement bias,No,Objective,No,,,,,No,No,No,Subjective,Yes,,No,Non-random,No,,"Yes, the authors conducted content/face validity or cited the content/face validity from other studies","Yes, the authors conducted content/face validity or cited the content/face validity from other studies",,,,,,,,,,,,,,,,,"No, I do not wish to recuse myself.",Causal
STUDY-0932,Causal,1,0,1,<50%,,No adjustment for baseline confounding was done,No,No,No adjustment for baseline and time-varying confounding was done,Independent,Cross-sectional,Differential with respect to the outcome,Non-differential with respect to the exposure,Selection bias;Measurement bias;Missing data,No,Objective,No,No,No,,,Yes,Yes,No,Subjective,Yes,,No,Non-random,No,,"This type of objective measurement does not usually require validation (e.g., surgical intervention)","Yes, the authors conducted content/face validity or cited the content/face validity from other studies",,,,,,,,,,,,,,,,,"No, I do not wish to recuse myself.",Causal
STUDY-0749,Descriptive,1,1,1,>=50%,,,,,,,,,,,,,,,,,,,,,,,,,,,,,,,No baseline selection bias from investigator,No,Cohort,Random error;Selection bias,,Not reported or unknown,No,Objective,Yes,,,Whole population was invited (no sample was taken),"This type of objective measurement does not usually require validation (e.g., surgical intervention)",,,"No, I do not wish to recuse myself.",Descriptive
STUDY-0517,Causal,1,1,1,>=50%,,No adjustment for baseline confounding was done,No,No,No adjustment for baseline and time-varying confounding was done,Dependent,Cross-sectional,Differential with respect to the outcome,Differential with respect to the exposure,Measurement bias,No,Objective,No,,,,,No,No,No,Objective,Yes,,No,Non-random,No,,No,No,,,,,,,,,,,,,,,,,"No, I do not wish to recuse myself.",Causal
STUDY-0210,Descriptive,1,1,1,>=50%,,,,,,,,,,,,,,,,,,,,,,,,,,,,,,,No,Yes,Cross-sectional,Measurement bias,,Not reported or unknown,No,Subjective,Yes,,No,Non-random,"Yes, the authors conducted content/face validity or cited the content/face validity from other studies",,,"No, I do not wish to recuse myself.",Descriptive
STUDY-0923,Causal,1,1,1,>=50%,,Matching,No,No,Based on none of the above,Independent,Cohort (including clinical trials without randomization),Non-differential with respect to the outcome,Differential with respect to the exposure,Selection bias;Confounding bias,No,Objective,Yes,,,No,Yes,No,No,No,Objective,Yes,,No,Non-random,No,,"This type of objective measurement does not usually require validation (e.g., surgical intervention)","This type of objective measurement does not usually require validation (e.g., surgical intervention)",,,,,,,,,,,,,,,,,"No, I do not wish to recuse myself.",Causal
STUDY-0214,Causal,1,0,1,>=50%,,Regression,No baseline selection bias from investigator,,Based on none of the above,Independent,Cross-sectional,Non-differential with respect to the outcome,Non-differential with respect to the exposure,Selection bias;Measurement bias;Confounding bias;Missing data,No,Objective,No,,,,,No,No,No,Objective,Yes,,,Whole population was invited (no sample was taken),No,,"This type of objective measurement does not usually require validation (e.g., surgical intervention)","Yes, the authors conducted content/face validity or cited the content/face validity from other studies",,,,,,,,,,,,,,,,,"No, I do not wish to recuse myself.",Causal
STUDY-0565,Causal,1,1,1,>=50%,No,No adjustment for baseline confounding was done,No,No,No adjustment for baseline and time-varying confounding was done,Dependent,Cross-sectional,Non-differential with respect to the outcome,Non-differential with respect to the exposure,Random error;Selection bias;Measurement bias,No,Objective,No,,,,,Not reported or unknown,Not reported or unknown,No,Objective,Yes,Yes,Yes,Random,No,,"This type of objective measurement does not usually require validation (e.g., surgical intervention)",No,,,,,,,,,,,,,,,,,"No, I do not wish to recuse myself.",Causal
STUDY-0899,Causal,0,0,0,<50%,No,No adjustment for baseline confounding was done,No,No,No adjustment for baseline and time-varying confounding was done,Dependent,Cross-sectional,Non-differential with respect to the outcome,Differential with respect to the exposure,None of the above,No,Objective,No,,,,,No,No,No,Objective,No,Yes,Yes,Non-random,No,,No,No,,,,,,,,,,,,,,,,,"No, I do not wish to recuse myself.",Causal
STUDY-0094,Causal,0,0,0,<50%,,Regression,No,No,Based on none of the above,Dependent,Cross-sectional,Non-differential with respect to the outcome,Non-differential with respect to the exposure,Selection bias;Measurement bias,No,Objective,No,,,,,No,No,No,Subjective,No,,No,Non-random,No,,"Yes, the authors conducted content/face validity or cited the content/face validity from other studies","Yes, the authors conducted content/face validity or cited the content/face validity from other studies",,,,,,,,,,,,,,,,,"No, I do not wish to recuse myself.",Causal
STUDY-0809,Causal,1,0,1,>=50%,No,Regression,No,No,Based on none of the above,Dependent,Cross-sectional,Differential with respect to the outcome,Differential with respect to the exposure,None of the above,No,Subjective,No,,,,,Not reported or unknown,Not reported or unknown,No,Subjective,No,No,Yes,Non-random,No,,No,No,,,,,,,,,,,,,,,,,"No, I do not wish to recuse myself.",Causal
STUDY-0793,Causal,1,0,1,>=50%,No,Restriction;Regression,No,No,Based on none of the above,Independent,Cohort (including clinical trials without randomization),Non-differential with respect to the outcome,Non-differential with respect to the exposure,None of the above,No,Objective,Yes,,No,No,Yes,No,Yes,No,Objective,No,Yes,Yes,Non-random,No,,No,"Yes, the authors conducted content/face validity or cited the content/face validity from other studies",,,,,,,,,,,,,,,,,"No, I do not wish to recuse myself.",Causal
STUDY-0627,Predictive,0,0,0,<50%,,,,,,,,,,,,,,,,,,,,,,,,,,,,,,,,,,,,,,,,,,,,Prognostic,No,"No, I do not wish to recuse myself.",Predictive
STUDY-0126,Predictive,1,0,1,<50%,,,,,,,,,,,,,,,,,,,,,,,,,,,,,,,,,,,,,,,,,,,,Diagnostic,No,"No, I do not wish to recuse myself.",Predictive
STUDY-0387,Descriptive,1,0,1,<50%,,,,,,,,,,,,,,,,,,,,,,,,,,,,,,No,No,Yes,Cross-sectional,None of the above,,Not reported or unknown,No,Subjective,No,Yes,Yes,Non-random,"Yes, the authors conducted content/face validity or cited the content/face validity from other studies",,,"No, I do not wish to recuse myself.",Descriptive
STUDY-0700,Causal,0,0,0,<50%,No,Randomization,No baseline selection bias from investigator,should be skipped,No adjustment for baseline and time-varying confounding was done,Independent,Randomized clinical trial (including all types of randomized experiments),Non-differential with respect to the outcome,Non-differential with respect to the exposure,Random error,No,Objective,Yes,,,,No,No,No,No,Objective,No,Yes,Yes,Non-random,No,,No,"This type of objective measurement does not usually require validation (e.g., surgical intervention)",,,,,,,,,,,,,,,,,"No, I do not wish to recuse myself.",Causal
STUDY-0805,Causal,1,1,1,>=50%,Yes,Regression,No,No,Based on none of the above,Independent,Cross-sectional,Non-differential with respect to the outcome,Differential with respect to the exposure,Measurement bias;Confounding bias,No,Objective,No,,,,,No,No,No,Subjective,No,Yes,Yes,Non-random,No,,"This type of objective measurement does not usually require validation (e.g., surgical intervention)","Yes, the authors conducted content/face validity or cited the content/face validity from other studies",,,,,,,,,,,,,,,,,"No, I do not wish to recuse myself.",Causal
STUDY-0401,Predictive,0,0,0,<50%,,,,,,,,,,,,,,,,,,,,,,,,,,,,,,,,,,,,,,,,,,,,Diagnostic,No,"No, I do not wish to recuse myself.",Predictive
STUDY-0780,Causal,1,1,1,>=50%,,Stratification;Regression,No,No,Based on none of the above,Independent,Cohort (including clinical trials without randomization),Non-differential with respect to the outcome,Non-differential with respect to the exposure,Selection bias;Missing data,No,Objective,Yes,,,,Not reported or unknown,No,No,No,Objective,Yes,,,Whole population was invited (no sample was taken),No,,"This type of objective measurement does not usually require validation (e.g., surgical intervention)","This type of objective measurement does not usually require validation (e.g., surgical intervention)",,,,,,,,,,,,,,,,,"No, I do not wish to recuse myself.",Causal
STUDY-0184,Causal,1,0,1,>=50%,No,Randomization,No,No,,Independent,Randomized clinical trial (including all types of randomized experiments),Non-differential with respect to the outcome,Differential with respect to the exposure,None of the above,No,Objective,Yes,,,,No,No,No,No,Subjective,Yes,Yes,Yes,Non-random,No,,"Yes, the authors conducted content/face validity or cited the content/face validity from other studies","Yes, the authors conducted content/face validity or cited the content/face validity from other studies",,,,,,,,,,,,,,,,,"No, I do not wish to recuse myself.",Causal
STUDY-0205,Causal,0,0,1,<50%,,Regression,No,No,Based on Directed Acyclic Graphs (DAGs)/subject matter expertise,Dependent,Cross-sectional,Non-differential with respect to the outcome,Non-differential with respect to the exposure,Measurement bias,No,Subjective,No,No,No,,,Yes,Yes,No,Objective,No,,No,Non-random,No,,"Yes, the authors conducted content/face validity or cited the content/face validity from other studies","Yes, the authors conducted content/face validity or cited the content/face validity from other studies",,,,,,,,,,,,,,,,,"No, I do not wish to recuse myself.",Causal
STUDY-0740,Causal,1,1,1,>=50%,No,Regression,No,No,Based on none of the above,Dependent,Cross-sectional,Differential with respect to the outcome,Non-differential with respect to the exposure,Selection bias,No,Objective,No,No,,,,Yes,No,No,Subjective,Yes,Yes,Yes,Non-random,No,,No,"Yes, the authors conducted content/face validity or cited the content/face validity from other studies",,,,,,,,,,,,,,,,,"No, I do not wish to recuse myself.",Causal
STUDY-0930,Causal,1,0,1,<50%,No,No adjustment for baseline confounding was done,No,No,No adjustment for baseline and time-varying confounding was done,Independent,Cohort (including clinical trials without randomization),Non-differential with respect to the outcome,Differential with respect to the exposure,Random error;Measurement bias,No,Objective,Yes,,,,No,No,Not reported or unknown,No,Objective,No,Yes,Yes,Non-random,No,,No,"This type of objective measurement does not usually require validation (e.g., surgical intervention)",,,,,,,,,,,,,,,,,"No, I do not wish to recuse myself.",Causal
STUDY-0822,Predictive,1,1,1,>=50%,,,,,,,,,,,,,,,,,,,,,,,,,,,,,,,,,,,,,,,,,,,,Diagnostic,Yes,"No, I do not wish to recuse myself.",Predictive
STUDY-1026,Descriptive,1,1,1,>=50%,,,,,,,,,,,,,,,,,,,,,,,,,,,,,,,No baseline selection bias from investigator,No,Cohort,None of the above,,Not reported or unknown,No,Objective,Yes,,,Whole population was invited (no sample was taken),No,,,"No, I do not wish to recuse myself.",Descriptive
STUDY-0649,Causal,1,0,1,<50%,,No adjustment for baseline confounding was done,No baseline selection bias from investigator,,No adjustment for baseline and time-varying confounding was done,Independent,Cohort (including clinical trials without randomization),Non-differential with respect to the outcome,Non-differential with respect to the exposure,Random error,No,Objective,Yes,,,,Not reported or unknown,No,No,No,Objective,No,,,Whole population was invited (no sample was taken),No,,No,"Yes, the authors conducted content/face validity or cited the content/face validity from other studies",,,,,,,,,,,,,,,,,"No, I do not wish to recuse myself.",Causal
STUDY-0258,Predictive,0,0,0,<50%,,,,,,,,,,,,,,,,,,,,,,,,,,,,,,,,,,,,,,,,,,,,Prognostic,No,"No, I do not wish to recuse myself.",Predictive
STUDY-0446,Predictive,1,1,1,>=50%,,,,,,,,,,,,,,,,,,,,,,,,,,,,,,,,,,,,,,,,,,,,Diagnostic,No,"No, I do not wish to recuse myself.",Predictive
STUDY-0133,Causal,1,0,0,>=50%,,No adjustment for baseline confounding was done,No,No,No adjustment for baseline and time-varying confounding was done,Dependent,Cross-sectional,Differential with respect to the outcome,Differential with respect to the exposure,Selection bias;Measurement bias,No,Subjective,No,,,,,Not reported or unknown,Not reported or unknown,No,Objective,Yes,,No,Non-random,No,,"Yes, the authors conducted content/face validity or cited the content/face validity from other studies",No,,,,,,,,,,,,,,,,,"No, I do not wish to recuse myself.",Causal
STUDY-0542,Causal,1,1,1,>=50%,,Regression,No,No,Based on previous literature,Dependent,Cross-sectional,Differential with respect to the outcome,Differential with respect to the exposure,Random error,No,Subjective,No,,,,,Not reported or unknown,No,No,Subjective,Yes,,No,Non-random,No,,"Yes, the authors conducted content/face validity or cited the content/face validity from other studies","Yes, the authors conducted content/face validity or cited the content/face validity from other studies",,,,,,,,,,,,,,,,,"No, I do not wish to recuse myself.",Causal
STUDY-0337,Causal,1,1,1,>=50%,,Regression,No,No,Based on none of the above,Independent,Pre/post,Non-differential with respect to the outcome,Non-differential with respect to the exposure,Random error;Measurement bias;Confounding bias,No,Objective,Yes,,,,Not reported or unknown,No,Not reported or unknown,No,Subjective,Yes,,No,Non-random,No,,No,"Yes, the authors conducted content/face validity or cited the content/face validity from other studies",,,,,,,,,,,,,,,,,"No, I do not wish to recuse myself.",Causal
STUDY-0702,Descriptive,1,1,1,>=50%,,,,,,,,,,,,,,,,,,,,,,,,,,,,,,No,No,Yes,Cross-sectional,Random error;Selection bias;Measurement bias,,No,No,Subjective,Yes,Yes,Yes,Non-random,"Yes, the authors conducted content/face validity or cited the content/face validity from other studies",,,"No, I do not wish to recuse myself.",Descriptive
STUDY-0541,Descriptive,0,0,0,<50%,,,,,,,,,,,,,,,,,,,,,,,,,,,,,,,No baseline selection bias from investigator,Yes,Cohort,None of the above,,Not reported or unknown,No,Objective,No,,skipped,Whole population was invited (no sample was taken),No,,,"No, I do not wish to recuse myself.",Descriptive
STUDY-0840,Causal,1,1,1,>=50%,,No adjustment for baseline confounding was done,No baseline selection bias from investigator,skipped,No adjustment for baseline and time-varying confounding was done,Independent,Cross-sectional,Non-differential with respect to the outcome,Non-differential with respect to the exposure,Random error;Confounding bias,No,Objective,No,skipped,,,,No,Not reported or unknown,No,Objective,Yes,,skipped,Whole population was invited (no sample was taken),No,,No,"Yes, the authors conducted content/face validity or cited the content/face validity from other studies",,,,,,,,,,,,,,,,,"No, I do not wish to recuse myself.",Causal
STUDY-0447,Causal,1,0,1,>=50%,No,Randomization,No,No,No adjustment for baseline and time-varying confounding was done,Independent,Randomized clinical trial (including all types of randomized experiments),Non-differential with respect to the outcome,Non-differential with respect to the exposure,None of the above,No,Objective,Yes,,,,Not reported or unknown,No,Not reported or unknown,No,Objective,No,Yes,Yes,Non-random,No,,"This type of objective measurement does not usually require validation (e.g., surgical intervention)",No,,,,,,,,,,,,,,,,,"No, I do not wish to recuse myself.",Causal
STUDY-0634,Descriptive,1,1,1,>=50%,,,,,,,,,,,,,,,,,,,,,,,,,,,,,,,No,Yes,Cross-sectional,Random error,,Not reported or unknown,No,Subjective,Yes,,No,Non-random,"Yes, the authors conducted content/face validity or cited the content/face validity from other studies",,,"No, I do not wish to recuse myself.",Descriptive
STUDY-0037,Causal,0,1,0,>=50%,No,Regression,No,No,Based on statistical criteria,Dependent,Cross-sectional,Non-differential with respect to the outcome,Differential with respect to the exposure,Selection bias;Measurement bias,No,Objective,No,,,,,No,No,No,Objective,No,Yes,Yes,Non-random,No,,"This type of objective measurement does not usually require validation (e.g., surgical intervention)","Yes, the authors conducted content/face validity or cited the content/face validity from other studies",,,,,,,,,,,,,,,,,"No, I do not wish to recuse myself.",Causal
STUDY-1021,Descriptive,1,1,1,>=50%,,,,,,,,,,,,,,,,,,,,,,,,,,,,,,No,No,Yes,Cross-sectional,Random error,,No,No,Objective,Yes,Yes,Yes,Non-random,No,,,"No, I do not wish to recuse myself.",Descriptive
STUDY-0268,Causal,1,0,1,>=50%,,"Regression;Instrumental variable analysis besides randomization (difference-in-difference, regression discontinuity design, and interrupted time series)",No baseline selection bias from investigator,,Based on previous literature,Independent,"Quasi-experimental (including instrumental variables, difference-in-difference, regression discontinuity design, and interrupted time series)",Non-differential with respect to the outcome,Non-differential with respect to the exposure,Measurement bias;Confounding bias,No,Objective,Yes,,,,Not reported or unknown,No,No,No,Subjective,No,,,Whole population was invited (no sample was taken),No,skipped,"Yes, the authors conducted content/face validity or cited the content/face validity from other studies","Yes, the authors conducted criterion validity or cited the criterion validity from other studies",,,,,,,,,,,,,,,,,"No, I do not wish to recuse myself.",Causal
STUDY-0449,Predictive,1,0,1,<50%,,,,,,,,,,,,,,,,,,,,,,,,,,,,,,,,,,,,,,,,,,,,Diagnostic,No,"No, I do not wish to recuse myself.",Predictive
STUDY-0943,Descriptive,1,1,1,>=50%,,,,,,,,,,,,,,,,,,,,,,,,,,,,,,,No,No,Cross-sectional,Selection bias;Measurement bias,,Not reported or unknown,No,Subjective,No,,No,Random,No,,,"No, I do not wish to recuse myself.",Descriptive
STUDY-0760,Descriptive,1,1,1,>=50%,,,,,,,,,,,,,,,,,,,,,,,,,,,,,,,No,Yes,Cross-sectional,Selection bias,No,Yes,No,Subjective,Yes,,No,Non-random,"Yes, the authors conducted content/face validity or cited the content/face validity from other studies",,,"No, I do not wish to recuse myself.",Descriptive
STUDY-0549,Causal,0,0,0,<50%,No,Regression,No,No,Based on none of the above,Independent,Cross-sectional,Non-differential with respect to the outcome,Non-differential with respect to the exposure,Measurement bias;Confounding bias,No,Objective,No,,No,,,Not reported or unknown,Yes,No,Objective,No,Yes,Yes,Non-random,No,,"Yes, the authors conducted criterion validity or cited the criterion validity from other studies","Yes, the authors conducted content/face validity or cited the content/face validity from other studies",,,,,,,,,,,,,,,,,"No, I do not wish to recuse myself.",Causal
STUDY-0161,Causal,1,1,1,>=50%,,Regression,No,No,Based on statistical criteria,Dependent,Cross-sectional,Differential with respect to the outcome,Differential with respect to the exposure,Selection bias;Measurement bias,No,Subjective,No,,,,,No,No,No,Objective,Yes,,No,Non-random,No,,"Yes, the authors conducted content/face validity or cited the content/face validity from other studies","Yes, the authors conducted content/face validity or cited the content/face validity from other studies",,,,,,,,,,,,,,,,,"No, I do not wish to recuse myself.",Causal
STUDY-0064,Causal,1,1,1,>=50%,,No adjustment for baseline confounding was done,No,No,No adjustment for baseline and time-varying confounding was done,Independent,Cohort (including clinical trials without randomization),Non-differential with respect to the outcome,Differential with respect to the exposure,Random error,No,Objective,Yes,,,,No,No,No,No,Objective,Yes,,No,Non-random,No,,"This type of objective measurement does not usually require validation (e.g., surgical intervention)",No,,,,,,,,,,,,,,,,,"No, I do not wish to recuse myself.",Causal
STUDY-0952,Descriptive,1,1,1,>=50%,,,,,,,,,,,,,,,,,,,,,,,,,,,,,,Yes,No,Yes,Cross-sectional,Measurement bias,,Not reported or unknown,No,Objective,Yes,Yes,Yes,Non-random,"Yes, the authors conducted content/face validity or cited the content/face validity from other studies",,,"No, I do not wish to recuse myself.",Descriptive
STUDY-0471,Causal,0,0,0,<50%,,No adjustment for baseline confounding was done,No,No,No adjustment for baseline and time-varying confounding was done,Independent,Pre/post,Non-differential with respect to the outcome,Non-differential with respect to the exposure,None of the above,No,Objective,No,,,,,Not reported or unknown,Not reported or unknown,No,Subjective,No,,No,Non-random,No,,"This type of objective measurement does not usually require validation (e.g., surgical intervention)",No,,,,,,,,,,,,,,,,,"No, I do not wish to recuse myself.",Causal
STUDY-0135,Causal,1,1,1,>=50%,,No adjustment for baseline confounding was done,No,No,No adjustment for baseline and time-varying confounding was done,Independent,Cross-sectional,Non-differential with respect to the outcome,Non-differential with respect to the exposure,None of the above,No,Subjective,No,,,,,No,Not reported or unknown,No,Objective,Yes,,No,Non-random,No,,No,"Yes, the authors conducted content/face validity or cited the content/face validity from other studies",,,,,,,,,,,,,,,,,"No, I do not wish to recuse myself.",Causal
STUDY-0963,Causal,1,0,1,>=50%,,Randomization,No,No,No adjustment for baseline and time-varying confounding was done,Independent,Randomized clinical trial (including all types of randomized experiments),Non-differential with respect to the outcome,Non-differential with respect to the exposure,Random error,No,Objective,Yes,,,,Not reported or unknown,No,Not reported or unknown,No,Objective,Yes,,No,Non-random,No,skipped,"This type of objective measurement does not usually require validation (e.g., surgical intervention)",No,,,,,,,,,,,,,,,,,"No, I do not wish to recuse myself.",Causal
STUDY-0892,Predictive,1,1,1,>=50%,,,,,,,,,,,,,,,,,,,,,,,,,,,,,,,,,,,,,,,,,,,,Diagnostic,Yes,"No, I do not wish to recuse myself.",Predictive
STUDY-0494,Causal,1,1,1,>=50%,Yes,Randomization,No,No,No adjustment for baseline and time-varying confounding was done,Independent,Randomized clinical trial (including all types of randomized experiments),Non-differential with respect to the outcome,Non-differential with respect to the exposure,None of the above,No,Objective,Yes,,,,No,No,No,No,Objective,Yes,Yes,Yes,Non-random,No,,"This type of objective measurement does not usually require validation (e.g., surgical intervention)","Yes, the authors conducted content/face validity or cited the content/face validity from other studies",,,,,,,,,,,,,,,,,"No, I do not wish to recuse myself.",Causal
STUDY-0577,Causal,1,0,1,>=50%,Yes,Randomization,No baseline selection bias from investigator,,No adjustment for baseline and time-varying confounding was done,Independent,Randomized clinical trial (including all types of randomized experiments),Non-differential with respect to the outcome,Non-differential with respect to the exposure,Selection bias;Measurement bias,No,Objective,Yes,,"Yes, single imputation with last value carried forward",,No,No,Yes,No,Objective,Yes,Yes,Yes,Random,No,,No,No,,,,,,,,,,,,,,,,,"No, I do not wish to recuse myself.",Causal
STUDY-0598,Causal,1,1,1,>=50%,No,Regression,No,No,Based on none of the above,Dependent,Cross-sectional,Differential with respect to the outcome,Differential with respect to the exposure,None of the above,No,Objective,No,,,,,No,No,No,Objective,Yes,No,Yes,Non-random,No,,"This type of objective measurement does not usually require validation (e.g., surgical intervention)","Yes, the authors conducted content/face validity or cited the content/face validity from other studies",,,,,,,,,,,,,,,,,"No, I do not wish to recuse myself.",Causal
STUDY-0093,Causal,1,1,1,>=50%,,Regression,No baseline selection bias from investigator,,Based on none of the above,Independent,Cross-sectional,Non-differential with respect to the outcome,Differential with respect to the exposure,Measurement bias;Confounding bias,No,Objective,Yes,,,,Not reported or unknown,No,Not reported or unknown,No,Objective,Yes,,,Whole population was invited (no sample was taken),No,,"This type of objective measurement does not usually require validation (e.g., surgical intervention)","Yes, the authors conducted content/face validity or cited the content/face validity from other studies",,,,,,,,,,,,,,,,,"No, I do not wish to recuse myself.",Causal
STUDY-0006,Causal,1,1,1,>=50%,,No adjustment for baseline confounding was done,No,No,No adjustment for baseline and time-varying confounding was done,Dependent,Pre/post,Non-differential with respect to the outcome,Differential with respect to the exposure,Measurement bias,No,Objective,Yes,,,,Not reported or unknown,No,No,No,Objective,Yes,,No,Non-random,No,,"Yes, the authors conducted content/face validity or cited the content/face validity from other studies",No,,,,,,,,,,,,,,,,,"No, I do not wish to recuse myself.",Causal
STUDY-0386,Predictive,1,0,1,>=50%,,,,,,,,,,,,,,,,,,,,,,,,,,,,,,,,,,,,,,,,,,,,Diagnostic,No,"No, I do not wish to recuse myself.",Predictive
STUDY-0698,Causal,0,0,0,<50%,,No adjustment for baseline confounding was done,No,No,No adjustment for baseline and time-varying confounding was done,Dependent,Cross-sectional,Non-differential with respect to the outcome,Differential with respect to the exposure,Random error;Measurement bias,No,Objective,No,,,,,No,No,No,Objective,No,,No,Non-random,No,,"This type of objective measurement does not usually require validation (e.g., surgical intervention)","Yes, the authors conducted content/face validity or cited the content/face validity from other studies",,,,,,,,,,,,,,,,,"No, I do not wish to recuse myself.",Causal
STUDY-0603,Causal,1,1,1,>=50%,Yes,No adjustment for baseline confounding was done,No,No,No adjustment for baseline and time-varying confounding was done,Independent,Cross-sectional,Non-differential with respect to the outcome,Non-differential with respect to the exposure,Confounding bias,No,Objective,No,,,,,No,No,No,Objective,Yes,Yes,Yes,Non-random,No,,"Yes, the authors conducted criterion validity or cited the criterion validity from other studies","Yes, the authors conducted content/face validity or cited the content/face validity from other studies",,,,,,,,,,,,,,,,,"No, I do not wish to recuse myself.",Causal
STUDY-1001,Causal,1,1,1,>=50%,,Regression,No,No,Based on statistical criteria,Dependent,Cross-sectional,Non-differential with respect to the outcome,Non-differential with respect to the exposure,None of the above,No,Objective,No,,,,,No,No,No,Subjective,Yes,,No,Non-random,No,,"This type of objective measurement does not usually require validation (e.g., surgical intervention)","Yes, the authors conducted content/face validity or cited the content/face validity from other studies",,,,,,,,,,,,,,,,,"No, I do not wish to recuse myself.",Causal
STUDY-0423,Causal,0,0,0,<50%,,No adjustment for baseline confounding was done,No,No,No adjustment for baseline and time-varying confounding was done,Dependent,Cross-sectional,Differential with respect to the outcome,Non-differential with respect to the exposure,None of the above,No,Objective,No,,,,,No,Not reported or unknown,No,Subjective,Yes,,No,Non-random,No,,"This type of objective measurement does not usually require validation (e.g., surgical intervention)","Yes, the authors conducted content/face validity or cited the content/face validity from other studies",,,,,,,,,,,,,,,,,"No, I do not wish to recuse myself.",Causal
STUDY-0086,Descriptive,0,0,0,<50%,,,,,,,,,,,,,,,,,,,,,,,,,,,,,,,No,Yes,Cross-sectional,None of the above,,No,No,Objective,No,,No,Non-random,"Yes, the authors conducted criterion validity or cited the criterion validity from other studies",,,"No, I do not wish to recuse myself.",Descriptive
STUDY-0207,Causal,1,1,1,>=50%,,Regression,No,No,Based on previous literature,Independent,Ecological,Non-differential with respect to the outcome,Differential with respect to the exposure,None of the above,No,Objective,No,,,,,Not reported or unknown,Not reported or unknown,No,Objective,Yes,,No,Non-random,No,,No,No,,,,,,,,,,,,,,,,,"No, I do not wish to recuse myself.",Causal
STUDY-0810,Predictive,0,0,0,<50%,,,,,,,,,,,,,,,,,,,,,,,,,,,,,,,,,,,,,,,,,,,,Prognostic,No,"No, I do not wish to recuse myself.",Predictive
STUDY-0109,Causal,1,1,1,>=50%,No,No adjustment for baseline confounding was done,No,No,No adjustment for baseline and time-varying confounding was done,Dependent,Cross-sectional,Differential with respect to the outcome,Differential with respect to the exposure,Measurement bias;Confounding bias,No,Objective,No,,,,,Not reported or unknown,Not reported or unknown,No,Subjective,Yes,Yes,Yes,Non-random,No,,"This type of objective measurement does not usually require validation (e.g., surgical intervention)","Yes, the authors conducted content/face validity or cited the content/face validity from other studies",,,,,,,,,,,,,,,,,"No, I do not wish to recuse myself.",Causal
STUDY-1016,Descriptive,1,1,1,>=50%,,,,,,,,,,,,,,,,,,,,,,,,,,,,,,,No baseline selection bias from investigator,No,Cross-sectional,Measurement bias;Missing data,,Not reported or unknown,No,Objective,Yes,,,Whole population was invited (no sample was taken),"Yes, the authors conducted content/face validity or cited the content/face validity from other studies",,,"No, I do not wish to recuse myself.",Descriptive
STUDY-0473,Descriptive,1,1,1,>=50%,,,,,,,,,,,,,,,,,,,,,,,,,,,,,,Yes,No,Yes,Cross-sectional,Selection bias,,No,No,Objective,Yes,Yes,Yes,Non-random,"Yes, the authors conducted content/face validity or cited the content/face validity from other studies",,,"No, I do not wish to recuse myself.",Descriptive
STUDY-0295,Causal,1,1,1,>=50%,No,Regression,No,No,Based on none of the above,Independent,Cross-sectional,Non-differential with respect to the outcome,Differential with respect to the exposure,Selection bias;Measurement bias,No,Objective,No,No,No,,,Yes,Yes,No,Subjective,Yes,Yes,Yes,Random,No,,"This type of objective measurement does not usually require validation (e.g., surgical intervention)","Yes, the authors conducted content/face validity or cited the content/face validity from other studies",,,,,,,,,,,,,,,,,"No, I do not wish to recuse myself.",Causal
STUDY-0516,Causal,1,1,1,>=50%,,Regression;Matching;Propensity score,No baseline selection bias from investigator,,Based on none of the above,Dependent,Cohort (including clinical trials without randomization),Non-differential with respect to the outcome,Differential with respect to the exposure,Random error,No,Objective,Yes,,,,No,No,No,No,Objective,Yes,,,Whole population was invited (no sample was taken),No,,No,"This type of objective measurement does not usually require validation (e.g., surgical intervention)",,,,,,,,,,,,,,,,,"No, I do not wish to recuse myself.",Causal
STUDY-0803,Descriptive,1,0,0,<50%,,,,,,,,,,,,,,,,,,,,,,,,,,,,,,,No baseline selection bias from investigator,No,Cohort,None of the above,,No,No,Objective,No,,,Whole population was invited (no sample was taken),"Yes, the authors conducted content/face validity or cited the content/face validity from other studies",,,"No, I do not wish to recuse myself.",Descriptive
STUDY-0307,Causal,0,0,0,<50%,Yes,Randomization,No baseline selection bias from investigator,,No adjustment for baseline and time-varying confounding was done,Independent,Randomized clinical trial (including all types of randomized experiments),Non-differential with respect to the outcome,Non-differential with respect to the exposure,Random error;Selection bias;Measurement bias,No,Objective,Yes,,,,No,No,No,No,Objective,No,Yes,Yes,Random,No,,"This type of objective measurement does not usually require validation (e.g., surgical intervention)","Yes, the authors conducted content/face validity or cited the content/face validity from other studies",,,,,,,,,,,,,,,,,"No, I do not wish to recuse myself.",Causal
STUDY-0560,Descriptive,1,1,1,>=50%,,,,,,,,,,,,,,,,,,,,,,,,,,,,,,skipped,No,Yes,Cross-sectional,Selection bias;Measurement bias,,Not reported or unknown,No,Objective,Yes,skipped,skipped,Whole population was invited (no sample was taken),"Yes, the authors conducted content/face validity or cited the content/face validity from other studies",,,"No, I do not wish to recuse myself.",Descriptive
STUDY-0132,Causal,1,1,1,>=50%,,No adjustment for baseline confounding was done,No baseline selection bias from investigator,,No adjustment for baseline and time-varying confounding was done,Dependent,Cohort (including clinical trials without randomization),Non-differential with respect to the outcome,Non-differential with respect to the exposure,Measurement bias;Missing data,No,Objective,Yes,,,,Not reported or unknown,No,No,No,Objective,Yes,,,Whole population was invited (no sample was taken),No,,"This type of objective measurement does not usually require validation (e.g., surgical intervention)","This type of objective measurement does not usually require validation (e.g., surgical intervention)",,,,,,,,,,,,,,,,,"No, I do not wish to recuse myself.",Causal
STUDY-0852,Causal,1,1,1,>=50%,,Regression,No,No,Based on none of the above,Dependent,Cross-sectional,Differential with respect to the outcome,Non-differential with respect to the exposure,Random error,No,Objective,No,,,,,No,No,No,Subjective,Yes,,No,Non-random,No,,"This type of objective measurement does not usually require validation (e.g., surgical intervention)","Yes, the authors conducted criterion validity or cited the criterion validity from other studies",,,,,,,,,,,,,,,,,"No, I do not wish to recuse myself.",Causal
STUDY-0231,Causal,0,0,0,<50%,,No adjustment for baseline confounding was done,No,No,No adjustment for baseline and time-varying confounding was done,Independent,Cross-sectional,Differential with respect to the outcome,Differential with respect to the exposure,Random error;Measurement bias,No,Objective,No,,,,,No,No,No,Objective,No,,No,Non-random,No,,No,"Yes, the authors conducted content/face validity or cited the content/face validity from other studies",,,,,,,,,,,,,,,,,"No, I do not wish to recuse myself.",Causal
STUDY-0595,Causal,1,1,1,>=50%,,Regression,No,No,Based on none of the above,Dependent,Cross-sectional,Non-differential with respect to the outcome,Differential with respect to the exposure,Selection bias;Measurement bias,No,Objective,No,No,No,,,Yes,Yes,No,Objective,Yes,,No,Non-random,No,,No,"Yes, the authors conducted content/face validity or cited the content/face validity from other studies",,,,,,,,,,,,,,,,,"No, I do not wish to recuse myself.",Causal
STUDY-0129,Predictive,0,1,0,>=50%,,,,,,,,,,,,,,,,,,,,,,,,,,,,,,,,,,,,,,,,,,,,Diagnostic,No,"No, I do not wish to recuse myself.",Predictive
STUDY-0834,Causal,0,1,0,<50%,Yes,No adjustment for baseline confounding was done,No,No,No adjustment for baseline and time-varying confounding was done,Independent,Randomized clinical trial (including all types of randomized experiments),Non-differential with respect to the outcome,Non-differential with respect to the exposure,Random error;Selection bias,No,Objective,Yes,,No,,No,No,Yes,No,Objective,No,Yes,Yes,Non-random,No,,"Yes, the authors conducted content/face validity or cited the content/face validity from other studies","Yes, the authors conducted criterion validity or cited the criterion validity from other studies",,,,,,,,,,,,,,,,,"No, I do not wish to recuse myself.",Causal
STUDY-0865,Descriptive,0,1,1,>=50%,,,,,,,,,,,,,,,,,,,,,,,,,,,,,,,No baseline selection bias from investigator,No,Cross-sectional,None of the above,,No,No,Objective,Yes,,,Whole population was invited (no sample was taken),No,,,"No, I do not wish to recuse myself.",Descriptive
STUDY-0339,Descriptive,1,1,1,>=50%,,,,,,,,,,,,,,,,,,,,,,,,,,,,,,,No baseline selection bias from investigator,No,Cohort,None of the above,,No,No,Objective,Yes,,,Whole population was invited (no sample was taken),No,,,"No, I do not wish to recuse myself.",Descriptive
STUDY-0773,Descriptive,0,0,0,<50%,,,,,,,,,,,,,,,,,,,,,,,,,,,,,,No,No,Yes,Cross-sectional,None of the above,,No,No,Objective,No,Yes,Yes,Non-random,"Yes, the authors conducted content/face validity or cited the content/face validity from other studies",,,"No, I do not wish to recuse myself.",Descriptive
STUDY-0744,Causal,0,1,0,<50%,skipped,Regression,No,No,Based on none of the above,Independent,Cross-sectional,Non-differential with respect to the outcome,Non-differential with respect to the exposure,None of the above,No,Objective,No,,,,,Not reported or unknown,Not reported or unknown,No,Objective,No,skipped,No,Non-random,No,,No,"Yes, the authors conducted content/face validity or cited the content/face validity from other studies",,,,,,,,,,,,,,,,,"No, I do not wish to recuse myself.",Causal
STUDY-0475,Causal,1,1,1,>=50%,,Regression,No baseline selection bias from investigator,,Based on none of the above,Independent,Pre/post,Non-differential with respect to the outcome,Non-differential with respect to the exposure,Confounding bias,No,Objective,No,,,,,No,No,No,Objective,Yes,,,Whole population was invited (no sample was taken),No,skipped,"This type of objective measurement does not usually require validation (e.g., surgical intervention)",No,,,,,,,,,,,,,,,,,"No, I do not wish to recuse myself.",Causal
STUDY-0853,Causal,0,0,0,<50%,,Regression,No baseline selection bias from investigator,,Based on previous literature;Based on statistical criteria,Independent,Cohort (including clinical trials without randomization),Non-differential with respect to the outcome,Non-differential with respect to the exposure,Random error;Measurement bias;Confounding bias;Missing data,No,Objective,Yes,"Yes, single imputation with predicted value using regression",,,No,Yes,No,No,Objective,Yes,,,Whole population was invited (no sample was taken),No,,"This type of objective measurement does not usually require validation (e.g., surgical intervention)","This type of objective measurement does not usually require validation (e.g., surgical intervention)",,,,,,,,,,,,,,,,,"No, I do not wish to recuse myself.",Causal
STUDY-0403,Causal,0,0,0,<50%,,Regression,No baseline selection bias from investigator,,Based on none of the above,Independent,Cross-sectional,Non-differential with respect to the outcome,Non-differential with respect to the exposure,Measurement bias;Confounding bias,No,Objective,No,No,No,,,Yes,Yes,No,Objective,No,,,Whole population was invited (no sample was taken),No,,"Yes, the authors conducted content/face validity or cited the content/face validity from other studies","This type of objective measurement does not usually require validation (e.g., surgical intervention)",,,,,,,,,,,,,,,,,"No, I do not wish to recuse myself.",Causal
STUDY-0628,Causal,0,0,0,<50%,,No adjustment for baseline confounding was done,No,No,No adjustment for baseline and time-varying confounding was done,Dependent,Pre/post,Non-differential with respect to the outcome,Differential with respect to the exposure,Measurement bias,No,Objective,Yes,,,,Not reported or unknown,No,Not reported or unknown,No,Objective,Yes,,No,Non-random,No,,No,"Yes, the authors conducted content/face validity or cited the content/face validity from other studies",,,,,,,,,,,,,,,,,"No, I do not wish to recuse myself.",Causal
STUDY-0653,Causal,0,0,0,<50%,No,Regression,No,No,Based on statistical criteria,Independent,Cohort (including clinical trials without randomization),Non-differential with respect to the outcome,Differential with respect to the exposure,Selection bias;Measurement bias;Missing data,No,Objective,Yes,,No,,Not reported or unknown,No,Yes,No,Objective,No,Yes,Yes,Non-random,No,,"This type of objective measurement does not usually require validation (e.g., surgical intervention)","Yes, the authors conducted content/face validity or cited the content/face validity from other studies",,,,,,,,,,,,,,,,,"No, I do not wish to recuse myself.",Causal
STUDY-0005,Causal,0,0,0,<50%,,Regression,No,No,Based on none of the above,Dependent,Cross-sectional,Differential with respect to the outcome,Differential with respect to the exposure,Selection bias,No,Objective,No,No,No,,,Yes,Yes,No,Objective,No,,No,Non-random,No,,No,No,,,,,,,,,,,,,,,,,"No, I do not wish to recuse myself.",Causal
STUDY-0297,Predictive,1,0,1,>=50%,,,,,,,,,,,,,,,,,,,,,,,,,,,,,,,,,,,,,,,,,,,,Diagnostic,Yes,"No, I do not wish to recuse myself.",Predictive
STUDY-0162,Causal,1,1,1,>=50%,,No adjustment for baseline confounding was done,No,No,No adjustment for baseline and time-varying confounding was done,Dependent,Cohort (including clinical trials without randomization),Non-differential with respect to the outcome,Differential with respect to the exposure,Selection bias;Measurement bias,No,Objective,Yes,No,No,No,Yes,Yes,Yes,No,Objective,Yes,,,Whole population was invited (no sample was taken),No,,"This type of objective measurement does not usually require validation (e.g., surgical intervention)","This type of objective measurement does not usually require validation (e.g., surgical intervention)",,,,,,,,,,,,,,,,,"No, I do not wish to recuse myself.",Causal
STUDY-0728,Causal,0,1,1,<50%,No,Regression,No,No,Based on none of the above;Based on statistical criteria,Dependent,Cross-sectional,Differential with respect to the outcome,Non-differential with respect to the exposure,Selection bias;Measurement bias;Confounding bias,No,Objective,No,No,No,,,Yes,Yes,No,Subjective,No,Yes,Yes,Random,No,,No,"Yes, the authors conducted content/face validity or cited the content/face validity from other studies",,,,,,,,,,,,,,,,,"No, I do not wish to recuse myself.",Causal
STUDY-0984,Predictive,1,1,1,>=50%,,,,,,,,,,,,,,,,,,,,,,,,,,,,,,,,,,,,,,,,,,,,Diagnostic,No,"No, I do not wish to recuse myself.",Predictive
STUDY-0590,Causal,1,1,1,>=50%,No,Matching,No,No,Based on none of the above,Independent,Case-control,Non-differential with respect to the outcome,Non-differential with respect to the exposure,None of the above,No,Objective,No,,,,,Not reported or unknown,No,No,Objective,No,Yes,Yes,Non-random,No,,"Yes, the authors conducted criterion validity or cited the criterion validity from other studies","Yes, the authors conducted content/face validity or cited the content/face validity from other studies",,,,,,,,,,,,,,,,,"No, I do not wish to recuse myself.",Causal
STUDY-0440,Descriptive,1,1,1,>=50%,,,,,,,,,,,,,,,,,,,,,,,,,,,,,,,No baseline selection bias from investigator,No,Cross-sectional,None of the above,,Not reported or unknown,No,Objective,Yes,,,Whole population was invited (no sample was taken),No,,,"No, I do not wish to recuse myself.",Descriptive
STUDY-0450,Causal,1,1,1,>=50%,No,No adjustment for baseline confounding was done,No,No,No adjustment for baseline and time-varying confounding was done,Dependent,Cross-sectional,Non-differential with respect to the outcome,Differential with respect to the exposure,None of the above,No,Objective,No,,,,,No,No,No,Subjective,Yes,No,Yes,Non-random,No,,"This type of objective measurement does not usually require validation (e.g., surgical intervention)","Yes, the authors conducted content/face validity or cited the content/face validity from other studies",,,,,,,,,,,,,,,,,"No, I do not wish to recuse myself.",Causal
STUDY-0416,Causal,1,1,1,>=50%,,No adjustment for baseline confounding was done,No,No,No adjustment for baseline and time-varying confounding was done,Independent,Cross-sectional,Non-differential with respect to the outcome,Non-differential with respect to the exposure,None of the above,No,Objective,No,,,,,No,No,No,Objective,Yes,,No,Non-random,No,,"Yes, the authors conducted content/face validity or cited the content/face validity from other studies","Yes, the authors conducted content/face validity or cited the content/face validity from other studies",,,,,,,,,,,,,,,,,"No, I do not wish to recuse myself.",Causal
STUDY-0557,Causal,0,1,0,>=50%,,No adjustment for baseline confounding was done,No,No,No adjustment for baseline and time-varying confounding was done,Independent,Cohort (including clinical trials without randomization),Non-differential with respect to the outcome,Differential with respect to the exposure,Random error;Selection bias;Measurement bias,No,Objective,Yes,,,,Not reported or unknown,Not reported or unknown,Not reported or unknown,No,Subjective,Yes,,No,Non-random,No,,No,"Yes, the authors conducted content/face validity or cited the content/face validity from other studies",,,,,,,,,,,,,,,,,"No, I do not wish to recuse myself.",Causal
STUDY-0373,Predictive,1,0,0,<50%,,,,,,,,,,,,,,,,,,,,,,,,,,,,,,,,,,,,,,,,,,,,Prognostic,No,"No, I do not wish to recuse myself.",Predictive
STUDY-0352,Causal,1,1,1,>=50%,No,Regression,No,No,Based on none of the above,Dependent,Cross-sectional,Non-differential with respect to the outcome,Differential with respect to the exposure,None of the above,No,Objective,No,,,,,No,No,No,Subjective,Yes,Yes,Yes,Non-random,No,,"Yes, the authors conducted content/face validity or cited the content/face validity from other studies","Yes, the authors conducted content/face validity or cited the content/face validity from other studies",,,,,,,,,,,,,,,,,"No, I do not wish to recuse myself.",Causal
STUDY-0382,Predictive,0,0,0,<50%,,,,,,,,,,,,,,,,,,,,,,,,,,,,,,,,,,,,,,,,,,,,Diagnostic,No,"No, I do not wish to recuse myself.",Predictive
STUDY-0468,Descriptive,1,0,1,<50%,,,,,,,,,,,,,,,,,,,,,,,,,,,,,,,No baseline selection bias from investigator,Yes,Cross-sectional,None of the above,,Not reported or unknown,No,Objective,No,,No,Random,"This type of objective measurement does not usually require validation (e.g., surgical intervention)",,,"No, I do not wish to recuse myself.",Descriptive
STUDY-0715,Predictive,1,1,1,>=50%,,,,,,,,,,,,,,,,,,,,,,,,,,,,,,,,,,,,,,,,,,,,Prognostic,Yes,"No, I do not wish to recuse myself.",Predictive
STUDY-0665,Causal,1,1,1,>=50%,,No adjustment for baseline confounding was done,No baseline selection bias from investigator,,No adjustment for baseline and time-varying confounding was done,Independent,Cross-sectional,Non-differential with respect to the outcome,Non-differential with respect to the exposure,Measurement bias,No,Objective,No,No,No,,,Yes,Yes,No,Objective,Yes,,,Whole population was invited (no sample was taken),No,,"Yes, the authors conducted content/face validity or cited the content/face validity from other studies","This type of objective measurement does not usually require validation (e.g., surgical intervention)",,,,,,,,,,,,,,,,,"No, I do not wish to recuse myself.",Causal
STUDY-0988,Causal,1,0,1,>=50%,,No adjustment for baseline confounding was done,No,No,No adjustment for baseline and time-varying confounding was done,Independent,Cohort (including clinical trials without randomization),Non-differential with respect to the outcome,Differential with respect to the exposure,None of the above,No,Objective,Yes,,,,Not reported or unknown,No,No,No,Objective,Yes,,No,Non-random,No,,No,"Yes, the authors conducted content/face validity or cited the content/face validity from other studies",,,,,,,,,,,,,,,,,"No, I do not wish to recuse myself.",Causal
STUDY-0252,Causal,0,1,0,>=50%,No,No adjustment for baseline confounding was done,No,No,No adjustment for baseline and time-varying confounding was done,Independent,Cross-sectional,Non-differential with respect to the outcome,Non-differential with respect to the exposure,Selection bias,No,Objective,No,,,,,No,No,No,Subjective,No,Yes,Yes,Non-random,No,,"This type of objective measurement does not usually require validation (e.g., surgical intervention)","Yes, the authors conducted content/face validity or cited the content/face validity from other studies",,,,,,,,,,,,,,,,,"No, I do not wish to recuse myself.",Causal
STUDY-0986,Causal,0,1,1,>=50%,,No adjustment for baseline confounding was done,No,No,No adjustment for baseline and time-varying confounding was done,Dependent,Cross-sectional,Differential with respect to the outcome,Differential with respect to the exposure,Selection bias,No,Objective,No,,,,,No,No,No,Objective,No,,No,Non-random,No,,"Yes, the authors conducted content/face validity or cited the content/face validity from other studies","Yes, the authors conducted content/face validity or cited the content/face validity from other studies",,,,,,,,,,,,,,,,,"No, I do not wish to recuse myself.",Causal
STUDY-0781,Causal,1,1,1,>=50%,,Randomization,No,No,No adjustment for baseline and time-varying confounding was done,Independent,Randomized clinical trial (including all types of randomized experiments),Non-differential with respect to the outcome,Non-differential with respect to the exposure,Confounding bias,No,Objective,Yes,,,,Not reported or unknown,No,Not reported or unknown,No,Objective,Yes,,No,Non-random,No,,"Yes, the authors conducted content/face validity or cited the content/face validity from other studies","Yes, the authors conducted content/face validity or cited the content/face validity from other studies",,,,,,,,,,,,,,,,,"No, I do not wish to recuse myself.",Causal
STUDY-0360,Causal,1,0,1,>=50%,Yes,No adjustment for baseline confounding was done,No,No,No adjustment for baseline and time-varying confounding was done,Dependent,Cross-sectional,Differential with respect to the outcome,Differential with respect to the exposure,Selection bias;Measurement bias,No,Objective,No,,,,,Not reported or unknown,Not reported or unknown,No,Objective,Yes,Yes,Yes,Non-random,No,,"Yes, the authors conducted content/face validity or cited the content/face validity from other studies","Yes, the authors conducted content/face validity or cited the content/face validity from other studies",,,,,,,,,,,,,,,,,"No, I do not wish to recuse myself.",Causal
STUDY-0199,Predictive,0,1,0,>=50%,,,,,,,,,,,,,,,,,,,,,,,,,,,,,,,,,,,,,,,,,,,,Diagnostic,No,"No, I do not wish to recuse myself.",Predictive
STUDY-1003,Descriptive,1,1,1,>=50%,,,,,,,,,,,,,,,,,,,,,,,,,,,,,,,No,Yes,Cross-sectional,None of the above,,No,No,Objective,Yes,,No,Non-random,"Yes, the authors conducted content/face validity or cited the content/face validity from other studies",,,"No, I do not wish to recuse myself.",Descriptive
STUDY-0062,Causal,0,0,0,<50%,No,Randomization,No,No,No adjustment for baseline and time-varying confounding was done,Independent,Randomized clinical trial (including all types of randomized experiments),Non-differential with respect to the outcome,Non-differential with respect to the exposure,None of the above,No,Objective,Yes,,,,Not reported or unknown,No,No,No,Objective,No,Yes,Yes,Non-random,No,,"This type of objective measurement does not usually require validation (e.g., surgical intervention)","This type of objective measurement does not usually require validation (e.g., surgical intervention)",,,,,,,,,,,,,,,,,"No, I do not wish to recuse myself.",Causal
STUDY-0525,Predictive,0,0,0,<50%,,,,,,,,,,,,,,,,,,,,,,,,,,,,,,,,,,,,,,,,,,,,Diagnostic,No,"No, I do not wish to recuse myself.",Predictive
STUDY-0351,Predictive,1,1,1,>=50%,,,,,,,,,,,,,,,,,,,,,,,,,,,,,,,,,,,,,,,,,,,,Diagnostic,Yes,"No, I do not wish to recuse myself.",Predictive
STUDY-0630,Causal,1,1,1,>=50%,,Regression,No baseline selection bias from investigator,,Based on none of the above,Dependent,Cohort (including clinical trials without randomization),Non-differential with respect to the outcome,Non-differential with respect to the exposure,Selection bias,No,Objective,Yes,,,,Not reported or unknown,No,No,No,Objective,Yes,,,Whole population was invited (no sample was taken),No,skipped,"This type of objective measurement does not usually require validation (e.g., surgical intervention)","This type of objective measurement does not usually require validation (e.g., surgical intervention)",,,,,,,,,,,,,,,,,"No, I do not wish to recuse myself.",Causal
STUDY-0477,Predictive,1,1,1,>=50%,,,,,,,,,,,,,,,,,,,,,,,,,,,,,,,,,,,,,,,,,,,,Prognostic,Yes,"No, I do not wish to recuse myself.",Predictive
STUDY-0335,Causal,1,1,1,>=50%,,No adjustment for baseline confounding was done,No baseline selection bias from investigator,,No adjustment for baseline and time-varying confounding was done,Dependent,Pre/post,Non-differential with respect to the outcome,Non-differential with respect to the exposure,None of the above,No,Objective,Yes,,,,No,No,No,No,Objective,Yes,,,Whole population was invited (no sample was taken),No,,No,"This type of objective measurement does not usually require validation (e.g., surgical intervention)",,,,,,,,,,,,,,,,,"No, I do not wish to recuse myself.",Causal
STUDY-0096,Causal,1,0,1,<50%,,Regression,No,No,Based on statistical criteria,Independent,Cross-sectional,Non-differential with respect to the outcome,Non-differential with respect to the exposure,Random error;Selection bias;Measurement bias;Confounding bias,No,Objective,No,,,,,Not reported or unknown,Not reported or unknown,No,Objective,No,,No,Non-random,No,,"Yes, the authors conducted content/face validity or cited the content/face validity from other studies","Yes, the authors conducted criterion validity or cited the criterion validity from other studies",,,,,,,,,,,,,,,,,"No, I do not wish to recuse myself.",Causal
STUDY-0032,Predictive,1,0,1,<50%,,,,,,,,,,,,,,,,,,,,,,,,,,,,,,,,,,,,,,,,,,,,Diagnostic,No,"No, I do not wish to recuse myself.",Predictive
STUDY-0778,Descriptive,1,1,1,>=50%,,,,,,,,,,,,,,,,,,,,,,,,,,,,,,,No baseline selection bias from investigator,Yes,Cohort,None of the above,,No,No,Objective,Yes,,,Whole population was invited (no sample was taken),"Yes, the authors conducted content/face validity or cited the content/face validity from other studies",,,"No, I do not wish to recuse myself.",Descriptive
STUDY-0878,Causal,1,1,1,>=50%,,Regression,No,No,Based on none of the above,Dependent,Cohort (including clinical trials without randomization),Non-differential with respect to the outcome,Differential with respect to the exposure,Selection bias;Measurement bias;Confounding bias,No,Objective,No,,"Yes, multiple imputation",,skipped,No,Yes,No,Subjective,Yes,,No,Non-random,No,,"This type of objective measurement does not usually require validation (e.g., surgical intervention)","Yes, the authors conducted content/face validity or cited the content/face validity from other studies",,,,,,,,,,,,,,,,,"No, I do not wish to recuse myself.",Causal
STUDY-0864,Descriptive,1,1,1,>=50%,,,,,,,,,,,,,,,,,,,,,,,,,,,,,,,No,Yes,Cross-sectional,Selection bias,No,Yes,No,Objective,Yes,,No,Non-random,"Yes, the authors conducted content/face validity or cited the content/face validity from other studies",,,"No, I do not wish to recuse myself.",Descriptive
STUDY-0902,Descriptive,0,0,0,<50%,,,,,,,,,,,,,,,,,,,,,,,,,,,,,,,No baseline selection bias from investigator,Yes,Cohort,Random error;Selection bias,,Not reported or unknown,No,Objective,No,,No,Random,No,,,"No, I do not wish to recuse myself.",Descriptive
STUDY-0659,Predictive,0,0,0,<50%,,,,,,,,,,,,,,,,,,,,,,,,,,,,,,,,,,,,,,,,,,,,Diagnostic,No,"No, I do not wish to recuse myself.",Predictive
STUDY-0345,Descriptive,1,1,1,>=50%,,,,,,,,,,,,,,,,,,,,,,,,,,,,,,,No baseline selection bias from investigator,Yes,Cohort,None of the above,No,Yes,No,Objective,Yes,,No,Non-random,"This type of objective measurement does not usually require validation (e.g., surgical intervention)",,,"No, I do not wish to recuse myself.",Descriptive
STUDY-0472,Descriptive,1,1,1,>=50%,,,,,,,,,,,,,,,,,,,,,,,,,,,,,,,No,No,Cohort,Selection bias,No,Yes,No,Objective,Yes,,No,Non-random,No,,,"No, I do not wish to recuse myself.",Descriptive
STUDY-0331,Causal,0,1,1,>=50%,,No adjustment for baseline confounding was done,No,No,No adjustment for baseline and time-varying confounding was done,Independent,Cross-sectional,Non-differential with respect to the outcome,Non-differential with respect to the exposure,None of the above,No,Objective,Yes,,,,Not reported or unknown,No,No,No,Objective,No,,No,Non-random,No,,"This type of objective measurement does not usually require validation (e.g., surgical intervention)",No,,,,,,,,,,,,,,,,,"No, I do not wish to recuse myself.",Causal
STUDY-0901,Predictive,1,0,0,>=50%,,,,,,,,,,,,,,,,,,,,,,,,,,,,,,,,,,,,,,,,,,,,Diagnostic,No,"No, I do not wish to recuse myself.",Predictive
STUDY-0476,Causal,1,1,1,>=50%,No,No adjustment for baseline confounding was done,No,No,No adjustment for baseline and time-varying confounding was done,Dependent,Cross-sectional,Differential with respect to the outcome,Differential with respect to the exposure,Random error,No,Subjective,No,No,No,,,Yes,Yes,No,Subjective,Yes,No,Yes,Non-random,No,,"Yes, the authors conducted content/face validity or cited the content/face validity from other studies","Yes, the authors conducted content/face validity or cited the content/face validity from other studies",,,,,,,,,,,,,,,,,"No, I do not wish to recuse myself.",Causal
STUDY-1010,Predictive,0,0,0,<50%,,,,,,,,,,,,,,,,,,,,,,,,,,,,,,,,,,,,,,,,,,,,Diagnostic,No,"No, I do not wish to recuse myself.",Predictive
STUDY-1013,Causal,1,0,0,>=50%,No,No adjustment for baseline confounding was done,No,No,No adjustment for baseline and time-varying confounding was done,Dependent,Cross-sectional,Differential with respect to the outcome,Differential with respect to the exposure,Selection bias;Measurement bias,No,Subjective,No,No,No,,,Yes,Yes,No,Subjective,Yes,Yes,Yes,Non-random,No,,"Yes, the authors conducted content/face validity or cited the content/face validity from other studies","Yes, the authors conducted content/face validity or cited the content/face validity from other studies",,,,,,,,,,,,,,,,,"No, I do not wish to recuse myself.",Causal
STUDY-0137,Predictive,1,1,1,>=50%,,,,,,,,,,,,,,,,,,,,,,,,,,,,,,,,,,,,,,,,,,,,Diagnostic,No,"No, I do not wish to recuse myself.",Predictive
STUDY-0194,Descriptive,1,1,1,>=50%,,,,,,,,,,,,,,,,,,,,,,,,,,,,,,,No,Yes,Cross-sectional,None of the above,No,Yes,No,Objective,Yes,,No,Non-random,"Yes, the authors conducted content/face validity or cited the content/face validity from other studies",,,"No, I do not wish to recuse myself.",Descriptive
STUDY-0736,Causal,1,1,1,>=50%,No,Restriction,No,No,Based on none of the above,Dependent,Cross-sectional,Non-differential with respect to the outcome,Differential with respect to the exposure,Selection bias,No,Objective,No,,,,,No,Not reported or unknown,No,Objective,Yes,Yes,Yes,Non-random,No,,"This type of objective measurement does not usually require validation (e.g., surgical intervention)","Yes, the authors conducted content/face validity or cited the content/face validity from other studies",,,,,,,,,,,,,,,,,"No, I do not wish to recuse myself.",Causal
STUDY-0312,Predictive,1,1,1,>=50%,,,,,,,,,,,,,,,,,,,,,,,,,,,,,,,,,,,,,,,,,,,,Prognostic,Yes,"No, I do not wish to recuse myself.",Predictive
STUDY-0808,Predictive,1,0,1,>=50%,,,,,,,,,,,,,,,,,,,,,,,,,,,,,,,,,,,,,,,,,,,,Diagnostic,No,"No, I do not wish to recuse myself.",Predictive
STUDY-0647,Causal,0,0,0,<50%,,Stratification;Restriction;Regression,No,No,Based on previous literature,Independent,Cohort (including clinical trials without randomization),Non-differential with respect to the outcome,Non-differential with respect to the exposure,Random error;Selection bias;Measurement bias;Confounding bias,No,Objective,Yes,,,,Not reported or unknown,No,No,No,Objective,No,,No,Non-random,No,,"Yes, the authors conducted content/face validity or cited the content/face validity from other studies","This type of objective measurement does not usually require validation (e.g., surgical intervention)",,,,,,,,,,,,,,,,,"No, I do not wish to recuse myself.",Causal
STUDY-0978,Causal,1,0,1,<50%,,No adjustment for baseline confounding was done,No,No,No adjustment for baseline and time-varying confounding was done,Independent,Cross-sectional,Differential with respect to the outcome,Non-differential with respect to the exposure,Confounding bias,No,Objective,No,,,,,No,No,No,Objective,Yes,,No,Non-random,No,,"This type of objective measurement does not usually require validation (e.g., surgical intervention)","Yes, the authors conducted content/face validity or cited the content/face validity from other studies",,,,,,,,,,,,,,,,,"No, I do not wish to recuse myself.",Causal
STUDY-0188,Causal,1,1,1,>=50%,,No adjustment for baseline confounding was done,No,No,No adjustment for baseline and time-varying confounding was done,Independent,Cross-sectional,Non-differential with respect to the outcome,Non-differential with respect to the exposure,Measurement bias;Confounding bias,No,Objective,No,,,,,No,No,No,Objective,Yes,,No,Non-random,No,,"Yes, the authors conducted content/face validity or cited the content/face validity from other studies","Yes, the authors conducted content/face validity or cited the content/face validity from other studies",,,,,,,,,,,,,,,,,"No, I do not wish to recuse myself.",Causal
STUDY-0940,Causal,1,1,1,>=50%,Yes,No adjustment for baseline confounding was done,No,No,No adjustment for baseline and time-varying confounding was done,Dependent,Cross-sectional,Non-differential with respect to the outcome,Differential with respect to the exposure,Measurement bias,No,Objective,No,,,,,No,No,No,Subjective,Yes,Yes,Yes,Random,No,,"This type of objective measurement does not usually require validation (e.g., surgical intervention)","Yes, the authors conducted content/face validity or cited the content/face validity from other studies",,,,,,,,,,,,,,,,,"No, I do not wish to recuse myself.",Causal
STUDY-0936,Predictive,0,1,1,>=50%,,,,,,,,,,,,,,,,,,,,,,,,,,,,,,,,,,,,,,,,,,,,Diagnostic,No,"No, I do not wish to recuse myself.",Predictive
STUDY-0605,Causal,1,1,1,>=50%,,No adjustment for baseline confounding was done,No,No,No adjustment for baseline and time-varying confounding was done,Independent,Pre/post,Non-differential with respect to the outcome,Non-differential with respect to the exposure,None of the above,No,Objective,Yes,,,,Not reported or unknown,No,Not reported or unknown,No,Subjective,Yes,,No,Non-random,No,,"This type of objective measurement does not usually require validation (e.g., surgical intervention)","Yes, the authors conducted content/face validity or cited the content/face validity from other studies",,,,,,,,,,,,,,,,,"No, I do not wish to recuse myself.",Causal
STUDY-0889,Predictive,0,0,0,<50%,,,,,,,,,,,,,,,,,,,,,,,,,,,,,,,,,,,,,,,,,,,,Diagnostic,No,"No, I do not wish to recuse myself.",Predictive
STUDY-0084,Causal,0,0,0,<50%,No,Randomization;Stratification;Regression,No baseline selection bias from investigator,skipped,Based on none of the above,Independent,Randomized clinical trial (including all types of randomized experiments),Non-differential with respect to the outcome,Non-differential with respect to the exposure,Measurement bias,No,Objective,Yes,,No,,Not reported or unknown,No,Yes,No,Objective,Yes,Yes,Yes,Non-random,Yes,Regression,"This type of objective measurement does not usually require validation (e.g., surgical intervention)",No,,,,,,,,,,,,,,,,,"No, I do not wish to recuse myself.",Causal
STUDY-1024,Predictive,0,0,0,<50%,,,,,,,,,,,,,,,,,,,,,,,,,,,,,,,,,,,,,,,,,,,,Diagnostic,No,"No, I do not wish to recuse myself.",Predictive
STUDY-0415,Causal,1,0,1,<50%,,Regression,No,No,Based on none of the above,Dependent,Cross-sectional,Differential with respect to the outcome,Differential with respect to the exposure,None of the above,No,Subjective,No,,,,,Not reported or unknown,Not reported or unknown,No,Objective,No,,No,Non-random,No,,"Yes, the authors conducted content/face validity or cited the content/face validity from other studies","Yes, the authors conducted content/face validity or cited the content/face validity from other studies",,,,,,,,,,,,,,,,,"No, I do not wish to recuse myself.",Causal
STUDY-0426,Causal,1,1,1,>=50%,,No adjustment for baseline confounding was done,No baseline selection bias from investigator,skipped,No adjustment for baseline and time-varying confounding was done,Dependent,Cohort (including clinical trials without randomization),Non-differential with respect to the outcome,Non-differential with respect to the exposure,Random error;Confounding bias,No,Objective,Yes,,skipped,,Not reported or unknown,No,Not reported or unknown,No,Objective,Yes,,,Whole population was invited (no sample was taken),No,skipped,"This type of objective measurement does not usually require validation (e.g., surgical intervention)",No,,,,,,,,,,,,,,,,,"No, I do not wish to recuse myself.",Causal
STUDY-0824,Descriptive,0,0,0,<50%,,,,,,,,,,,,,,,,,,,,,,,,,,,,,,,No,No,Cross-sectional,Measurement bias,,Not reported or unknown,No,Subjective,No,,No,Non-random,No,,,"No, I do not wish to recuse myself.",Descriptive
STUDY-0974,Descriptive,1,0,1,>=50%,,,,,,,,,,,,,,,,,,,,,,,,,,,,,,,No baseline selection bias from investigator,Yes,Cross-sectional,None of the above,,No,No,Objective,Yes,,,Whole population was invited (no sample was taken),"Yes, the authors conducted criterion validity or cited the criterion validity from other studies",,,"No, I do not wish to recuse myself.",Descriptive
STUDY-0422,Predictive,1,1,1,>=50%,,,,,,,,,,,,,,,,,,,,,,,,,,,,,,,,,,,,,,,,,,,,Diagnostic,Yes,"No, I do not wish to recuse myself.",Predictive
STUDY-0679,Causal,1,1,1,>=50%,,No adjustment for baseline confounding was done,No,No,No adjustment for baseline and time-varying confounding was done,Independent,Cohort (including clinical trials without randomization),Non-differential with respect to the outcome,Non-differential with respect to the exposure,Random error;Measurement bias;Confounding bias,No,Objective,No,,,,,No,No,No,Objective,Yes,,No,Non-random,No,,No,"Yes, the authors conducted criterion validity or cited the criterion validity from other studies",,,,,,,,,,,,,,,,,"No, I do not wish to recuse myself.",Causal
STUDY-0115,Causal,1,1,1,>=50%,No,No adjustment for baseline confounding was done,No,No,No adjustment for baseline and time-varying confounding was done,Dependent,Cross-sectional,Non-differential with respect to the outcome,Non-differential with respect to the exposure,Selection bias;Measurement bias,No,Subjective,No,,,,,No,No,No,Objective,Yes,Yes,Yes,Non-random,No,,"Yes, the authors conducted content/face validity or cited the content/face validity from other studies","Yes, the authors conducted content/face validity or cited the content/face validity from other studies",,,,,,,,,,,,,,,,,"No, I do not wish to recuse myself.",Causal
STUDY-0764,Causal,1,1,1,>=50%,Yes,Randomization,No baseline selection bias from investigator,,No adjustment for baseline and time-varying confounding was done,Independent,Randomized clinical trial (including all types of randomized experiments),Non-differential with respect to the outcome,Non-differential with respect to the exposure,Measurement bias,No,Objective,Yes,,No,No,Yes,No,Yes,No,Objective,Yes,Yes,Yes,Random,No,skipped,"This type of objective measurement does not usually require validation (e.g., surgical intervention)","Yes, the authors conducted content/face validity or cited the content/face validity from other studies",,,,,,,,,,,,,,,,,"No, I do not wish to recuse myself.",Causal
STUDY-0931,Predictive,1,0,1,<50%,,,,,,,,,,,,,,,,,,,,,,,,,,,,,,,,,,,,,,,,,,,,Diagnostic,No,"No, I do not wish to recuse myself.",Predictive
STUDY-0677,Causal,1,1,1,>=50%,,No adjustment for baseline confounding was done,No,No,No adjustment for baseline and time-varying confounding was done,Dependent,Cross-sectional,Non-differential with respect to the outcome,Differential with respect to the exposure,None of the above,No,Objective,No,,,,,No,No,No,Objective,Yes,,No,Non-random,No,,"This type of objective measurement does not usually require validation (e.g., surgical intervention)","Yes, the authors conducted content/face validity or cited the content/face validity from other studies",,,,,,,,,,,,,,,,,"No, I do not wish to recuse myself.",Causal
STUDY-0320,Causal,1,1,1,>=50%,Yes,Regression,No baseline selection bias from investigator,,Based on none of the above,Independent,Cross-sectional,Non-differential with respect to the outcome,Non-differential with respect to the exposure,Selection bias;Confounding bias;Missing data,No,Objective,No,,skipped,,,No,No,No,Objective,Yes,Yes,Yes,Random,No,,"This type of objective measurement does not usually require validation (e.g., surgical intervention)",No,,,,,,,,,,,,,,,,,"No, I do not wish to recuse myself.",Causal
STUDY-0110,Predictive,1,0,1,>=50%,,,,,,,,,,,,,,,,,,,,,,,,,,,,,,,,,,,,,,,,,,,,Diagnostic,No,"No, I do not wish to recuse myself.",Predictive
STUDY-0280,Descriptive,1,1,1,>=50%,,,,,,,,,,,,,,,,,,,,,,,,,,,,,,,No baseline selection bias from investigator,Yes,Cohort,Selection bias;Confounding bias;Missing data,,No,No,Objective,Yes,,,Whole population was invited (no sample was taken),No,,,"No, I do not wish to recuse myself.",Descriptive
STUDY-0434,Causal,1,0,1,>=50%,No,No adjustment for baseline confounding was done,No,No,No adjustment for baseline and time-varying confounding was done,Independent,Cross-sectional,Non-differential with respect to the outcome,Non-differential with respect to the exposure,Random error;Confounding bias;Missing data,No,Objective,No,,,,,Not reported or unknown,No,No,Objective,Yes,Yes,Yes,Non-random,No,,"Yes, the authors conducted criterion validity or cited the criterion validity from other studies","Yes, the authors conducted criterion validity or cited the criterion validity from other studies",,,,,,,,,,,,,,,,,"No, I do not wish to recuse myself.",Causal
STUDY-0237,Causal,0,0,0,<50%,,Regression,No,No,Based on none of the above,Independent,Cohort (including clinical trials without randomization),Non-differential with respect to the outcome,Non-differential with respect to the exposure,Selection bias,No,Objective,Yes,No,No,,Not reported or unknown,Yes,Yes,No,Objective,Yes,,No,Non-random,No,,"This type of objective measurement does not usually require validation (e.g., surgical intervention)","This type of objective measurement does not usually require validation (e.g., surgical intervention)",,,,,,,,,,,,,,,,,"No, I do not wish to recuse myself.",Causal
STUDY-0825,Predictive,0,0,0,<50%,,,,,,,,,,,,,,,,,,,,,,,,,,,,,,,,,,,,,,,,,,,,Diagnostic,No,"No, I do not wish to recuse myself.",Predictive
STUDY-0329,Causal,1,1,1,>=50%,,No adjustment for baseline confounding was done,No,No,No adjustment for baseline and time-varying confounding was done,Independent,Cross-sectional,Non-differential with respect to the outcome,Non-differential with respect to the exposure,Selection bias;Measurement bias,No,Objective,No,,,,,No,Not reported or unknown,No,Objective,Yes,,No,Non-random,No,,"This type of objective measurement does not usually require validation (e.g., surgical intervention)","Yes, the authors conducted criterion validity or cited the criterion validity from other studies",,,,,,,,,,,,,,,,,"No, I do not wish to recuse myself.",Causal
STUDY-0101,Predictive,1,0,1,<50%,,,,,,,,,,,,,,,,,,,,,,,,,,,,,,,,,,,,,,,,,,,,Prognostic,No,"No, I do not wish to recuse myself.",Predictive
STUDY-0561,Causal,1,1,1,>=50%,No,Randomization,No baseline selection bias from investigator,,Based on previous literature,Independent,Randomized clinical trial (including all types of randomized experiments),Non-differential with respect to the outcome,Non-differential with respect to the exposure,Random error,No,Objective,Yes,,,,No,No,No,No,Objective,Yes,Yes,Yes,Non-random,No,,"This type of objective measurement does not usually require validation (e.g., surgical intervention)","This type of objective measurement does not usually require validation (e.g., surgical intervention)",,,,,,,,,,,,,,,,,"No, I do not wish to recuse myself.",Causal
STUDY-0130,Descriptive,0,0,0,<50%,,,,,,,,,,,,,,,,,,,,,,,,,,,,,,No,No,No,Cross-sectional,None of the above,,No,No,Objective,Yes,Yes,Yes,Non-random,"Yes, the authors conducted content/face validity or cited the content/face validity from other studies",,,"No, I do not wish to recuse myself.",Descriptive
STUDY-0083,Causal,0,0,0,<50%,,Regression,No,No,Based on none of the above,Independent,Cohort (including clinical trials without randomization),Non-differential with respect to the outcome,Non-differential with respect to the exposure,None of the above,No,Objective,Yes,,,,Not reported or unknown,No,Not reported or unknown,No,Objective,No,,No,Non-random,No,skipped,"This type of objective measurement does not usually require validation (e.g., surgical intervention)",No,,,,,,,,,,,,,,,,,"No, I do not wish to recuse myself.",Causal
STUDY-0633,Causal,0,0,0,<50%,,Regression,No,No,Based on previous literature,Dependent,Cross-sectional,Non-differential with respect to the outcome,Non-differential with respect to the exposure,Selection bias,No,Subjective,No,,,,,No,No,No,Subjective,No,,No,Non-random,No,,"Yes, the authors conducted content/face validity or cited the content/face validity from other studies","Yes, the authors conducted content/face validity or cited the content/face validity from other studies",,,,,,,,,,,,,,,,,"No, I do not wish to recuse myself.",Causal
STUDY-0876,Causal,1,1,1,>=50%,,No adjustment for baseline confounding was done,No,No,No adjustment for baseline and time-varying confounding was done,Dependent,Cross-sectional,Non-differential with respect to the outcome,Non-differential with respect to the exposure,Selection bias;Confounding bias,No,Objective,No,,,,,No,No,No,Subjective,Yes,,No,Random,No,,No,"Yes, the authors conducted content/face validity or cited the content/face validity from other studies",,,,,,,,,,,,,,,,,"No, I do not wish to recuse myself.",Causal
STUDY-0669,Causal,1,0,0,>=50%,Yes,Randomization,No,No,No adjustment for baseline and time-varying confounding was done,Independent,Randomized clinical trial (including all types of randomized experiments),Non-differential with respect to the outcome,Differential with respect to the exposure,Measurement bias,No,Objective,Yes,,No,No,Yes,No,Yes,No,Objective,Yes,No,Yes,Random,No,,"This type of objective measurement does not usually require validation (e.g., surgical intervention)","Yes, the authors conducted criterion validity or cited the criterion validity from other studies",,,,,,,,,,,,,,,,,"No, I do not wish to recuse myself.",Causal
STUDY-0504,Predictive,0,0,1,<50%,,,,,,,,,,,,,,,,,,,,,,,,,,,,,,,,,,,,,,,,,,,,Diagnostic,No,"No, I do not wish to recuse myself.",Predictive
STUDY-0074,Descriptive,1,1,1,>=50%,,,,,,,,,,,,,,,,,,,,,,,,,,,,,,,No baseline selection bias from investigator,Yes,Cohort,Random error;Selection bias,,No,No,Objective,Yes,,,Whole population was invited (no sample was taken),No,,,"No, I do not wish to recuse myself.",Descriptive
STUDY-0055,Descriptive,0,0,0,<50%,,,,,,,,,,,,,,,,,,,,,,,,,,,,,,,No,Yes,Cohort,Selection bias;Measurement bias,,No,No,Objective,No,,No,Non-random,"Yes, the authors conducted criterion validity or cited the criterion validity from other studies",,,"No, I do not wish to recuse myself.",Descriptive
STUDY-0722,Descriptive,1,1,1,>=50%,,,,,,,,,,,,,,,,,,,,,,,,,,,,,,,No,Yes,Cross-sectional,None of the above,,No,No,Subjective,Yes,,No,Non-random,"Yes, the authors conducted content/face validity or cited the content/face validity from other studies",,,"No, I do not wish to recuse myself.",Descriptive
STUDY-0947,Descriptive,1,0,1,>=50%,,,,,,,,,,,,,,,,,,,,,,,,,,,,,,,No,No,Cross-sectional,None of the above,,No,No,Objective,Yes,,No,Non-random,"Yes, the authors conducted criterion validity or cited the criterion validity from other studies",,,"No, I do not wish to recuse myself.",Descriptive
STUDY-0245,Descriptive,1,0,1,>=50%,,,,,,,,,,,,,,,,,,,,,,,,,,,,,,,No,Yes,Cross-sectional,None of the above,,No,No,Objective,Yes,,,Whole population was invited (no sample was taken),No,,,"No, I do not wish to recuse myself.",Descriptive
STUDY-0551,Predictive,1,0,1,>=50%,,,,,,,,,,,,,,,,,,,,,,,,,,,,,,,,,,,,,,,,,,,,Diagnostic,No,"No, I do not wish to recuse myself.",Predictive
STUDY-0379,Causal,1,1,1,>=50%,Yes,No adjustment for baseline confounding was done,No,No,No adjustment for baseline and time-varying confounding was done,Independent,Cross-sectional,Non-differential with respect to the outcome,Non-differential with respect to the exposure,Measurement bias,No,Objective,No,"Yes, single imputation with mean value",,,,Yes,No,No,Objective,Yes,Yes,Yes,Random,No,,"This type of objective measurement does not usually require validation (e.g., surgical intervention)","Yes, the authors conducted criterion validity or cited the criterion validity from other studies",,,,,,,,,,,,,,,,,"No, I do not wish to recuse myself.",Causal
STUDY-0887,Causal,1,1,1,>=50%,,No adjustment for baseline confounding was done,No,No,No adjustment for baseline and time-varying confounding was done,Independent,Cross-sectional,Differential with respect to the outcome,Differential with respect to the exposure,Random error;Selection bias;Measurement bias;Missing data,No,Objective,No,,,,,No,No,No,Objective,Yes,,No,Non-random,No,,"This type of objective measurement does not usually require validation (e.g., surgical intervention)","Yes, the authors conducted content/face validity or cited the content/face validity from other studies",,,,,,,,,,,,,,,,,"No, I do not wish to recuse myself.",Causal
STUDY-0695,Causal,0,0,0,<50%,,Regression,No,No,Based on none of the above,Independent,Cross-sectional,Non-differential with respect to the outcome,Non-differential with respect to the exposure,Measurement bias,No,Objective,No,,,,,Not reported or unknown,Not reported or unknown,No,Objective,No,,No,Non-random,No,,"Yes, the authors conducted criterion validity or cited the criterion validity from other studies","Yes, the authors conducted criterion validity or cited the criterion validity from other studies",,,,,,,,,,,,,,,,,"No, I do not wish to recuse myself.",Causal
STUDY-0762,Causal,0,0,0,<50%,,Regression,No baseline selection bias from investigator,,Based on none of the above,Dependent,Cross-sectional,Non-differential with respect to the outcome,Differential with respect to the exposure,None of the above,No,Objective,No,,,,,No,No,No,Objective,No,,,Whole population was invited (no sample was taken),No,,No,"Yes, the authors conducted content/face validity or cited the content/face validity from other studies",,,,,,,,,,,,,,,,,"No, I do not wish to recuse myself.",Causal
STUDY-0823,Causal,1,1,1,>=50%,,Regression,No,No,Based on statistical criteria,Dependent,Cross-sectional,Non-differential with respect to the outcome,Non-differential with respect to the exposure,None of the above,No,Objective,No,,,,,Not reported or unknown,Not reported or unknown,No,Subjective,Yes,,No,Non-random,No,,"Yes, the authors conducted content/face validity or cited the content/face validity from other studies","Yes, the authors conducted content/face validity or cited the content/face validity from other studies",,,,,,,,,,,,,,,,,"No, I do not wish to recuse myself.",Causal
STUDY-0536,Causal,1,1,1,>=50%,No,Regression,No,No,Based on none of the above,Dependent,Cross-sectional,Non-differential with respect to the outcome,Non-differential with respect to the exposure,None of the above,No,Objective,No,,,,,No,No,No,Subjective,Yes,Yes,Yes,Non-random,No,,"This type of objective measurement does not usually require validation (e.g., surgical intervention)","Yes, the authors conducted criterion validity or cited the criterion validity from other studies",,,,,,,,,,,,,,,,,"No, I do not wish to recuse myself.",Causal
STUDY-0910,Predictive,0,0,1,>=50%,,,,,,,,,,,,,,,,,,,,,,,,,,,,,,,,,,,,,,,,,,,,Diagnostic,No,"No, I do not wish to recuse myself.",Predictive
STUDY-0650,Causal,1,1,1,>=50%,,No adjustment for baseline confounding was done,No,No,No adjustment for baseline and time-varying confounding was done,Independent,Cross-sectional,Non-differential with respect to the outcome,Non-differential with respect to the exposure,Selection bias;Measurement bias,No,Objective,No,,,,,No,Not reported or unknown,No,Subjective,Yes,,,Whole population was invited (no sample was taken),No,,"This type of objective measurement does not usually require validation (e.g., surgical intervention)","Yes, the authors conducted criterion validity or cited the criterion validity from other studies",,,,,,,,,,,,,,,,,"No, I do not wish to recuse myself.",Causal
STUDY-0273,Causal,0,0,0,<50%,No,Regression,No,No,Based on previous literature,Dependent,Cross-sectional,Non-differential with respect to the outcome,Non-differential with respect to the exposure,Selection bias;Measurement bias,No,Subjective,No,No,,,,Yes,Not reported or unknown,No,Objective,Yes,Yes,Yes,Non-random,No,,"Yes, the authors conducted content/face validity or cited the content/face validity from other studies","Yes, the authors conducted content/face validity or cited the content/face validity from other studies",,,,,,,,,,,,,,,,,"No, I do not wish to recuse myself.",Causal
STUDY-0961,Causal,0,1,0,<50%,,No adjustment for baseline confounding was done,No,No,No adjustment for baseline and time-varying confounding was done,Dependent,Cross-sectional,Non-differential with respect to the outcome,Non-differential with respect to the exposure,Measurement bias,No,Objective,No,,,,,No,No,No,Objective,No,,No,Random,No,,No,"Yes, the authors conducted content/face validity or cited the content/face validity from other studies",,,,,,,,,,,,,,,,,"No, I do not wish to recuse myself.",Causal
STUDY-0712,Predictive,1,1,1,>=50%,,,,,,,,,,,,,,,,,,,,,,,,,,,,,,,,,,,,,,,,,,,,Diagnostic,Yes,"No, I do not wish to recuse myself.",Predictive
STUDY-0609,Causal,1,1,1,>=50%,No,No adjustment for baseline confounding was done,No,No,No adjustment for baseline and time-varying confounding was done,Dependent,Cross-sectional,Differential with respect to the outcome,Differential with respect to the exposure,Measurement bias,No,Objective,No,,No,,,No,Yes,No,Objective,Yes,Yes,Yes,Non-random,No,,"Yes, the authors conducted content/face validity or cited the content/face validity from other studies","Yes, the authors conducted content/face validity or cited the content/face validity from other studies",,,,,,,,,,,,,,,,,"No, I do not wish to recuse myself.",Causal
STUDY-0976,Causal,1,1,1,>=50%,,No adjustment for baseline confounding was done,No,No,No adjustment for baseline and time-varying confounding was done,Dependent,Cross-sectional,Non-differential with respect to the outcome,Differential with respect to the exposure,Selection bias,No,Objective,No,,No,,,No,Yes,No,Objective,Yes,,No,Non-random,No,,"This type of objective measurement does not usually require validation (e.g., surgical intervention)","Yes, the authors conducted content/face validity or cited the content/face validity from other studies",,,,,,,,,,,,,,,,,"No, I do not wish to recuse myself.",Causal
STUDY-0282,Causal,0,1,0,<50%,No,Matching,No,No,Based on none of the above,Independent,Case-control,Non-differential with respect to the outcome,Non-differential with respect to the exposure,None of the above,No,Objective,No,,,,,No,No,No,Objective,No,Yes,Yes,Non-random,No,,"This type of objective measurement does not usually require validation (e.g., surgical intervention)","This type of objective measurement does not usually require validation (e.g., surgical intervention)",,,,,,,,,,,,,,,,,"No, I do not wish to recuse myself.",Causal
STUDY-0867,Descriptive,1,1,1,>=50%,,,,,,,,,,,,,,,,,,,,,,,,,,,,,,,No,Yes,Cross-sectional,Random error,,No,No,Objective,Yes,,No,Non-random,"Yes, the authors conducted criterion validity or cited the criterion validity from other studies",,,"No, I do not wish to recuse myself.",Descriptive
STUDY-0794,Descriptive,1,0,0,<50%,,,,,,,,,,,,,,,,,,,,,,,,,,,,,,,No,No,Cross-sectional,None of the above,,No,No,Objective,No,,No,Non-random,"Yes, the authors conducted criterion validity or cited the criterion validity from other studies",,,"No, I do not wish to recuse myself.",Descriptive
STUDY-0031,Predictive,1,0,1,<50%,,,,,,,,,,,,,,,,,,,,,,,,,,,,,,,,,,,,,,,,,,,,Prognostic,No,"No, I do not wish to recuse myself.",Predictive
STUDY-0829,Causal,0,0,1,<50%,No,Randomization,No baseline selection bias from investigator,,Based on statistical criteria,Independent,Randomized clinical trial (including all types of randomized experiments),Non-differential with respect to the outcome,Non-differential with respect to the exposure,None of the above,No,Objective,Yes,,,,No,No,No,No,Objective,No,Yes,Yes,Non-random,No,,"This type of objective measurement does not usually require validation (e.g., surgical intervention)","This type of objective measurement does not usually require validation (e.g., surgical intervention)",,,,,,,,,,,,,,,,,"No, I do not wish to recuse myself.",Causal
STUDY-0875,Descriptive,1,1,1,>=50%,,,,,,,,,,,,,,,,,,,,,,,,,,,,,,No,No,Yes,Cross-sectional,Random error;Selection bias;Measurement bias,,No,No,Objective,No,Yes,Yes,Non-random,"Yes, the authors conducted content/face validity or cited the content/face validity from other studies",,,"No, I do not wish to recuse myself.",Descriptive
STUDY-0443,Causal,0,0,0,<50%,,No adjustment for baseline confounding was done,No,No,No adjustment for baseline and time-varying confounding was done,Independent,Cohort (including clinical trials without randomization),Non-differential with respect to the outcome,Non-differential with respect to the exposure,Random error,No,Objective,Yes,,,,Not reported or unknown,No,No,No,Objective,No,,No,Non-random,No,,No,No,,,,,,,,,,,,,,,,,"No, I do not wish to recuse myself.",Causal
STUDY-0269,Causal,0,0,0,<50%,,Regression,No baseline selection bias from investigator,,Based on previous literature,Independent,Cohort (including clinical trials without randomization),Non-differential with respect to the outcome,Non-differential with respect to the exposure,None of the above,No,Objective,Yes,,,,Not reported or unknown,No,No,No,Objective,No,,,Whole population was invited (no sample was taken),No,,"This type of objective measurement does not usually require validation (e.g., surgical intervention)","This type of objective measurement does not usually require validation (e.g., surgical intervention)",,,,,,,,,,,,,,,,,"No, I do not wish to recuse myself.",Causal
STUDY-0241,Causal,1,1,1,>=50%,,No adjustment for baseline confounding was done,No,No,No adjustment for baseline and time-varying confounding was done,Independent,Cohort (including clinical trials without randomization),Non-differential with respect to the outcome,Non-differential with respect to the exposure,Confounding bias,No,Objective,Yes,,,,Not reported or unknown,Not reported or unknown,Not reported or unknown,No,Objective,Yes,,No,Non-random,No,,"This type of objective measurement does not usually require validation (e.g., surgical intervention)","This type of objective measurement does not usually require validation (e.g., surgical intervention)",,,,,,,,,,,,,,,,,"No, I do not wish to recuse myself.",Causal
STUDY-0336,Causal,1,1,1,>=50%,No,Randomization,No baseline selection bias from investigator,skipped,No adjustment for baseline and time-varying confounding was done,Independent,Randomized clinical trial (including all types of randomized experiments),Non-differential with respect to the outcome,Non-differential with respect to the exposure,None of the above,No,Objective,Yes,,,,No,No,No,No,Objective,No,Yes,Yes,Non-random,No,,"This type of objective measurement does not usually require validation (e.g., surgical intervention)","Yes, the authors conducted content/face validity or cited the content/face validity from other studies",,,,,,,,,,,,,,,,,"No, I do not wish to recuse myself.",Causal
STUDY-0812,Causal,1,1,1,>=50%,No,No adjustment for baseline confounding was done,No,No,No adjustment for baseline and time-varying confounding was done,Independent,Cross-sectional,Non-differential with respect to the outcome,Non-differential with respect to the exposure,None of the above,No,Objective,No,,,,,No,No,No,Objective,Yes,Yes,Yes,Non-random,No,,"This type of objective measurement does not usually require validation (e.g., surgical intervention)","Yes, the authors conducted content/face validity or cited the content/face validity from other studies",,,,,,,,,,,,,,,,,"No, I do not wish to recuse myself.",Causal
STUDY-0567,Causal,0,0,0,<50%,,Randomization,No,No,No adjustment for baseline and time-varying confounding was done,Independent,Randomized clinical trial (including all types of randomized experiments),Non-differential with respect to the outcome,Non-differential with respect to the exposure,Random error,No,Objective,Yes,,,,Not reported or unknown,Not reported or unknown,Not reported or unknown,No,Subjective,No,,,Whole population was invited (no sample was taken),No,skipped,"This type of objective measurement does not usually require validation (e.g., surgical intervention)",No,,,,,,,,,,,,,,,,,"No, I do not wish to recuse myself.",Causal
STUDY-0232,Descriptive,0,0,0,<50%,,,,,,,,,,,,,,,,,,,,,,,,,,,,,,,No baseline selection bias from investigator,Yes,Cohort,Random error;Measurement bias,,No,No,Objective,No,,,Whole population was invited (no sample was taken),"This type of objective measurement does not usually require validation (e.g., surgical intervention)",,,"No, I do not wish to recuse myself.",Descriptive
STUDY-0125,Predictive,0,0,1,<50%,,,,,,,,,,,,,,,,,,,,,,,,,,,,,,,,,,,,,,,,,,,,Prognostic,No,"No, I do not wish to recuse myself.",Predictive
STUDY-0648,Descriptive,1,1,1,>=50%,,,,,,,,,,,,,,,,,,,,,,,,,,,,,,,No,Yes,Cross-sectional,Random error;Selection bias;Measurement bias,,Not reported or unknown,No,Subjective,Yes,,No,Non-random,No,,,"No, I do not wish to recuse myself.",Descriptive
STUDY-0656,Causal,1,1,1,>=50%,No,Regression,No,No,Based on change of estimate,Dependent,Cross-sectional,Differential with respect to the outcome,Differential with respect to the exposure,Measurement bias,No,Subjective,No,,,,,No,No,No,Objective,Yes,Yes,Yes,Non-random,No,,"Yes, the authors conducted content/face validity or cited the content/face validity from other studies","This type of objective measurement does not usually require validation (e.g., surgical intervention)",,,,,,,,,,,,,,,,,"No, I do not wish to recuse myself.",Causal
STUDY-0185,Descriptive,0,0,0,<50%,,,,,,,,,,,,,,,,,,,,,,,,,,,,,,,No,Yes,Cross-sectional,Selection bias;Measurement bias,,Not reported or unknown,No,Objective,No,,No,Non-random,No,,,"No, I do not wish to recuse myself.",Descriptive
STUDY-0991,Causal,1,1,1,>=50%,No,No adjustment for baseline confounding was done,No,No,No adjustment for baseline and time-varying confounding was done,Independent,Case-control,Differential with respect to the outcome,Differential with respect to the exposure,None of the above,No,Objective,No,,,,,No,No,No,Objective,Yes,No,Yes,Non-random,No,,"Yes, the authors conducted criterion validity or cited the criterion validity from other studies","Yes, the authors conducted content/face validity or cited the content/face validity from other studies",,,,,,,,,,,,,,,,,"No, I do not wish to recuse myself.",Causal
STUDY-0065,Predictive,1,0,1,<50%,,,,,,,,,,,,,,,,,,,,,,,,,,,,,,,,,,,,,,,,,,,,Diagnostic,Yes,"No, I do not wish to recuse myself.",Predictive
STUDY-0047,Descriptive,1,1,1,>=50%,,,,,,,,,,,,,,,,,,,,,,,,,,,,,,,No,Yes,Cross-sectional,None of the above,,No,No,Objective,Yes,,No,Non-random,"This type of objective measurement does not usually require validation (e.g., surgical intervention)",,,"No, I do not wish to recuse myself.",Descriptive
STUDY-0457,Predictive,0,0,0,<50%,,,,,,,,,,,,,,,,,,,,,,,,,,,,,,,,,,,,,,,,,,,,Diagnostic,No,"No, I do not wish to recuse myself.",Predictive
STUDY-0186,Descriptive,1,1,1,>=50%,,,,,,,,,,,,,,,,,,,,,,,,,,,,,,Yes,No,Yes,Cross-sectional,Selection bias;Measurement bias,,No,No,Subjective,Yes,Yes,Yes,Non-random,"Yes, the authors conducted content/face validity or cited the content/face validity from other studies",,,"No, I do not wish to recuse myself.",Descriptive
STUDY-0713,Causal,0,0,0,<50%,Yes,Regression,No,No,Based on none of the above,Independent,Cross-sectional,Non-differential with respect to the outcome,Non-differential with respect to the exposure,Selection bias,No,Objective,No,,,,,No,Not reported or unknown,No,Subjective,Yes,Yes,Yes,Non-random,No,,"Yes, the authors conducted content/face validity or cited the content/face validity from other studies","Yes, the authors conducted criterion validity or cited the criterion validity from other studies",,,,,,,,,,,,,,,,,"No, I do not wish to recuse myself.",Causal
STUDY-0710,Causal,0,1,0,<50%,,Randomization,No,No,No adjustment for baseline and time-varying confounding was done,Independent,Randomized clinical trial (including all types of randomized experiments),Non-differential with respect to the outcome,Differential with respect to the exposure,Random error,No,Objective,Yes,,,,No,No,No,No,Objective,No,,No,Non-random,No,,"This type of objective measurement does not usually require validation (e.g., surgical intervention)","Yes, the authors conducted content/face validity or cited the content/face validity from other studies",,,,,,,,,,,,,,,,,"No, I do not wish to recuse myself.",Causal
STUDY-0520,Descriptive,1,1,1,>=50%,,,,,,,,,,,,,,,,,,,,,,,,,,,,,,,No baseline selection bias from investigator,Yes,Cross-sectional,None of the above,,No,No,Objective,Yes,,No,Non-random,"Yes, the authors conducted criterion validity or cited the criterion validity from other studies",,,"No, I do not wish to recuse myself.",Descriptive
STUDY-0156,Descriptive,1,1,1,>=50%,,,,,,,,,,,,,,,,,,,,,,,,,,,,,,,No,No,Cross-sectional,None of the above,,No,No,Subjective,Yes,,No,Non-random,"Yes, the authors conducted content/face validity or cited the content/face validity from other studies",,,"No, I do not wish to recuse myself.",Descriptive
STUDY-0944,Descriptive,1,0,1,>=50%,,,,,,,,,,,,,,,,,,,,,,,,,,,,,,,No,Yes,Cross-sectional,None of the above,,No,No,Objective,No,,No,Random,"Yes, the authors conducted content/face validity or cited the content/face validity from other studies",,,"No, I do not wish to recuse myself.",Descriptive
STUDY-0305,Causal,1,1,1,>=50%,No,Regression,No,No,Based on previous literature,Dependent,Cross-sectional,Differential with respect to the outcome,Differential with respect to the exposure,None of the above,No,Subjective,No,No,No,,,Yes,Yes,No,Objective,Yes,Yes,Yes,Random,No,,"Yes, the authors conducted content/face validity or cited the content/face validity from other studies","Yes, the authors conducted criterion validity or cited the criterion validity from other studies",,,,,,,,,,,,,,,,,"No, I do not wish to recuse myself.",Causal
STUDY-0676,Causal,1,1,1,>=50%,,No adjustment for baseline confounding was done,No,No,No adjustment for baseline and time-varying confounding was done,Dependent,Cohort (including clinical trials without randomization),Differential with respect to the outcome,Differential with respect to the exposure,None of the above,No,Objective,No,,,,,Not reported or unknown,No,No,Objective,Yes,,No,Non-random,No,,"Yes, the authors conducted content/face validity or cited the content/face validity from other studies",No,,,,,,,,,,,,,,,,,"No, I do not wish to recuse myself.",Causal
STUDY-0927,Causal,1,1,1,>=50%,Yes,No adjustment for baseline confounding was done,No,No,No adjustment for baseline and time-varying confounding was done,Dependent,Cross-sectional,Differential with respect to the outcome,Differential with respect to the exposure,Selection bias;Measurement bias,No,Objective,No,,,,,No,No,No,Objective,Yes,Yes,Yes,Non-random,No,,"Yes, the authors conducted content/face validity or cited the content/face validity from other studies","Yes, the authors conducted content/face validity or cited the content/face validity from other studies",,,,,,,,,,,,,,,,,"No, I do not wish to recuse myself.",Causal
STUDY-0906,Causal,1,1,1,>=50%,,Regression,No baseline selection bias from investigator,skipped,Based on statistical criteria,Independent,Cohort (including clinical trials without randomization),Non-differential with respect to the outcome,Differential with respect to the exposure,Measurement bias,No,Objective,Yes,,,,Not reported or unknown,No,Not reported or unknown,No,Objective,Yes,,,Whole population was invited (no sample was taken),No,,"This type of objective measurement does not usually require validation (e.g., surgical intervention)",No,,,,,,,,,,,,,,,,,"No, I do not wish to recuse myself.",Causal
STUDY-0883,Predictive,1,1,1,>=50%,,,,,,,,,,,,,,,,,,,,,,,,,,,,,,,,,,,,,,,,,,,,Prognostic,Yes,"No, I do not wish to recuse myself.",Predictive
STUDY-0501,Causal,1,0,1,>=50%,No,Regression,No,No,Based on previous literature,Dependent,Cross-sectional,Differential with respect to the outcome,Differential with respect to the exposure,Selection bias,No,Objective,No,,skipped,,,No,No,No,Subjective,Yes,Yes,Yes,Non-random,No,,"Yes, the authors conducted content/face validity or cited the content/face validity from other studies","Yes, the authors conducted content/face validity or cited the content/face validity from other studies",,,,,,,,,,,,,,,,,"No, I do not wish to recuse myself.",Causal
STUDY-0868,Causal,1,0,0,<50%,,Stratification;Regression,No baseline selection bias from investigator,,Based on Directed Acyclic Graphs (DAGs)/subject matter expertise,Independent,Ecological,Non-differential with respect to the outcome,Non-differential with respect to the exposure,Measurement bias;Confounding bias,No,Objective,No,No,No,,,Yes,Yes,No,Objective,No,,,Whole population was invited (no sample was taken),No,,"Yes, the authors conducted content/face validity or cited the content/face validity from other studies",No,,,,,,,,,,,,,,,,,"No, I do not wish to recuse myself.",Causal
STUDY-0183,Causal,1,1,1,>=50%,No,Regression,No,No,Based on Directed Acyclic Graphs (DAGs)/subject matter expertise,Dependent,Cross-sectional,Differential with respect to the outcome,Differential with respect to the exposure,Selection bias;Measurement bias,No,Objective,No,,,,,No,No,No,Subjective,Yes,Yes,Yes,Non-random,No,,"Yes, the authors conducted content/face validity or cited the content/face validity from other studies","Yes, the authors conducted content/face validity or cited the content/face validity from other studies",,,,,,,,,,,,,,,,,"No, I do not wish to recuse myself.",Causal
STUDY-0053,Descriptive,0,1,1,<50%,,,,,,,,,,,,,,,,,,,,,,,,,,,,,,,No,No,Cross-sectional,None of the above,,Not reported or unknown,No,Objective,No,,No,Non-random,"Yes, the authors conducted criterion validity or cited the criterion validity from other studies",,,"No, I do not wish to recuse myself.",Descriptive
STUDY-0981,Causal,0,0,0,<50%,,Regression,No,No,Based on none of the above,Independent,Cross-sectional,Non-differential with respect to the outcome,Non-differential with respect to the exposure,Random error;Selection bias;Measurement bias;Confounding bias;Missing data,No,Objective,No,,No,,,No,Yes,No,Objective,No,,No,Non-random,No,,"This type of objective measurement does not usually require validation (e.g., surgical intervention)","Yes, the authors conducted content/face validity or cited the content/face validity from other studies",,,,,,,,,,,,,,,,,"No, I do not wish to recuse myself.",Causal
STUDY-0102,Predictive,0,0,0,<50%,,,,,,,,,,,,,,,,,,,,,,,,,,,,,,,,,,,,,,,,,,,,Diagnostic,No,"No, I do not wish to recuse myself.",Predictive
STUDY-0596,Predictive,0,0,0,<50%,,,,,,,,,,,,,,,,,,,,,,,,,,,,,,,,,,,,,,,,,,,,Diagnostic,No,"No, I do not wish to recuse myself.",Predictive
STUDY-0831,Causal,1,1,1,>=50%,,No adjustment for baseline confounding was done,No baseline selection bias from investigator,skipped,No adjustment for baseline and time-varying confounding was done,Dependent,Cross-sectional,Non-differential with respect to the outcome,Non-differential with respect to the exposure,None of the above,No,Objective,No,,,,,No,No,No,Objective,Yes,,skipped,Whole population was invited (no sample was taken),No,,No,No,,,,,,,,,,,,,,,,,"No, I do not wish to recuse myself.",Causal
STUDY-0856,Predictive,0,0,0,<50%,,,,,,,,,,,,,,,,,,,,,,,,,,,,,,,,,,,,,,,,,,,,Diagnostic,No,"No, I do not wish to recuse myself.",Predictive
STUDY-0519,Causal,1,1,1,>=50%,No,Regression,No,No,Based on none of the above,Dependent,Case-control,Non-differential with respect to the outcome,Non-differential with respect to the exposure,Confounding bias,No,Objective,No,,,,,No,No,No,Objective,Yes,Yes,Yes,Random,No,,No,"Yes, the authors conducted criterion validity or cited the criterion validity from other studies",,,,,,,,,,,,,,,,,"No, I do not wish to recuse myself.",Causal
STUDY-0017,Causal,0,0,0,<50%,,Stratification;Matching;Regression,No,No,Based on none of the above,Independent,Case-control,Differential with respect to the outcome,Non-differential with respect to the exposure,Measurement bias,No,Subjective,No,No,skipped,,,Yes,Not reported or unknown,No,Objective,Yes,,No,Non-random,No,,"Yes, the authors conducted content/face validity or cited the content/face validity from other studies","Yes, the authors conducted content/face validity or cited the content/face validity from other studies",,,,,,,,,,,,,,,,,"No, I do not wish to recuse myself.",Causal
STUDY-0621,Causal,1,1,1,>=50%,skipped,Regression,No,No,Based on Directed Acyclic Graphs (DAGs)/subject matter expertise;Based on previous literature,Dependent,Cross-sectional,Non-differential with respect to the outcome,Differential with respect to the exposure,None of the above,No,Objective,No,,,,,Not reported or unknown,Not reported or unknown,No,Objective,Yes,skipped,skipped,Whole population was invited (no sample was taken),No,,"Yes, the authors conducted criterion validity or cited the criterion validity from other studies","Yes, the authors conducted criterion validity or cited the criterion validity from other studies",,,,,,,,,,,,,,,,,"No, I do not wish to recuse myself.",Causal
STUDY-0905,Descriptive,1,0,1,>=50%,,,,,,,,,,,,,,,,,,,,,,,,,,,,,,No,No,Yes,Cross-sectional,Measurement bias,No,Yes,No,Objective,Yes,Yes,Yes,Non-random,"Yes, the authors conducted content/face validity or cited the content/face validity from other studies",,,"No, I do not wish to recuse myself.",Descriptive
STUDY-0143,Descriptive,1,1,1,>=50%,,,,,,,,,,,,,,,,,,,,,,,,,,,,,,,No baseline selection bias from investigator,No,Cohort,Selection bias;Measurement bias,,No,No,Objective,Yes,,,Whole population was invited (no sample was taken),No,,,"No, I do not wish to recuse myself.",Descriptive
STUDY-0644,Causal,0,0,0,<50%,,Stratification;Regression,No,No,Based on Directed Acyclic Graphs (DAGs)/subject matter expertise;Based on previous literature;Based on statistical criteria,Independent,Cohort (including clinical trials without randomization),Non-differential with respect to the outcome,Non-differential with respect to the exposure,Measurement bias;Confounding bias,No,Objective,Yes,,No,,Not reported or unknown,No,Yes,No,Objective,Yes,,No,Non-random,No,,"Yes, the authors conducted content/face validity or cited the content/face validity from other studies",No,,,,,,,,,,,,,,,,,"No, I do not wish to recuse myself.",Causal
STUDY-0441,Descriptive,1,1,1,>=50%,,,,,,,,,,,,,,,,,,,,,,,,,,,,,,,No,Yes,Cross-sectional,Selection bias;Measurement bias,,Not reported or unknown,No,Objective,Yes,,No,Non-random,"Yes, the authors conducted content/face validity or cited the content/face validity from other studies",,,"No, I do not wish to recuse myself.",Descriptive
STUDY-0030,Causal,1,1,1,>=50%,,Regression,No baseline selection bias from investigator,,Based on none of the above,Independent,Ecological,Non-differential with respect to the outcome,Non-differential with respect to the exposure,None of the above,No,Objective,No,,,,,Not reported or unknown,Not reported or unknown,No,Objective,No,,,Whole population was invited (no sample was taken),No,,"Yes, the authors conducted content/face validity or cited the content/face validity from other studies",No,,,,,,,,,,,,,,,,,"No, I do not wish to recuse myself.",Causal
STUDY-0807,Causal,0,0,0,<50%,,No adjustment for baseline confounding was done,No,No,No adjustment for baseline and time-varying confounding was done,Independent,Cohort (including clinical trials without randomization),Non-differential with respect to the outcome,Differential with respect to the exposure,None of the above,No,Objective,Yes,No,,,Not reported or unknown,Yes,Not reported or unknown,No,Objective,No,,No,Non-random,No,,"Yes, the authors conducted criterion validity or cited the criterion validity from other studies","Yes, the authors conducted criterion validity or cited the criterion validity from other studies",,,,,,,,,,,,,,,,,"No, I do not wish to recuse myself.",Causal
STUDY-0371,Causal,1,1,1,>=50%,,No adjustment for baseline confounding was done,No,No,No adjustment for baseline and time-varying confounding was done,Dependent,Cross-sectional,Non-differential with respect to the outcome,Non-differential with respect to the exposure,Random error;Measurement bias,No,Objective,No,,,,,No,Not reported or unknown,No,Objective,Yes,,No,Non-random,No,,No,No,,,,,,,,,,,,,,,,,"No, I do not wish to recuse myself.",Causal
STUDY-0911,Causal,0,1,0,<50%,No,No adjustment for baseline confounding was done,No,No,No adjustment for baseline and time-varying confounding was done,Independent,Case-control,Non-differential with respect to the outcome,Non-differential with respect to the exposure,None of the above,No,Objective,No,,,,,No,No,No,Objective,No,Yes,Yes,Non-random,No,,"Yes, the authors conducted criterion validity or cited the criterion validity from other studies","Yes, the authors conducted criterion validity or cited the criterion validity from other studies",,,,,,,,,,,,,,,,,"No, I do not wish to recuse myself.",Causal
STUDY-0430,Causal,1,0,0,<50%,,No adjustment for baseline confounding was done,No,No,No adjustment for baseline and time-varying confounding was done,Dependent,Cross-sectional,Differential with respect to the outcome,Differential with respect to the exposure,Random error;Selection bias;Measurement bias,No,Objective,No,,No,,,No,Yes,No,Subjective,No,,No,Non-random,No,,No,"Yes, the authors conducted content/face validity or cited the content/face validity from other studies",,,,,,,,,,,,,,,,,"No, I do not wish to recuse myself.",Causal
STUDY-0968,Causal,1,0,1,<50%,,Stratification;Regression,No,No,Based on none of the above,Independent,Cross-sectional,Non-differential with respect to the outcome,Non-differential with respect to the exposure,Selection bias;Measurement bias,No,Objective,No,,,,,No,No,No,Objective,No,,,Whole population was invited (no sample was taken),No,,No,"Yes, the authors conducted criterion validity or cited the criterion validity from other studies",,,,,,,,,,,,,,,,,"No, I do not wish to recuse myself.",Causal
STUDY-0919,Causal,0,1,0,<50%,,Regression,No,No,Based on none of the above,Dependent,Cross-sectional,Non-differential with respect to the outcome,Non-differential with respect to the exposure,None of the above,No,Subjective,No,,,,,Not reported or unknown,Not reported or unknown,No,Objective,No,,No,Random,No,,No,No,,,,,,,,,,,,,,,,,"No, I do not wish to recuse myself.",Causal
STUDY-0460,Causal,1,1,1,>=50%,,No adjustment for baseline confounding was done,No,No,No adjustment for baseline and time-varying confounding was done,Independent,Case-control,Non-differential with respect to the outcome,Non-differential with respect to the exposure,None of the above,No,Objective,No,,,,,Not reported or unknown,No,No,Objective,Yes,,No,Non-random,No,,"Yes, the authors conducted criterion validity or cited the criterion validity from other studies","Yes, the authors conducted criterion validity or cited the criterion validity from other studies",,,,,,,,,,,,,,,,,"No, I do not wish to recuse myself.",Causal
STUDY-0617,Descriptive,0,0,0,<50%,,,,,,,,,,,,,,,,,,,,,,,,,,,,,,,No baseline selection bias from investigator,Yes,Cohort,None of the above,,Not reported or unknown,No,Objective,No,,,Whole population was invited (no sample was taken),"This type of objective measurement does not usually require validation (e.g., surgical intervention)",,,"No, I do not wish to recuse myself.",Descriptive
STUDY-0847,Predictive,1,1,1,>=50%,,,,,,,,,,,,,,,,,,,,,,,,,,,,,,,,,,,,,,,,,,,,Diagnostic,Yes,"No, I do not wish to recuse myself.",Predictive
STUDY-0674,Causal,1,1,1,>=50%,,Regression,No baseline selection bias from investigator,,Based on statistical criteria,Dependent,Cohort (including clinical trials without randomization),Non-differential with respect to the outcome,Differential with respect to the exposure,Random error;Measurement bias,No,Objective,Yes,,,,Not reported or unknown,No,Not reported or unknown,No,Objective,Yes,,,Whole population was invited (no sample was taken),No,skipped,"This type of objective measurement does not usually require validation (e.g., surgical intervention)","This type of objective measurement does not usually require validation (e.g., surgical intervention)",,,,,,,,,,,,,,,,,"No, I do not wish to recuse myself.",Causal
STUDY-0299,Causal,0,0,0,<50%,,No adjustment for baseline confounding was done,No,No,No adjustment for baseline and time-varying confounding was done,Independent,Pre/post,Non-differential with respect to the outcome,Non-differential with respect to the outcome,Selection bias;Missing data,No,Objective,Yes,,No,Yes,Yes,No,Yes,No,Objective,No,,No,Non-random,No,,"This type of objective measurement does not usually require validation (e.g., surgical intervention)","Yes, the authors conducted criterion validity or cited the criterion validity from other studies",,,,,,,,,,,,,,,,,"No, I do not wish to recuse myself.",Causal
STUDY-0271,Predictive,1,0,1,<50%,,,,,,,,,,,,,,,,,,,,,,,,,,,,,,,,,,,,,,,,,,,,Diagnostic,No,"No, I do not wish to recuse myself.",Predictive
STUDY-0580,Descriptive,1,1,1,>=50%,,,,,,,,,,,,,,,,,,,,,,,,,,,,,,Yes,No,Yes,Cross-sectional,Selection bias,,Not reported or unknown,No,Subjective,Yes,Yes,Yes,Non-random,"Yes, the authors conducted content/face validity or cited the content/face validity from other studies",,,"No, I do not wish to recuse myself.",Descriptive
STUDY-0425,Causal,1,0,0,>=50%,,No adjustment for baseline confounding was done,No,No,No adjustment for baseline and time-varying confounding was done,Dependent,Cross-sectional,Non-differential with respect to the outcome,Differential with respect to the exposure,Measurement bias,No,Objective,No,,,,,No,No,No,Objective,Yes,,No,Random,No,,No,"Yes, the authors conducted content/face validity or cited the content/face validity from other studies",,,,,,,,,,,,,,,,,"No, I do not wish to recuse myself.",Causal
STUDY-0982,Predictive,1,1,1,>=50%,,,,,,,,,,,,,,,,,,,,,,,,,,,,,,,,,,,,,,,,,,,,Diagnostic,Yes,"No, I do not wish to recuse myself.",Predictive
STUDY-0783,Causal,1,0,0,>=50%,Yes,Randomization,No baseline selection bias from investigator,,Based on none of the above,Independent,Randomized clinical trial (including all types of randomized experiments),Non-differential with respect to the outcome,Non-differential with respect to the exposure,None of the above,No,Objective,Yes,,No,,No,No,Yes,No,Objective,Yes,Yes,Yes,Non-random,No,,"This type of objective measurement does not usually require validation (e.g., surgical intervention)","This type of objective measurement does not usually require validation (e.g., surgical intervention)",,,,,,,,,,,,,,,,,"No, I do not wish to recuse myself.",Causal
STUDY-0466,Causal,1,1,1,>=50%,,Regression,No,No,Based on none of the above,Independent,Cross-sectional,Differential with respect to the outcome,Differential with respect to the exposure,Confounding bias,No,Subjective,No,,,,,No,No,No,Objective,Yes,,No,Random,No,,"Yes, the authors conducted content/face validity or cited the content/face validity from other studies","Yes, the authors conducted criterion validity or cited the criterion validity from other studies",,,,,,,,,,,,,,,,,"No, I do not wish to recuse myself.",Causal
STUDY-0228,Predictive,0,0,0,<50%,,,,,,,,,,,,,,,,,,,,,,,,,,,,,,,,,,,,,,,,,,,,Diagnostic,No,"No, I do not wish to recuse myself.",Predictive
STUDY-0708,Predictive,0,1,0,<50%,,,,,,,,,,,,,,,,,,,,,,,,,,,,,,,,,,,,,,,,,,,,Prognostic,No,"No, I do not wish to recuse myself.",Predictive
STUDY-0380,Causal,1,1,1,>=50%,,Regression,No baseline selection bias from investigator,,Based on none of the above,Independent,Cohort (including clinical trials without randomization),Non-differential with respect to the outcome,Differential with respect to the exposure,Measurement bias,No,Objective,Yes,,,,No,No,No,No,Objective,Yes,,,Whole population was invited (no sample was taken),No,,"Yes, the authors conducted content/face validity or cited the content/face validity from other studies",No,,,,,,,,,,,,,,,,,"No, I do not wish to recuse myself.",Causal
STUDY-0893,Predictive,0,0,0,<50%,,,,,,,,,,,,,,,,,,,,,,,,,,,,,,,,,,,,,,,,,,,,Prognostic,No,"No, I do not wish to recuse myself.",Predictive
STUDY-0196,Causal,0,0,0,<50%,,Stratification,No,No,Based on none of the above,Independent,Cohort (including clinical trials without randomization),Non-differential with respect to the outcome,Differential with respect to the exposure,Random error;Measurement bias,No,Objective,Yes,,,,No,No,No,No,Objective,No,,No,Non-random,No,,"This type of objective measurement does not usually require validation (e.g., surgical intervention)","Yes, the authors conducted content/face validity or cited the content/face validity from other studies",,,,,,,,,,,,,,,,,"No, I do not wish to recuse myself.",Causal
STUDY-0437,Causal,1,1,1,>=50%,,Randomization,No baseline selection bias from investigator,,Based on none of the above,Independent,Randomized clinical trial (including all types of randomized experiments),Non-differential with respect to the outcome,Non-differential with respect to the exposure,Random error,No,Objective,Yes,,,,Not reported or unknown,Not reported or unknown,Not reported or unknown,No,Objective,Yes,,No,Non-random,No,,"Yes, the authors conducted content/face validity or cited the content/face validity from other studies","Yes, the authors conducted criterion validity or cited the criterion validity from other studies",,,,,,,,,,,,,,,,,"No, I do not wish to recuse myself.",Causal
STUDY-0566,Causal,1,1,1,>=50%,No,Regression,No,No,Based on statistical criteria,Dependent,Cross-sectional,Non-differential with respect to the outcome,Differential with respect to the exposure,None of the above,No,Objective,No,,,,,No,No,No,Objective,Yes,Yes,Yes,Non-random,No,,"This type of objective measurement does not usually require validation (e.g., surgical intervention)",No,,,,,,,,,,,,,,,,,"No, I do not wish to recuse myself.",Causal
STUDY-0928,Descriptive,0,0,0,<50%,,,,,,,,,,,,,,,,,,,,,,,,,,,,,,Yes,No,Yes,Cross-sectional,None of the above,,No,No,Objective,No,Yes,Yes,Non-random,"Yes, the authors conducted content/face validity or cited the content/face validity from other studies",,,"No, I do not wish to recuse myself.",Descriptive
STUDY-0099,Predictive,0,0,0,<50%,,,,,,,,,,,,,,,,,,,,,,,,,,,,,,,,,,,,,,,,,,,,Diagnostic,No,"No, I do not wish to recuse myself.",Predictive
STUDY-0202,Causal,1,1,1,>=50%,No,Regression,No,No,Based on statistical criteria,Independent,Cross-sectional,Non-differential with respect to the outcome,Non-differential with respect to the exposure,Measurement bias,No,Objective,Yes,,,,Not reported or unknown,No,No,No,Objective,Yes,No,Yes,Non-random,No,,"Yes, the authors conducted criterion validity or cited the criterion validity from other studies","Yes, the authors conducted criterion validity or cited the criterion validity from other studies",,,,,,,,,,,,,,,,,"No, I do not wish to recuse myself.",Causal
STUDY-0019,Causal,1,0,1,>=50%,,No adjustment for baseline confounding was done,No,No,No adjustment for baseline and time-varying confounding was done,Independent,Pre/post,Non-differential with respect to the outcome,Non-differential with respect to the exposure,Random error,No,Objective,Yes,No,No,No,Yes,Yes,Yes,No,Objective,Yes,,No,Non-random,No,,"This type of objective measurement does not usually require validation (e.g., surgical intervention)","Yes, the authors conducted content/face validity or cited the content/face validity from other studies",,,,,,,,,,,,,,,,,"No, I do not wish to recuse myself.",Causal
STUDY-0100,Causal,1,1,1,>=50%,No,Regression,No,No,Based on none of the above,Dependent,Cross-sectional,Non-differential with respect to the outcome,Differential with respect to the exposure,Selection bias;Measurement bias,No,Objective,No,No,No,,,Yes,Yes,No,Objective,Yes,Yes,Yes,Random,No,,"This type of objective measurement does not usually require validation (e.g., surgical intervention)","Yes, the authors conducted content/face validity or cited the content/face validity from other studies",,,,,,,,,,,,,,,,,"No, I do not wish to recuse myself.",Causal
